gene,weight,im_median_drop,null_p95,perm_p,n_im_detected,n_loo_pass,retained,note
HSP90AA1,0.6011682152748108,0.24170355322158155,0.19622651197681104,0.009950248756218905,6,6,True,
HSP90AB1,0.5615530610084534,0.1884241153969072,0.17728840658936226,0.03482587064676617,6,6,True,
RPS8,0.3849571943283081,0.16292986883942445,0.13993858958530359,0.009950248756218905,6,6,True,
RPS4X,0.44411738713582327,0.15714599626276748,0.14847738840890984,0.04975124378109453,6,6,True,
RPL21,0.4286116361618042,0.1509765329024248,0.13864216055232656,0.03482587064676617,6,6,True,
RPL23,0.5498611330986025,0.14043074677164422,0.12544831876760928,0.03482587064676617,6,6,True,
RPL11,0.3204707304636636,0.1356807016815751,0.13203108370427116,0.04975124378109453,6,6,True,
RPL32,0.3176450729370117,0.13264435029687816,0.12631561127763435,0.04975124378109453,6,6,True,
RPL26,0.3288619120915728,0.12906455357052576,0.11835647334983791,0.03482587064676617,6,6,True,
RPL30,0.29108401139577245,0.12742498011151226,0.11617760848025749,0.03980099502487562,6,6,True,
RPS20,0.5283276438713072,0.12463880338710798,0.11397732663277506,0.03980099502487562,6,6,True,
RPL34,0.33326133092244437,0.11925649039136779,0.10828941146679025,0.03980099502487562,6,6,True,
RPL36,0.29607343673706055,0.10528796901553389,0.1030802497698009,0.04975124378109453,6,6,True,
RPL24,0.2742040554682412,0.09428237800758987,0.0821853577194258,0.029850746268656716,6,6,True,
RPL14,0.27447303136189793,0.09394731967891669,0.0886312767548382,0.03980099502487562,6,6,True,
H3F3A,0.22382454077402736,0.0745833070313279,0.06596274460545576,0.04477611940298507,6,6,True,
RPL31,0.3200492858886719,0.07348099742289882,0.07045067478941373,0.04477611940298507,6,6,True,
HNRNPA1,0.29212929805119847,0.06025459720138646,0.052397503351379826,0.029850746268656716,6,6,True,
PPDPF,0.278823693593343,0.056743726127110095,0.051373448406116615,0.03482587064676617,6,6,True,
PFDN5,0.2632026274998982,0.056637714280898525,0.05530231719695172,0.04975124378109453,6,6,True,
HSPH1,0.3231024692455927,0.05073736008196242,0.04820675033096362,0.04975124378109453,6,6,True,
SET,0.28691775600115466,0.04413203807756713,0.039192965047481744,0.04477611940298507,6,6,True,
SRRM2,0.2265538970629375,0.03923708279543697,0.03399405911366135,0.03980099502487562,6,6,True,
NAP1L1,0.39805774887402845,0.03376126241210969,0.026716117690625665,0.014925373134328358,6,6,True,
EIF4A2,0.18389343221982313,0.03265077380002554,0.029112574187977268,0.029850746268656716,6,6,True,
DDX17,0.25287883480389906,0.030303522280829935,0.026038089959123784,0.014925373134328358,6,6,True,
MARCKS,0.2611732979615531,0.027937869666768787,0.023283465819330103,0.014925373134328358,6,6,True,
GTF2I,0.271302193403244,0.026786706509266983,0.02302950705245858,0.029850746268656716,6,6,True,
CLU,0.42667528986930847,0.025359375272705254,0.023338632817138456,0.024875621890547265,6,6,True,
NOP53,0.2043568193912506,0.024577496122671405,0.02314194600584512,0.03482587064676617,6,6,True,
SRSF11,0.22970093290011084,0.023911677322394104,0.018637634201937245,0.014925373134328358,6,6,True,
PTMS,0.23155499498049414,0.021820408697187668,0.019564575837339875,0.03482587064676617,6,6,True,
WSB1,0.23673876126607252,0.021613321254720035,0.01938862585248935,0.024875621890547265,6,6,True,
NPDC1,0.369883139928182,0.020975071787523076,0.017423221961007807,0.01990049751243781,6,6,True,
FOXP1,0.24537690480550134,0.020434184835537245,0.018419699586911815,0.03482587064676617,6,6,True,
EIF5,0.15799164772033691,0.01981134388555134,0.016575894602422096,0.03482587064676617,6,6,True,
EIF1AX,0.21049633622169495,0.019554546804830916,0.018823878109472218,0.04477611940298507,6,6,True,
SNU13,0.1762414425611496,0.01930179069218266,0.017753064926275076,0.03482587064676617,6,6,True,
LUC7L3,0.2272224028905233,0.018335104447701242,0.015457178780341451,0.024875621890547265,6,6,True,
EID1,0.2596493661403656,0.01830994247614063,0.017755068432038106,0.01990049751243781,6,6,True,
CIRBP,0.2209011813004812,0.018267952498452693,0.017378822617171302,0.04477611940298507,6,6,True,
RBM25,0.16980382800102234,0.01802769364084595,0.01734984564663975,0.04477611940298507,6,6,True,
BPTF,0.22593099872271227,0.01728730480802885,0.013482225254433494,0.009950248756218905,6,6,True,
SRRM1,0.1624469359715779,0.01675140247609916,0.016190820477305065,0.04477611940298507,6,6,True,
PHPT1,0.17352721095085144,0.016498349547075332,0.015743632970600035,0.04975124378109453,6,6,True,
CCNI,0.163515160481135,0.015983470487120045,0.014821817755010791,0.04975124378109453,6,6,True,
ASH1L,0.16340545316537225,0.015871744959122656,0.01508840551802262,0.04975124378109453,6,6,True,
WDR83OS,0.16141466796398163,0.01580149890237912,0.013994612375744587,0.01990049751243781,6,6,True,
CSDE1,0.16289068261782325,0.014353625230845718,0.014002847312000445,0.04477611940298507,6,6,True,
SF1,0.13000500202178955,0.014307294508274906,0.011537017983153932,0.014925373134328358,6,6,True,
NENF,0.21271291375160212,0.013673748262820602,0.01170481591427143,0.024875621890547265,6,6,True,
IRF2BP2,0.17287151018778485,0.013362152548849381,0.01136295111000231,0.03482587064676617,6,6,True,
KMT2A,0.15407682458559674,0.011548434846566622,0.010432905201137837,0.03980099502487562,6,6,True,
H1FX,0.1388955066601435,0.01154355118621242,0.010568944842040677,0.029850746268656716,6,6,True,
IDS,0.1984731952349345,0.010754779843901063,0.010621981143400346,0.04975124378109453,6,6,True,
TSTD1,0.17023267348607385,0.01065616062729123,0.009544047296197237,0.01990049751243781,6,6,True,
RPP21,0.1686685134967168,0.010610136285920545,0.008568558691336686,0.029850746268656716,6,6,True,
BRK1,0.1350083202123642,0.009993768561649387,0.008848017537699369,0.03482587064676617,6,6,True,
ARID4B,0.1337447464466095,0.00974418781637727,0.008097026897103503,0.024875621890547265,6,6,True,
BDP1,0.13715407749017078,0.009649434200566326,0.008933009451551321,0.04477611940298507,6,6,True,
KRT10,0.14552370707194018,0.009495452193703739,0.008725055914143649,0.03482587064676617,6,6,True,
SRSF10,0.09888523320357012,0.009382697855734104,0.008533113684743819,0.04477611940298507,6,6,True,
SH3YL1,0.1850697596867879,0.00929728245216289,0.008591255271631511,0.04477611940298507,6,6,True,
ANAPC16,0.10470477739969886,0.008770165330043534,0.008721342381501792,0.04477611940298507,6,6,True,
KMT2C,0.15624803304672247,0.008585973785313472,0.007880333173756592,0.04975124378109453,6,6,True,
NME3,0.15008509655793506,0.008462610182562204,0.007988700895086099,0.04477611940298507,6,6,True,
PUM1,0.1333638578653335,0.008429234278071062,0.007587530460217263,0.03980099502487562,6,6,True,
DHX36,0.13286442557970685,0.008216625463349279,0.006317797636628913,0.01990049751243781,6,6,True,
NONO,0.12764788170655567,0.008109348590686558,0.006804709931152551,0.014925373134328358,6,6,True,
TTC3,0.16987009843190515,0.008049363195559139,0.007591860293827477,0.04477611940298507,6,6,True,
RHEB,0.13588606814543402,0.00802335063884661,0.005656822000238231,0.03482587064676617,6,6,True,
NSD3,0.0949489871660868,0.007829417406490449,0.007156732695104522,0.03980099502487562,6,6,True,
STMN1,0.13498029112815862,0.007673871612812272,0.006912528002526226,0.03980099502487562,6,6,True,
WAC,0.1204060316085816,0.00739339369926962,0.006799867689108971,0.03980099502487562,6,6,True,
RSF1,0.11299437781174981,0.007009742876175279,0.006896380315404571,0.04477611940298507,6,6,True,
NKTR,0.09460188448429108,0.006979147374755014,0.0064210113311945205,0.03980099502487562,6,6,True,
BBX,0.16384948293368023,0.006764844229617771,0.005008799179397942,0.014925373134328358,6,6,True,
TRIM44,0.12918124099572498,0.006735476578896586,0.005843575166978019,0.03980099502487562,6,6,True,
RANBP2,0.12930542727311456,0.006585387175768816,0.005943010882517634,0.03482587064676617,6,6,True,
NFIC,0.20352113743623101,0.006386033637223072,0.0060180471890193534,0.014925373134328358,6,6,True,
CCDC85B,0.10403382281462353,0.006328892307955308,0.005199411038329518,0.029850746268656716,6,6,True,
MAP3K13,0.09728174904982251,0.006304520744889082,0.005832670601474506,0.04975124378109453,6,6,True,
PRKAR1A,0.1384560416142146,0.006158645698187198,0.005229615736336105,0.01990049751243781,6,6,True,
ATP13A3,0.18039781103531516,0.006114932062213262,0.005110557384743535,0.03482587064676617,6,6,True,
RNPS1,0.08373145262400311,0.005929674768423678,0.005660235044799006,0.04477611940298507,6,6,True,
YTHDC1,0.08582114676634467,0.0059198088546835986,0.005396178569985461,0.03482587064676617,6,6,True,
PHIP,0.10087401668230694,0.0057270079314231444,0.005180085710882779,0.03482587064676617,6,6,True,
ZBTB20,0.13978153963883722,0.005650339573709069,0.0046689437221510395,0.014925373134328358,5,6,True,
SEZ6L2,0.19866364697615305,0.005326026677392475,0.004724227609998856,0.024875621890547265,6,6,True,
CKB,0.21998727073272067,0.005303741767574413,0.004677885084707403,0.024875621890547265,6,6,True,
PRRC2B,0.11039359370867408,0.005272091746154944,0.0047733507374008105,0.03482587064676617,6,6,True,
CARHSP1,0.07868319998184836,0.005240124619645027,0.004833510456161526,0.029850746268656716,6,6,True,
EMC10,0.10763533910115558,0.005188257122535601,0.004761388540421845,0.01990049751243781,6,6,True,
EIF1B,0.09800192217032111,0.005169255979652908,0.004437897384447296,0.024875621890547265,6,6,True,
RSL24D1,0.07973524431387585,0.005135655916655734,0.0048179332389039105,0.03980099502487562,6,6,True,
PABPN1,0.11446574827035266,0.005062310289914024,0.004521486138056349,0.029850746268656716,6,6,True,
SERINC3,0.08355276783307392,0.00500913216517526,0.004092615857578655,0.01990049751243781,6,6,True,
MAP1LC3A,0.13406742985049885,0.004987106423269896,0.004339653754908458,0.01990049751243781,6,6,True,
GNG10,0.10608901083469391,0.0049642642494336815,0.004039294056746291,0.024875621890547265,6,6,True,
MYCBP2,0.11429642140865326,0.004930168160654004,0.004418910115667857,0.03980099502487562,6,6,True,
PMEPA1,0.06330694320301214,0.004897314884829109,0.0047079234048952425,0.04975124378109453,6,6,True,
MDM4,0.11077967534462613,0.004842098308562746,0.0034157031588087383,0.004975124378109453,6,6,True,
ZNF106,0.10394677519798279,0.004667382935219264,0.0041116068733339835,0.029850746268656716,6,6,True,
RBM5,0.10802693665027618,0.004656718393263943,0.003873904358942869,0.01990049751243781,6,6,True,
REV3L,0.1480293373266856,0.004544643532407803,0.003787716930238443,0.029850746268656716,5,6,True,
ACTN1,0.09841400384902951,0.004519550594239629,0.004141883378497146,0.04477611940298507,6,6,True,
MSI2,0.10182479520638782,0.004456354264284645,0.0044340934310072595,0.04477611940298507,6,6,True,
CRIP2,0.13193419575691223,0.004188501284186847,0.0031375894105966353,0.024875621890547265,6,6,True,
CELF1,0.11962557335694635,0.004147520276624057,0.0039598933284308805,0.04477611940298507,6,6,True,
SUMF2,0.11122570683558786,0.004092446727534383,0.0038441761880668897,0.04477611940298507,6,6,True,
CDC5L,0.08792208135128021,0.00404110080748888,0.003483510755632934,0.029850746268656716,6,6,True,
PSMA3-AS1,0.10953601449728012,0.004001332709281203,0.002757988346168849,0.024875621890547265,6,6,True,
ATP6AP1,0.09288571278254187,0.00397879409533512,0.0034741525630811623,0.029850746268656716,6,6,True,
RYBP,0.1494132379690806,0.0039752916023926416,0.003739238452664332,0.04477611940298507,6,6,True,
FAAP20,0.10915098587671912,0.003958169031639264,0.0031235693620299838,0.01990049751243781,6,6,True,
SINHCAF,0.08917675415674844,0.0038902222544705788,0.0031301453578825183,0.01990049751243781,6,6,True,
LONP2,0.08697802573442459,0.003765503825602776,0.003251678789314466,0.03980099502487562,6,6,True,
RNMT,0.08012305448452631,0.0037328060700736404,0.0031575372185201575,0.024875621890547265,6,6,True,
CSNK1E,0.09722152600685754,0.0036898933081288103,0.003247734010701766,0.03482587064676617,6,6,True,
NGRN,0.08642421414454776,0.0036801485097475535,0.00327163977510554,0.024875621890547265,6,6,True,
SRSF6,0.05323059856891632,0.003660801814937182,0.0035449347994781924,0.03980099502487562,6,6,True,
OGA,0.0648769040902456,0.003630253999960696,0.0032551235107239275,0.029850746268656716,6,6,True,
ZNF148,0.08945289254188538,0.003629069809075909,0.003331462700918247,0.029850746268656716,6,6,True,
OFD1,0.08299826085567477,0.0036288536397457377,0.0025912400117748674,0.01990049751243781,6,6,True,
GPATCH2L,0.0959573487440745,0.003616146472546244,0.003400732600357207,0.03980099502487562,6,6,True,
USP9X,0.10842344909906387,0.00352153424324537,0.0032400823640274085,0.03980099502487562,6,6,True,
KDM5A,0.08053960899511975,0.0035211275183974697,0.003284474405851275,0.04975124378109453,6,6,True,
ZNF428,0.10903709878524143,0.0034523604005438973,0.00326018009919934,0.04477611940298507,6,6,True,
TACC1,0.09190093725919724,0.003402046678081522,0.0026424666130458936,0.01990049751243781,6,6,True,
ARFGEF3,0.17163450022538507,0.0033922262449081635,0.0032373990311701764,0.04975124378109453,5,6,True,
SMAD5,0.10909616698821387,0.0033634130276930744,0.0026073091473773793,0.01990049751243781,6,6,True,
GTF2H5,0.09252178420623142,0.003350221325007164,0.0028993659359883637,0.04975124378109453,6,6,True,
USP47,0.09675153593222297,0.0033278216241950055,0.0027648388064538797,0.024875621890547265,6,6,True,
SUGP2,0.09779578198989233,0.0032227105385463084,0.0024568809273059116,0.029850746268656716,5,6,True,
POGZ,0.10375376045703885,0.003214744522705641,0.0023003951800060728,0.014925373134328358,6,6,True,
ESF1,0.06660837431748706,0.0031649980884672236,0.0029457617670839878,0.029850746268656716,6,6,True,
BTG3,0.1257344832022985,0.003116013148975929,0.0023365086031894825,0.014925373134328358,6,6,True,
ADNP,0.07891396929820382,0.0031117625339056173,0.002930691148791956,0.03482587064676617,6,6,True,
RBM26,0.0817883784572283,0.003110436291347614,0.002870754345573797,0.04477611940298507,6,6,True,
RCAN3,0.12571657200654351,0.003108746057883743,0.0027580399668902375,0.03482587064676617,5,6,True,
VEZF1,0.1092847983042399,0.0030291759641819663,0.0021860413012596475,0.014925373134328358,6,6,True,
GSE1,0.12222181757291159,0.0029383578517268036,0.002249528333318286,0.009950248756218905,5,6,True,
APPL1,0.10610796759525931,0.002923397413190581,0.0028291311237148282,0.04477611940298507,6,6,True,
AFTPH,0.08592048535744345,0.002889821777546148,0.0025494367196643966,0.029850746268656716,6,6,True,
SLC25A36,0.08022548506657284,0.0028826542738880773,0.0027549541144068173,0.04975124378109453,6,6,True,
TAOK1,0.09116487950086594,0.0028722766277057255,0.002277508597043103,0.014925373134328358,6,6,True,
CERT1,0.09855551272630692,0.0028555413438660013,0.0026461319366654834,0.029850746268656716,6,6,True,
FUNDC2,0.07346952458222705,0.0028540737985219885,0.002454649128202527,0.01990049751243781,6,6,True,
FAM210B,0.1099550053477287,0.002827556403046808,0.002738848008909475,0.04477611940298507,6,6,True,
HOOK3,0.08800368010997772,0.0027821454385401883,0.0025463798186846393,0.03980099502487562,6,6,True,
LTBP3,0.09251606712738673,0.0027645573036150024,0.002369864278576595,0.014925373134328358,6,6,True,
NBEAL2,0.14664171884457272,0.002725172850777121,0.002513109752521869,0.03980099502487562,6,6,True,
SSBP4,0.12820990631977716,0.002636605830911896,0.0024793860488659452,0.029850746268656716,6,6,True,
ZMYM2,0.07329238951206207,0.002623606278120964,0.0023970510214445795,0.03980099502487562,6,6,True,
HIPK2,0.16413925091425585,0.002623530963521728,0.0023546418486755957,0.009950248756218905,6,6,True,
QDPR,0.1703900496164958,0.0025962660173778716,0.0024231055594064466,0.024875621890547265,5,6,True,
MARCH6,0.07232360045115149,0.0025961980891131492,0.0023988164487166942,0.04477611940298507,6,6,True,
LUC7L,0.07040083160003024,0.0025894460872246975,0.00219897317617455,0.03980099502487562,6,6,True,
ARL3,0.11175749947627384,0.0025837568586872545,0.0021309489931350812,0.009950248756218905,6,6,True,
ABI2,0.0986739173531532,0.0025544259720400968,0.00196709760946626,0.01990049751243781,5,6,True,
RUFY3,0.132518544793129,0.0025424617121907996,0.0018935571938016233,0.024875621890547265,5,6,True,
MAN1A2,0.06537116567293805,0.002512673405653422,0.002412639270743626,0.04477611940298507,6,6,True,
CEP57,0.07511261850595474,0.002509644421243471,0.0023951827839720783,0.04975124378109453,6,6,True,
PTPRK,0.07947658250729245,0.0025083229441601454,0.0023611466179113854,0.03980099502487562,6,6,True,
SLC7A1,0.12531692286332446,0.0025023075390150015,0.002145031137681338,0.03482587064676617,6,6,True,
TEAD1,0.10776738574107486,0.002499014185594242,0.0020556677906235993,0.01990049751243781,6,6,True,
P4HTM,0.1320086990793546,0.002479561506942265,0.0021530781814278937,0.009950248756218905,6,6,True,
PTOV1,0.07896023243665698,0.0024464565370517595,0.002240728130719892,0.03980099502487562,6,6,True,
PBX1,0.12805720667044324,0.0024127466268407775,0.0020881100481210686,0.024875621890547265,5,6,True,
MLLT6,0.08794891337553659,0.002396159222084397,0.0017872980902089628,0.014925373134328358,6,6,True,
PLXNA2,0.1343555549780528,0.0023778975889188108,0.0019222887981352583,0.009950248756218905,6,6,True,
ZFHX3,0.0957899714509646,0.002347349469891719,0.0019509609602557248,0.01990049751243781,5,6,True,
AGO3,0.12033152580261228,0.002290757092832902,0.0019887365868476252,0.029850746268656716,6,6,True,
DAAM1,0.0798618619640668,0.0022799795272371694,0.0022128967703466417,0.029850746268656716,6,6,True,
KLC1,0.06638553738594052,0.002268557577488815,0.0020691970107592,0.029850746268656716,6,6,True,
TUG1,0.0588696499665578,0.0022440058200570625,0.0018089043316711288,0.03482587064676617,6,6,True,
IFT57,0.06106004863977435,0.0022273526639446563,0.0018429450745633454,0.03482587064676617,6,6,True,
USF2,0.08128535499175388,0.0021833321577646118,0.001746729509789172,0.014925373134328358,6,6,True,
USP36,0.08406916757424672,0.0021752470399634986,0.002055521020302221,0.04975124378109453,6,6,True,
TSPYL1,0.07330982883771259,0.0021565578646763743,0.0016478661102829544,0.014925373134328358,6,6,True,
NBDY,0.07058847943941751,0.0021430824191682038,0.0016953800898369409,0.01990049751243781,6,6,True,
PRSS23,0.08594671078026293,0.002125571049494798,0.001858460183424105,0.029850746268656716,4,6,True,
ATP9A,0.08982010185718539,0.0021254277008907886,0.0017573066454123268,0.029850746268656716,6,6,True,
NCOR2,0.053791195154190063,0.0020631839716757296,0.0019268305790616383,0.03482587064676617,6,6,True,
TMEM245,0.10234607011079791,0.0020364580962133217,0.0016709269392444802,0.009950248756218905,5,6,True,
CD320,0.05739123374223709,0.002032360800400576,0.0019228117645994937,0.04975124378109453,6,6,True,
FOXJ3,0.08835070828596753,0.002021319468644303,0.0018137506515048074,0.024875621890547265,5,6,True,
FOXA2,0.12742806474367777,0.001990322299404658,0.0016723559210110777,0.004975124378109453,5,6,True,
NUDT3,0.09336655959486959,0.001941167940516447,0.0014897107331294556,0.004975124378109453,5,6,True,
SMIM30,0.08459912240505221,0.0019389789829301072,0.0017010525907664889,0.009950248756218905,6,6,True,
ONECUT3,0.18097288844486079,0.001931636757267344,0.0016959033533646792,0.03980099502487562,4,6,True,
ZNF24,0.06082498033841455,0.0019062490513512508,0.0017188760601738603,0.03482587064676617,6,6,True,
JPT2,0.07745010033249852,0.0019028777812526972,0.001410357441924221,0.004975124378109453,6,6,True,
ARID1A,0.07121263444423676,0.0019026260113078268,0.0016781901192290444,0.03482587064676617,5,6,True,
UBN2,0.07857980579137805,0.0018993074300705163,0.001809409427844506,0.03980099502487562,5,6,True,
CABIN1,0.07333950201670328,0.0018954814105540383,0.0018672309943206047,0.04975124378109453,5,6,True,
ALDH9A1,0.08158001303672793,0.0018910213050815498,0.0017926363027532424,0.03482587064676617,6,6,True,
KPNA6,0.09629870454470316,0.0018835071166154683,0.0013093819740582545,0.024875621890547265,6,6,True,
ZNF451,0.056629973153273255,0.001880114551484497,0.0017392562795566617,0.04477611940298507,6,6,True,
DYNLL2,0.0625418523947398,0.0018613265748696245,0.0017040847859284376,0.04477611940298507,6,6,True,
MCRIP1,0.07410332188010216,0.00185903698951379,0.0017550375079915634,0.03980099502487562,6,6,True,
FBXO21,0.08344646791617075,0.001855212150210628,0.0015554972112921982,0.014925373134328358,6,6,True,
CDK10,0.07452898845076561,0.001840118987874756,0.0015062083495397797,0.024875621890547265,5,6,True,
HERC1,0.06617730110883713,0.0018198392402575606,0.0017683536147477504,0.03980099502487562,5,6,True,
ATP2B4,0.06925982733567555,0.0017910242567461079,0.0017118553874254417,0.04477611940298507,6,6,True,
HECTD4,0.07264962295691171,0.001789533574485116,0.0016302665225361626,0.029850746268656716,5,6,True,
TNKS2,0.0896726499001185,0.0017836557418601088,0.0014401988851466933,0.029850746268656716,6,6,True,
TLE3,0.08439358075459796,0.0017668121555821494,0.0016117963158468619,0.04477611940298507,6,6,True,
TRAPPC6A,0.10080487777789435,0.001763523156389067,0.0017139700304289857,0.03980099502487562,6,6,True,
MAGI1,0.06601000080506006,0.001760839298589805,0.0016781942075379357,0.03482587064676617,5,6,True,
ARIH2,0.06044022242228189,0.0017350622354944533,0.0015353618387240785,0.01990049751243781,6,6,True,
HIPK1,0.070414995153745,0.0017190415224599862,0.001462831694994838,0.03980099502487562,5,6,True,
BLOC1S6,0.06692934284607571,0.0017143147272633357,0.0015335304138844109,0.04477611940298507,6,6,True,
ARSD,0.10877294217546782,0.0016842030041270353,0.001382736372877974,0.04477611940298507,4,6,True,
ARHGEF28,0.12384771804014841,0.001668778573369234,0.0014741727472150836,0.024875621890547265,4,6,True,
SBNO1,0.05581492433945337,0.0016666751065883497,0.0015725721902050838,0.03482587064676617,6,6,True,
SYMPK,0.07542028402288756,0.001666248683902131,0.0013302244309412955,0.03482587064676617,6,6,True,
POM121C,0.07352018107970557,0.001662442278326928,0.001571040169737855,0.029850746268656716,6,6,True,
TTC17,0.0643994361162186,0.0016506400621139102,0.001527487499631147,0.04477611940298507,6,6,True,
PLCB4,0.10405843704938889,0.0016420417946964982,0.0013706926316407273,0.024875621890547265,4,6,True,
WDR6,0.08601434653004009,0.0016253482000992954,0.0013599129867328148,0.024875621890547265,5,6,True,
PIAS1,0.05036712437868118,0.0016207141572040667,0.0012387922799389907,0.004975124378109453,6,6,True,
CYLD,0.059488147497177124,0.001580314860697676,0.0014593120959045958,0.03482587064676617,6,6,True,
DGCR6L,0.0663203162451585,0.0015752818502575558,0.0014539094155023404,0.03482587064676617,6,6,True,
AGPAT5,0.08742033441861469,0.001572602655689395,0.0012541970311565223,0.029850746268656716,5,6,True,
AC118549.1,0.06379339719812074,0.0015718808478409748,0.001501388606836749,0.01990049751243781,4,6,True,
YLPM1,0.07016430050134659,0.0015710688316069284,0.0013352642093821252,0.024875621890547265,5,6,True,
TP53BP1,0.09414040297269821,0.0015608585303394347,0.0013674452736543695,0.01990049751243781,5,6,True,
HELZ,0.05046535531679788,0.0015577920777949913,0.0013099825661429733,0.029850746268656716,6,6,True,
PPHLN1,0.04496851066748303,0.0015488516864351008,0.0012754131131209748,0.01990049751243781,6,6,True,
KIF9,0.06348480780919391,0.0015362429891803283,0.0013633908050569078,0.04477611940298507,6,6,True,
DENND4A,0.09645635386308035,0.001503508304824055,0.0014623463624657124,0.04975124378109453,5,6,True,
LRIG1,0.09646868519484997,0.0014878038052098044,0.0012212241093301469,0.024875621890547265,5,6,True,
UBXN7,0.053873543938001006,0.0014868842713566207,0.0012436073530577116,0.01990049751243781,6,6,True,
GCH1,0.10351191212733588,0.0014858851950627651,0.0013270510620699539,0.03482587064676617,5,6,True,
OTUD4,0.06539387131730715,0.0014824412561031362,0.0013094354065870087,0.03980099502487562,5,6,True,
SNHG19,0.09911825383702913,0.0014819335732007216,0.0014097202554558992,0.04975124378109453,4,6,True,
TXLNA,0.07029352088769278,0.001472208170230939,0.0014011886720755747,0.04975124378109453,6,6,True,
RDX,0.07791563558081786,0.0014446940994799328,0.0012014118717524672,0.01990049751243781,4,6,True,
CCNB1IP1,0.06459460780024527,0.0014290656950547084,0.0013818272397979959,0.03482587064676617,6,6,True,
MED1,0.06059099733829498,0.0014275054516199315,0.001148854849688164,0.014925373134328358,5,6,True,
TRIM33,0.05259550859530768,0.0014212418065453663,0.0012790492043334189,0.04477611940298507,6,6,True,
CYHR1,0.051375518242518126,0.0014070252729816962,0.0012987307852092627,0.03482587064676617,6,6,True,
PEMT,0.12201232090592384,0.0013923202350136102,0.0011676516217951206,0.01990049751243781,5,6,True,
ZRANB1,0.07262422020236653,0.0013650905644912524,0.0012197511129080484,0.03980099502487562,4,6,True,
BTAF1,0.07556811223427454,0.0013627981450608545,0.0011264237271265388,0.029850746268656716,4,6,True,
PFN2,0.12561840936541557,0.001362321417090349,0.0013099306107645487,0.029850746268656716,4,6,True,
MORN2,0.05850662663578987,0.001349815878106432,0.00123086578773999,0.03482587064676617,5,6,True,
TM2D1,0.044210019210974366,0.00133943359681838,0.001129097178010554,0.029850746268656716,6,6,True,
HMGCR,0.0689416378736496,0.0013085396988525735,0.0012528231343134552,0.029850746268656716,5,6,True,
RBM12,0.054813649505376816,0.001301416196448058,0.0012020445060780414,0.04477611940298507,6,6,True,
ZNF791,0.049683650334676116,0.0013011804946926632,0.0009615456133037129,0.029850746268656716,6,6,True,
BCAM,0.08162266016006471,0.001299106580372177,0.0011882526963377217,0.01990049751243781,4,6,True,
USP11,0.08664165809750557,0.0012896376172108425,0.0011054345041086322,0.03482587064676617,5,6,True,
MED28,0.05162991334994635,0.0012880985230957179,0.0011655851239846344,0.01990049751243781,6,6,True,
NR3C1,0.07001148412624997,0.001241833208729027,0.0011553077172415513,0.04477611940298507,4,6,True,
NF1,0.04407647252082822,0.0012358970669762747,0.0011407973479042636,0.04477611940298507,6,6,True,
CBFA2T2,0.05959320068359375,0.0012231430823445395,0.001115983467124776,0.03482587064676617,6,6,True,
ZMYM5,0.05812209099531174,0.0012148979148210916,0.001039075071552211,0.03980099502487562,6,6,True,
CHDH,0.07977507263422012,0.0012132390512825766,0.0011014622838389548,0.029850746268656716,5,6,True,
CCNT1,0.06727918734153113,0.0012081583506505103,0.001105266673076875,0.04975124378109453,5,6,True,
PKN1,0.06668163339296979,0.0011941986934471205,0.001181192554529737,0.04975124378109453,6,6,True,
GABPB1-AS1,0.06698860973119736,0.001183273044888963,0.0009644029969714954,0.024875621890547265,4,6,True,
PRPF38A,0.050065678854783385,0.0011815683248492057,0.001137790505508544,0.03980099502487562,6,6,True,
DCP1A,0.058656786878903716,0.0011474531207518249,0.0010711304076439665,0.03482587064676617,6,6,True,
PLEKHA3,0.04436032474040985,0.0011459071257011043,0.0010051689054856828,0.024875621890547265,6,6,True,
CAMK2G,0.047587085515260696,0.0011404483226265605,0.0010650495328738227,0.04477611940298507,5,6,True,
NUP58,0.05532979095975557,0.0011314212290713666,0.0010331257870921902,0.04975124378109453,6,6,True,
SURF2,0.04004908353090286,0.0011231151101104824,0.0010573853870813237,0.04975124378109453,6,6,True,
ANKH,0.08137723927696547,0.0010811667714677397,0.0008882239974600666,0.024875621890547265,5,6,True,
TAF3,0.045695961763461426,0.0010566798274103523,0.0010259693581708984,0.04477611940298507,6,6,True,
ZFX,0.0537828418115775,0.0010547813663033417,0.0008738858009368945,0.029850746268656716,5,6,True,
CBFB,0.07464453826347987,0.0010524964308446373,0.0007539386299918315,0.009950248756218905,5,6,True,
GRAMD1A,0.060097511236866324,0.0010238873395292344,0.0008394939049002889,0.024875621890547265,6,6,True,
RGL2,0.04988779189685981,0.0010228781068532962,0.0007739737550586463,0.009950248756218905,5,6,True,
PPT1,0.05945078407724698,0.0010213919851609285,0.000905414055688076,0.03980099502487562,6,6,True,
PAF1,0.047699034214019775,0.000992184404396032,0.0009770202079983877,0.04975124378109453,6,6,True,
MIB1,0.06204477200905481,0.0009587993865729358,0.0007431535735075304,0.004975124378109453,6,6,True,
TMEM9,0.05370574072003363,0.0009530495795423391,0.0008252653346916261,0.03482587064676617,6,6,True,
JADE1,0.07151642069220543,0.0009507287820835629,0.0008367702216432581,0.024875621890547265,4,6,True,
EPN2,0.05435936525464058,0.0009321371580810641,0.0008504709771530308,0.03482587064676617,6,6,True,
CEP164,0.05116778612136841,0.0009304542032467324,0.0008267994989908003,0.01990049751243781,5,6,True,
PARD3,0.04697404677669208,0.0009255376286767937,0.0007109996102064571,0.004975124378109453,6,6,True,
SMURF2,0.044259599099556624,0.0009179680288384218,0.0008036881962931691,0.03980099502487562,6,6,True,
TBCD,0.06549962734182677,0.0008993520631800565,0.0007267458451110297,0.03482587064676617,5,6,True,
PHF10,0.05527641748388609,0.0008935041800081216,0.0007791713885630131,0.029850746268656716,5,6,True,
MED19,0.040355206777652114,0.0008869365777800633,0.0008839722284174658,0.04975124378109453,6,6,True,
UVRAG,0.04303457960486412,0.0008822355573065799,0.000780806848419074,0.03980099502487562,6,6,True,
TXLNG,0.05453625445564589,0.0008806698144261979,0.0006688800932949251,0.01990049751243781,5,6,True,
CACUL1,0.0414128378033638,0.0008688646730614117,0.0007332878033233589,0.024875621890547265,6,6,True,
SYT13,0.07471872245272002,0.0008647062735627806,0.0007886382017888162,0.03482587064676617,5,6,True,
ARHGAP24,0.09389750938862564,0.0008616214343061939,0.0008100130202305027,0.014925373134328358,4,6,True,
SNX27,0.050682101398706436,0.000859328121805103,0.0007385505849239853,0.014925373134328358,6,6,True,
OAZ2,0.05231134841839474,0.000858834563650192,0.0006867843095478646,0.024875621890547265,5,6,True,
SIK2,0.06126661847035089,0.000858398228806021,0.0007321408731482619,0.029850746268656716,4,6,True,
DCAF10,0.060387368003527314,0.0008496094727235553,0.0006466926505951144,0.014925373134328358,5,6,True,
MED21,0.034138042479753494,0.0008481093339634841,0.0007479637770645113,0.03482587064676617,6,6,True,
CDIPT,0.03315916533271471,0.0008427243337042931,0.0007930044173593609,0.03482587064676617,6,6,True,
PTRH1,0.028119241197903946,0.0008326162009721182,0.0007602948761653387,0.04975124378109453,6,6,True,
YY1AP1,0.03979273761312167,0.0008324804751270462,0.0006529236991187735,0.03482587064676617,6,6,True,
ING5,0.05111756175756453,0.0008277994085608938,0.0007990968012199531,0.04477611940298507,4,6,True,
YAF2,0.036408031980196626,0.0008167069791790934,0.0007466352833028197,0.04477611940298507,6,6,True,
GALNT11,0.05942711358269055,0.0008155025303296534,0.0006674229614180563,0.009950248756218905,5,6,True,
NISCH,0.06213536361853281,0.00080501979721066,0.0006895503991163806,0.01990049751243781,5,6,True,
HGSNAT,0.04536733403801918,0.0008039949474306169,0.0007057393641007831,0.014925373134328358,6,6,True,
APMAP,0.02728446448842685,0.0007804603310588496,0.0007190531703060259,0.03482587064676617,6,6,True,
ANKRD26,0.044119338194529206,0.0007793034596087394,0.000691456978143529,0.04477611940298507,5,6,True,
RETREG2,0.04237019643187523,0.000779297281276365,0.0007763558433992663,0.04975124378109453,5,6,True,
C1orf52,0.031497061252593994,0.0007727272795190715,0.0006913307866924025,0.024875621890547265,6,6,True,
TOMM34,0.0423498290280501,0.000761868284933416,0.0006567488235760369,0.024875621890547265,6,6,True,
INTS3,0.05390368526180586,0.0007614577694820774,0.0006419079502843584,0.024875621890547265,5,6,True,
ELP2,0.05090950926144917,0.000760651353096483,0.0006069188935879848,0.014925373134328358,5,6,True,
GGA2,0.05440202355384828,0.0007547405078818048,0.0006949900952335087,0.03482587064676617,4,6,True,
OTUD5,0.03652868916591007,0.0007436586676161102,0.0006952511765491434,0.04975124378109453,6,6,True,
KLHL42,0.05591759892801444,0.0007368401119992921,0.0006199318402258336,0.009950248756218905,5,6,True,
SPATA20,0.049866383274396256,0.0007347213100637987,0.0005941649352897078,0.01990049751243781,5,6,True,
RTL8C,0.04180299925307433,0.0007310959333464357,0.0006942435347602816,0.024875621890547265,5,6,True,
TSC1,0.043066387375195817,0.0007309935801405648,0.0005902457280163282,0.024875621890547265,5,6,True,
GNS,0.04579278454184532,0.0007286163490173008,0.0005878031416104381,0.03980099502487562,5,6,True,
MDP1,0.06054375817378363,0.0007280555436548084,0.000577021124698226,0.04477611940298507,5,6,True,
CLN8,0.06062083691358566,0.0007070956164950603,0.0006378547026063444,0.04477611940298507,4,6,True,
LYRM1,0.04291647796829541,0.0007070342870907393,0.0006196594091686905,0.03482587064676617,6,6,True,
RRN3,0.04623364781339963,0.0007031281469656958,0.0005662885470725412,0.014925373134328358,5,6,True,
YTHDF1,0.03364502762754758,0.0006957934450497021,0.0005374872578828056,0.024875621890547265,6,6,True,
SLC39A6,0.07521956041455267,0.00068803645947007,0.0005368757700239275,0.009950248756218905,4,6,True,
CDS2,0.03475260362029074,0.0006837233958278364,0.0005290873112809173,0.014925373134328358,6,6,True,
ZMIZ2,0.036341962714989975,0.0006828288614386631,0.0005535722843192734,0.029850746268656716,6,6,True,
TM2D3,0.03349337975184122,0.0006791380706951528,0.00044737892817639914,0.009950248756218905,5,6,True,
POLR3E,0.041665691882371916,0.0006775085414794089,0.0005594103681294286,0.03482587064676617,6,6,True,
SWI5,0.031731010725100844,0.0006769916536349284,0.0006619088667878589,0.04975124378109453,6,6,True,
MTHFD2L,0.04272537678480148,0.0006719626668843072,0.0006220472604005722,0.03980099502487562,5,6,True,
CORO7,0.04551304007569949,0.0006633519364041418,0.0006065782792100887,0.04477611940298507,6,6,True,
TMEM35B,0.031055167317390442,0.0006631947222908094,0.0006547682547376795,0.04975124378109453,6,6,True,
ZDHHC4,0.04936931282281874,0.0006608657660334571,0.000509238220667472,0.01990049751243781,5,6,True,
GPAT4,0.03900253027677536,0.0006551558267014709,0.0006067060213581716,0.03482587064676617,6,6,True,
PIAS2,0.04264559845129649,0.0006550339506540561,0.0005603417046843022,0.024875621890547265,4,6,True,
ROGDI,0.06203543767333031,0.0006547758593097365,0.0006353843136439135,0.03482587064676617,4,6,True,
NPEPL1,0.04255632869899273,0.0006453249722325761,0.0006009654451734407,0.03482587064676617,5,6,True,
ATXN3,0.03356656432151796,0.0006377981847942701,0.0006257602336142652,0.04975124378109453,5,6,True,
RAPGEF6,0.04203371455272038,0.0006243328574490768,0.0005631053532375841,0.029850746268656716,5,6,True,
GATC,0.03264646232128145,0.0006117874576211813,0.0005955872404799277,0.04975124378109453,5,6,True,
SPIN1,0.03958001608649889,0.0006113195812051118,0.0005685503343673122,0.03482587064676617,6,6,True,
PLA2G12A,0.04216475536425909,0.000597468288304951,0.0005279089242161368,0.024875621890547265,5,6,True,
AGO1,0.03692581007877986,0.0005965328797205866,0.0005572363789623751,0.03980099502487562,5,6,True,
GIGYF1,0.03816451256473859,0.0005877424298086327,0.00048378344182291175,0.01990049751243781,5,6,True,
CHERP,0.03424711525440216,0.0005842222100095429,0.000470371649763823,0.014925373134328358,5,6,True,
PM20D2,0.0617498941719532,0.0005806119464864614,0.0004894476343470553,0.029850746268656716,4,6,True,
KLHL36,0.040452308952808366,0.0005743684040118874,0.0004924564283987141,0.03980099502487562,5,6,True,
SCAF4,0.039000947028398514,0.0005681831351237069,0.00046499362333770754,0.03482587064676617,4,6,True,
IPO9,0.03874383866786957,0.0005671978998211518,0.0004961196198617384,0.01990049751243781,5,6,True,
PKD1,0.06854758597910404,0.000564422303957374,0.0004610141204794963,0.014925373134328358,4,6,True,
WDR59,0.05033909777800241,0.0005634336351966876,0.00044372504016865514,0.01990049751243781,4,6,True,
RRP1B,0.04073064153393109,0.0005523280335709554,0.0005233725344431469,0.04477611940298507,5,6,True,
ACYP1,0.032407573113838836,0.0005434457434091379,0.0005049710302985181,0.04975124378109453,4,6,True,
MAN2C1,0.037767713268597916,0.0005372078552842946,0.00045655205470833285,0.029850746268656716,5,6,True,
MAD1L1,0.03703689202666283,0.0005218969234794812,0.0004138368680640984,0.029850746268656716,6,6,True,
TOGARAM1,0.04469320923089981,0.0005202434850893965,0.00040973258599693153,0.01990049751243781,4,6,True,
EIF3J-DT,0.04269814491271973,0.0005193184516168643,0.0005036051023978036,0.03482587064676617,4,6,True,
DMWD,0.037721988434592874,0.0005106711196166742,0.00040939291944735545,0.01990049751243781,5,6,True,
ZNF618,0.05130064487457277,0.0005018145945233143,0.00048178881587006685,0.04975124378109453,4,6,True,
CXXC1,0.03930843373139699,0.00047882308270162676,0.00042082659454835224,0.024875621890547265,4,6,True,
TTLL3,0.039734217027823135,0.00046189608917050014,0.00033599960116042316,0.004975124378109453,4,6,True,
DEAF1,0.03644428526361783,0.0004576968508731976,0.00043538909747251444,0.04477611940298507,4,6,True,
ZCCHC3,0.034665892521540315,0.00045122681630075734,0.0004233179298454744,0.03980099502487562,4,6,True,
WDR48,0.028483882546424852,0.00044254175359682624,0.00034516841996621005,0.014925373134328358,5,6,True,
DCAF1,0.0423161406069994,0.0004396917841247228,0.0003729224410728254,0.024875621890547265,4,6,True,
ZNF281,0.025368054707845047,0.00043388890226342354,0.00033782915412733876,0.014925373134328358,6,6,True,
IP6K1,0.027673844248056412,0.00042169302609321386,0.0004203996142908709,0.04975124378109453,5,6,True,
NOL3,0.04611980977157752,0.00041864907461032106,0.0003300883134724889,0.014925373134328358,4,6,True,
KLHDC4,0.029572435965140656,0.0004145372565794355,0.0003674747441354259,0.014925373134328358,5,6,True,
VPS8,0.028732697168985993,0.0004132595851769566,0.0003340467289375682,0.014925373134328358,5,6,True,
TSPAN31,0.020635473231474577,0.000411498661842542,0.00031020045568777723,0.029850746268656716,6,6,True,
SLC35E3,0.03331427276134491,0.0004054676638916203,0.00036313303668010244,0.03482587064676617,5,6,True,
ING3,0.030929884562889726,0.0003877132224820032,0.00034142113928732376,0.029850746268656716,4,6,True,
TNRC6C,0.043332379311323166,0.00038601218670479825,0.0003617866935717954,0.009950248756218905,4,6,True,
POMGNT1,0.035565465688705444,0.0003831747130655091,0.00032139988891063834,0.009950248756218905,5,6,True,
OPA3,0.031214887897173554,0.0003775052893990298,0.00036211730673707174,0.03980099502487562,5,6,True,
MFSD14A,0.028536770492792116,0.0003648259666453532,0.0003021521204043685,0.014925373134328358,4,6,True,
TTC39C,0.03228903189301491,0.0003615247704587074,0.00033210836728202534,0.029850746268656716,4,6,True,
UBE2O,0.0342349074780941,0.0003588594609474415,0.00034127200822379176,0.03482587064676617,4,6,True,
ZNF277,0.023328606039285674,0.0003550418919109424,0.00034815094063489574,0.04477611940298507,5,6,True,
POLR1C,0.022301434849699334,0.0003496606399254028,0.0003345640281426455,0.04975124378109453,6,6,True,
ZMAT3,0.040858797729015336,0.0003478546281067907,0.0002603286081788674,0.009950248756218905,4,6,True,
FDX2,0.02820410765707493,0.0003457163143806433,0.00030435742233701573,0.029850746268656716,5,6,True,
BLMH,0.029430590569972992,0.0003425484191998811,0.00029686291990209184,0.03980099502487562,5,6,True,
MADD,0.03510339930653571,0.0003338001995232019,0.00023748843872001488,0.009950248756218905,4,6,True,
TTC28-AS1,0.027563001960515976,0.0003315009066120045,0.0003031100121185232,0.029850746268656716,4,6,True,
PBX2,0.02659471581379573,0.0003312622325178277,0.0002795942331601628,0.029850746268656716,5,6,True,
AC097376.3,0.028166878968477235,0.00033126207325663755,0.0002878164052095825,0.03980099502487562,4,6,True,
TCEAL1,0.042751992121338844,0.0003249484440094836,0.00029339134434860605,0.024875621890547265,4,6,True,
RXYLT1,0.025385484099388123,0.00032216454052344816,0.0003150871399869987,0.04477611940298507,5,6,True,
ETV5,0.036799244582653046,0.00032138258526047663,0.0002886544406745643,0.04477611940298507,4,6,True,
PIGX,0.026089799900849656,0.0003130653760828225,0.00030919752403333234,0.04975124378109453,5,6,True,
GPR180,0.029726656774679824,0.0003046269594924437,0.0002849744187625188,0.014925373134328358,4,6,True,
HMBOX1,0.031074445694684982,0.00029579975890596337,0.00021994923069525087,0.03980099502487562,4,6,True,
SUPV3L1,0.024760236342748,0.00029071725838222655,0.0002698561876441035,0.029850746268656716,5,6,True,
DPF2,0.02215688178936641,0.00028074717430477447,0.0002503427811652764,0.03980099502487562,5,6,True,
FEM1B,0.027637407183647156,0.0002729388471106448,0.0002234111018858011,0.014925373134328358,4,6,True,
EDRF1,0.030411240955193833,0.0002672846362281843,0.000242569419684703,0.029850746268656716,4,6,True,
ZNF621,0.019070451458295182,0.0002631963137409997,0.00025707019902645973,0.04975124378109453,4,6,True,
TESK1,0.018987196187178285,0.000260754193426246,0.000251353684635601,0.04975124378109453,5,6,True,
ZNF264,0.028630276521046952,0.00025985498313982455,0.000237889496774796,0.04477611940298507,4,6,True,
MBTD1,0.02659161637226741,0.000258944550826933,0.00023443175589306207,0.03482587064676617,4,6,True,
PPM1L,0.03656910235683122,0.00023983040882380807,0.0002366804079542902,0.04975124378109453,4,6,True,
XRCC1,0.024611225972572967,0.00023922102060742968,0.00022743201349494666,0.04975124378109453,5,6,True,
LDLRAP1,0.027486484497785568,0.00023433834412479526,0.00018750821090982825,0.004975124378109453,4,6,True,
KANSL3,0.017598275716106088,0.00022776842647706622,0.00021800774397731426,0.04477611940298507,4,6,True,
STARD3NL,0.02056003237764041,0.00022542644295211808,0.00020776489713797988,0.03980099502487562,6,6,True,
ESYT1,0.02454984188079834,0.00022512721100789943,0.00017701037045816608,0.024875621890547265,4,6,True,
RNF41,0.0210337390502294,0.00022478070718459924,0.0001626983581809458,0.029850746268656716,5,6,True,
RPS6KC1,0.027879447365800544,0.00021439979190367403,0.0001956930657109401,0.03482587064676617,4,6,True,
RAB2B,0.01765576874216397,0.0002026455124819015,0.00016394503298328383,0.029850746268656716,4,6,True,
PHTF1,0.02187450851003328,0.0001684910249367638,0.00015968240354801583,0.03980099502487562,4,6,True,
TMCC1,0.018619145577152565,0.00016827754321925315,0.00015310758916052094,0.03980099502487562,4,6,True,
MED27,0.01939997884134452,0.00016731433645251687,0.00013952636879625182,0.03980099502487562,5,6,True,
ERCC3,0.015550276885430023,0.00014624819433437604,0.00014060407564667416,0.04975124378109453,4,6,True,
RPL13,0.3569610118865967,0.1835489680915933,0.17701059716594336,0.05472636815920398,6,6,False,
RPL13A,0.4534348646799722,0.17754160253162518,0.1740624515401705,0.05472636815920398,6,6,False,
LYZ,0.5926404794057212,0.16939049742432627,0.21110421088687123,0.13930348258706468,6,0,False,
RPS11,0.46840341885884573,0.16639528461109637,0.16133840107588754,0.05472636815920398,6,6,False,
RPS3A,0.44622202714284276,0.1630118286404708,0.1828300797241456,0.09950248756218906,6,0,False,
RPL10,0.3164445559183755,0.16182712843532165,0.1880439601640401,0.10945273631840796,6,0,False,
RPS12,0.34772276878356934,0.158249629046814,0.15846492556498395,0.05472636815920398,6,0,False,
RPL3,0.41638092199961374,0.15578170180097012,0.16921670945031358,0.06467661691542288,6,0,False,
RPS27A,0.37613161404927586,0.1535783987863736,0.15425189076163864,0.05970149253731343,6,0,False,
RPL27A,0.4180521170298257,0.1450710984236318,0.14710239633528463,0.06467661691542288,6,0,False,
RPS2,0.31619489192962646,0.142445814924406,0.17199929336299816,0.07960199004975124,6,0,False,
RPS24,0.3177159229914346,0.14033417700568712,0.14040524980488034,0.05472636815920398,6,0,False,
RPL18,0.2959633270899453,0.12929984110716924,0.13598799293886465,0.06965174129353234,6,0,False,
RPL7,0.45907519261042284,0.12675263963416036,0.1295448294326634,0.06467661691542288,6,0,False,
RPL12,0.2910529375076294,0.12498842583907052,0.1163649093526572,0.05472636815920398,6,6,False,
RPL37A,0.33013919989268015,0.12382789730247717,0.13761654395532288,0.1044776119402985,6,0,False,
RPL9,0.3741344610850015,0.12238283035895198,0.12507478280622814,0.06467661691542288,6,0,False,
RPS9,0.3115635315577192,0.12019788012673152,0.12354913278107815,0.06965174129353234,6,0,False,
RPS15A,0.29131877422332764,0.11895623395524416,0.11944664588093908,0.05970149253731343,6,0,False,
RPS16,0.28876725832621286,0.11036274489481455,0.14134752742168888,0.13432835820895522,6,0,False,
RPLP1,0.20974155267079686,0.10966832724387897,0.1201633544321537,0.07960199004975124,6,0,False,
RPL15,0.31635193030039455,0.10934067088816095,0.1261060164397026,0.12935323383084577,6,0,False,
RPS28,0.2816148598988848,0.10853966887913544,0.11624257981142837,0.0945273631840796,6,0,False,
RPS18,0.2106262445449829,0.10799627384544908,0.1497187288119195,0.15920398009950248,6,0,False,
RPS14,0.25691183408101415,0.10667091524963443,0.13172272344823457,0.15422885572139303,6,0,False,
RPL19,0.2555131117502851,0.10650541189348892,0.11902539411934807,0.08955223880597014,6,0,False,
PTMA,0.21214910348256444,0.10628352588422632,0.1579202012772652,0.20398009950248755,6,0,False,
EEF1A1,0.22195112705230713,0.10536159182784392,0.13301965187367953,0.16417910447761194,6,0,False,
RPS23,0.2708472808202109,0.1052884141871272,0.10903864515652045,0.05970149253731343,6,0,False,
RPL17,0.3248291412989297,0.10418544607354448,0.10986621248621535,0.06467661691542288,6,0,False,
RPS3,0.24261073271433542,0.10300850257034151,0.1278928690459301,0.14427860696517414,6,0,False,
RPS27,0.21765438715616847,0.10099025544381776,0.12200664139254137,0.10945273631840796,6,0,False,
RPL28,0.198737064997355,0.10062996321651005,0.14196827993594535,0.14925373134328357,6,0,False,
RPL39,0.24965572357177734,0.10047262335044366,0.136922227031506,0.13432835820895522,6,0,False,
RPL35,0.259435017903646,0.10039310948161706,0.1095135663107482,0.06467661691542288,6,0,False,
RPLP2,0.2641936143239336,0.09751951396048864,0.11234932235150749,0.1044776119402985,6,0,False,
RPL35A,0.2588088115056357,0.09743471619918674,0.09899657972571997,0.06467661691542288,6,0,False,
ACTG1,0.24392457803090384,0.09489899337879924,0.1809449401346382,0.26865671641791045,6,0,False,
RPL18A,0.21200160185495998,0.09104382929483164,0.1441153201933884,0.25870646766169153,6,0,False,
RPL23A,0.27625906467437744,0.09076552800460719,0.10586118748954428,0.09950248756218906,6,0,False,
RPS6,0.22680421670277928,0.09005387154189236,0.13720177652010376,0.24875621890547264,6,0,False,
RPS15,0.23270678520202637,0.08717820757753134,0.08363899272687852,0.05472636815920398,6,6,False,
RPL8,0.19759893417358398,0.08701940224927057,0.10999155199809127,0.14925373134328357,6,0,False,
MUC1,0.43957986434300755,0.08600516789878648,0.10759371455747611,0.15422885572139303,6,0,False,
RPL41,0.17066717147827148,0.08369426509958296,0.13837717516474587,0.22885572139303484,6,0,False,
RPL5,0.27198799451192235,0.08124693686419457,0.09994386919302894,0.12437810945273632,6,0,False,
RPSA,0.2868612607320151,0.08059236334643782,0.10764362180621516,0.18407960199004975,6,0,False,
RPS17,0.3813211719195049,0.0794652076172436,0.08776045373787053,0.0945273631840796,6,0,False,
RPS5,0.2522859970728555,0.07930535452992424,0.09902965510482001,0.14427860696517414,6,0,False,
FAU,0.2205109397570295,0.0786386892184566,0.09005776531359337,0.0845771144278607,6,0,False,
HSPA1A,0.4813689117630323,0.07799747923999072,0.09870673368922922,0.12935323383084577,6,0,False,
RPS19,0.15431312719980905,0.07731747076145384,0.13862133464959478,0.19900497512437812,6,0,False,
RPL7A,0.19193100929260254,0.07433428055910256,0.09575683809718125,0.17412935323383086,6,0,False,
UBA52,0.23419473568598415,0.07187180387923679,0.08072901169162727,0.0945273631840796,6,0,False,
RPL10A,0.23140343030293797,0.07098612574875483,0.0872502272516344,0.14925373134328357,6,0,False,
RPS13,0.22764289379119873,0.07006443068981448,0.09696462118755154,0.1791044776119403,6,0,False,
CLDN18,0.6725577712059019,0.06784621130251371,0.07488269890797605,0.08955223880597014,5,0,False,prespec
RPL29,0.1764286359151206,0.0677893394836241,0.11132002436770377,0.24378109452736318,6,0,False,
SNHG29,0.36160729328791286,0.06769818766780317,0.07061480124115875,0.05970149253731343,6,0,False,
MIF,0.24712171157201124,0.0669309508712601,0.07077466998515992,0.06965174129353234,6,0,False,
RPLP0,0.2056923508644104,0.06588329086426803,0.11894810780141098,0.2736318407960199,6,0,False,
RPS25,0.21391590436299612,0.06541528958401928,0.07452627015105515,0.07462686567164178,6,0,False,
RPS21,0.16592244307200144,0.06521701551381734,0.13598647018126475,0.24378109452736318,6,0,False,
NACA,0.20953214168548584,0.06479343575774839,0.08186267357807385,0.16417910447761194,6,0,False,
RPS10,0.22900758186976122,0.06250163155313118,0.11905543747956202,0.24378109452736318,6,0,False,
CST3,0.2185994187990825,0.06250002757603976,0.10541233129446155,0.17412935323383086,6,0,False,
RPL37,0.14581652482350638,0.059797892153555174,0.1470239246365696,0.24378109452736318,6,0,False,
DDX5,0.24066164096196485,0.058884268119508726,0.06864178769570187,0.13432835820895522,6,0,False,
EEF1G,0.24955548842748,0.05763542026531497,0.06854890740171982,0.10945273631840796,6,0,False,
DNAJB1,0.2857706894477209,0.05733914286549707,0.09815402870922124,0.20398009950248755,6,0,False,
HMGB1,0.2087255915006001,0.0572164598563447,0.08589676004641134,0.12437810945273632,6,0,False,
RPL22,0.18855684995651245,0.05608400346639529,0.07698790607193008,0.13930348258706468,6,0,False,
RACK1,0.19429741303126002,0.05515428236576077,0.08702268717762798,0.1791044776119403,6,0,False,
CYSTM1,0.2593139807383218,0.05250585376049012,0.08119673766864455,0.20398009950248755,6,0,False,
RPS7,0.13779218991597508,0.05227846199363537,0.09325584473437154,0.26865671641791045,6,0,False,
RPL6,0.1479093233744302,0.05184713628243027,0.08465645807236602,0.24378109452736318,6,0,False,
NPM1,0.22671069701512647,0.051734081232018364,0.07152899490098147,0.18407960199004975,6,0,False,
RAB11FIP1,0.2758206327756245,0.05090154886062295,0.08634921500186206,0.21393034825870647,6,0,False,
RPL36A,0.1457334955533347,0.04706736806979707,0.08269770729387207,0.21393034825870647,6,0,False,
RPL38,0.15642978747685743,0.04663785239310012,0.10629391099027125,0.24378109452736318,6,0,False,
NME2,0.15883626540501905,0.042810086413176,0.09004073727480896,0.31840796019900497,6,0,False,
SQSTM1,0.2531768480936686,0.042293677968983166,0.05120913117161871,0.12437810945273632,6,0,False,
SRP14,0.20044459899266553,0.04216927418757151,0.04810286252721838,0.07960199004975124,6,0,False,
LMNA,0.16609221696853638,0.041101367053630176,0.0946448977533423,0.3383084577114428,6,0,False,
ATP5MC2,0.22554010152816772,0.04096291833758804,0.0417040529638735,0.05970149253731343,6,0,False,
HSPD1,0.21096872289975477,0.04091473639643911,0.0593362145100929,0.21890547263681592,6,0,False,
SYNE2,0.3398971756299337,0.04083052224294109,0.045109369625330534,0.0945273631840796,6,0,False,
EIF1,0.10593116283416748,0.04080388113605069,0.0967358562119359,0.26865671641791045,6,0,False,
DNAJA1,0.19655557473500562,0.04063464682741803,0.05765667451831565,0.19900497512437812,6,0,False,
HSPA1B,0.23101261506477994,0.04017146458063974,0.060801438295420854,0.13930348258706468,6,0,False,
RPL27,0.14064524571100856,0.039810246088365586,0.07936814465718406,0.3034825870646766,6,0,False,
HSPA8,0.16461986303329468,0.039789593827939354,0.05451195780599219,0.20398009950248755,6,0,False,
RPL4,0.20472218592961622,0.03970017194621826,0.055507925665942065,0.18407960199004975,6,0,False,
GAS5,0.24919251600901282,0.03931214855252707,0.04450069916379249,0.11442786069651742,6,0,False,
EEF2,0.22798665364583348,0.03887372231064051,0.04612103702087013,0.11940298507462686,6,0,False,
NCL,0.19282245635986328,0.03831822171563112,0.06654801480665962,0.1890547263681592,6,0,False,
IER3,0.15046197175979614,0.03737413125813992,0.1409100885805398,0.40298507462686567,6,0,False,
RPS29,0.09895960489908884,0.03663752016387947,0.1287723567565006,0.36318407960199006,6,0,False,
HSPB1,0.183598647514979,0.03649207543241262,0.04086287676843308,0.0945273631840796,6,0,False,
EIF4A1,0.15957200527191162,0.03625889538995602,0.05471048830061512,0.2537313432835821,6,0,False,
TAGLN2,0.17510390281677246,0.034585328224324696,0.07448360818608803,0.3283582089552239,6,0,False,
NUCKS1,0.26961051424344384,0.033483962976468454,0.03858682340879958,0.07960199004975124,6,0,False,
SFPQ,0.23579017321268714,0.03319660932227247,0.03830473622538785,0.11442786069651742,6,0,False,
RBM39,0.15355569124221802,0.03213186586045598,0.035500854894522614,0.07462686567164178,6,0,False,
TSPO,0.18456329902013158,0.031238893575624475,0.06399460927249567,0.2885572139303483,6,0,False,
SPINK1,0.2967842717965443,0.029919735651148097,0.07058052487991388,0.3034825870646766,6,0,False,
UBB,0.09579537312189745,0.029529149426828508,0.07129043409079783,0.24378109452736318,6,0,False,
CD63,0.11332978804906202,0.028650861902911513,0.07218345757778588,0.23880597014925373,6,0,False,
DSP,0.21299956242243456,0.02839137586932179,0.03791385127404201,0.11442786069651742,6,0,False,
FUS,0.15891360243161523,0.026904576762682667,0.0365908737515961,0.11940298507462686,6,0,False,
TOMM7,0.187171071767807,0.026600307619425667,0.039090640145593665,0.13930348258706468,6,0,False,
PGC,0.7718834529320397,0.026468957561981372,0.0418942716716377,0.20398009950248755,5,0,False,
EIF3A,0.20687853296597802,0.02644496060954986,0.030387965439573814,0.0945273631840796,6,0,False,
SERBP1,0.16592218478520704,0.025512660448065844,0.04740922930851964,0.2736318407960199,6,0,False,
HMGN2,0.22273473938306165,0.025246671135787456,0.027125242382603235,0.06965174129353234,6,0,False,
HSPE1,0.12193268537521362,0.024689909389781876,0.03207315849110981,0.15920398009950248,6,0,False,
ARGLU1,0.15257781744003296,0.024169620696726974,0.032449817423721744,0.12437810945273632,6,0,False,
EEF1D,0.09737626711527514,0.02394087085757115,0.04624737473029987,0.2835820895522388,6,0,False,
PRRC2C,0.1491508881251017,0.02387469742403641,0.02972420501749478,0.08955223880597014,6,0,False,
GABARAP,0.18428103129069018,0.02349632153270194,0.024736461379550982,0.06965174129353234,6,0,False,
SUMO2,0.1577693223953247,0.023488832535947524,0.03274887571920209,0.15422885572139303,6,0,False,
UBC,0.060354967912038315,0.02327355765843641,0.1526169545370753,0.4079601990049751,6,0,False,
CD81,0.20195038616657257,0.02287668191557209,0.02441319992680628,0.06467661691542288,6,0,False,
ST13,0.20202090342839552,0.022844271347482528,0.022893101795665977,0.05472636815920398,6,0,False,
YWHAE,0.16217621167500806,0.022768436463721967,0.03126088596961574,0.1691542288557214,6,0,False,
ATP6V1G1,0.20722075303395582,0.022693427143973703,0.023084437781125153,0.06467661691542288,6,0,False,
BTG1,0.12502602736155177,0.022600305142285462,0.044731077685202195,0.21393034825870647,6,0,False,
SELENOW,0.13906413316726696,0.022182968814729944,0.036367116073892654,0.23880597014925373,6,0,False,
H3F3B,0.06448638439178467,0.022168488336941447,0.08874495788663427,0.3283582089552239,6,0,False,
SSR4,0.09698309501012181,0.022132580571744172,0.05277664006119293,0.24378109452736318,6,0,False,
DYNLL1,0.09371171394983935,0.022062699603768887,0.04736740684880929,0.25870646766169153,6,0,False,
MZT2B,0.16938365499178576,0.022061669219215853,0.02821048315889975,0.11940298507462686,6,0,False,
EIF3E,0.19638710220654798,0.021145528584841627,0.02341023519964874,0.0945273631840796,6,0,False,
HNRNPC,0.16040734450022376,0.021140203727035865,0.030489881884220922,0.208955223880597,6,0,False,
HNRNPA3,0.13019884626070644,0.02104641598506598,0.0398519295207429,0.208955223880597,6,0,False,
EEF1B2,0.08937603235244751,0.020927798172954173,0.053539091433771745,0.38308457711442784,6,0,False,
SON,0.1482930382092793,0.020889218626379255,0.025796681840246548,0.0845771144278607,6,0,False,
KRTCAP2,0.12797031799952185,0.02085157668905444,0.0277514375462546,0.0945273631840796,6,0,False,
HLA-B,0.05287732680638646,0.02078497360077405,0.18016304084173962,0.4129353233830846,6,0,False,
RNASEK,0.1398298144340515,0.020569768829073035,0.02302513931260711,0.0845771144278607,6,0,False,
TOMM20,0.17905785640080762,0.01967695748583189,0.021898734099768134,0.0845771144278607,6,0,False,
GSTP1,0.06734120845794678,0.01937607015392668,0.10610924955064177,0.4228855721393035,6,0,False,
BTF3,0.09816555182139086,0.01937319709686467,0.04168494686070878,0.3283582089552239,6,0,False,
HINT1,0.11527121067047119,0.019340010979710325,0.03059035472182428,0.1691542288557214,6,0,False,
TM4SF1,0.13906524578730262,0.018984209755283265,0.04592413797145374,0.3383084577114428,6,0,False,
SNRPD2,0.13618369897206628,0.018967624329450386,0.02137317851363374,0.08955223880597014,6,0,False,
NFE2L2,0.22020598252614332,0.018959667750264406,0.021790702220818244,0.08955223880597014,6,0,False,
ELOB,0.08630921443303441,0.01875595330377961,0.04737848849466144,0.29850746268656714,6,0,False,
DSTN,0.08006103833516431,0.018690936445188072,0.06374503648405508,0.38308457711442784,6,0,False,
CSNK1A1,0.18968658645947767,0.01868413319211696,0.019601273029919097,0.07462686567164178,6,0,False,
RTN4,0.20638953646024072,0.01861850515427296,0.022049106322404033,0.10945273631840796,6,0,False,
FXYD3,0.12019598484039307,0.018491274460156838,0.06746768254304081,0.32338308457711445,6,0,False,
HNRNPK,0.12568509578704834,0.018385460199842107,0.03053686959765428,0.25870646766169153,6,0,False,
SPAG9,0.17017783224582672,0.018141455148529616,0.02599349755583704,0.13432835820895522,6,0,False,
PABPC1,0.07600305477778102,0.018133235753335506,0.0821031801202861,0.417910447761194,6,0,False,
VMP1,0.11934698124726606,0.01801500096321186,0.06693815495059392,0.3781094527363184,6,0,False,
GPX4,0.16028999288876855,0.017989082935734597,0.029361974948302446,0.18407960199004975,6,0,False,
PNISR,0.17662319540977478,0.01795933347586566,0.017934264682238493,0.05472636815920398,6,6,False,
C12orf75,0.1658860445022584,0.017524946603249807,0.022076398978815557,0.11940298507462686,6,0,False,
KTN1,0.13892453908920288,0.017380083917026473,0.01826076211750744,0.06467661691542288,6,0,False,
HNRNPH1,0.1505628923575083,0.01723888921282385,0.020918711736667876,0.11442786069651742,6,0,False,
AKAP13,0.17608073353767395,0.017229552534362876,0.02816123352752261,0.1791044776119403,6,0,False,
TMEM59,0.1434964438279469,0.016840596418304238,0.025162925783385564,0.1691542288557214,6,0,False,
SELENOH,0.14301759004592896,0.016605353260426177,0.01952972555813393,0.0845771144278607,6,0,False,
HMGN1,0.12557982405026769,0.016477519881363662,0.02971153745058754,0.18407960199004975,6,0,False,
NDUFS5,0.09241620699564623,0.01617758053339686,0.027805679480299016,0.263681592039801,6,0,False,
NDUFB11,0.13528072834014881,0.01615195229074014,0.017428521816572687,0.06965174129353234,6,0,False,
SNHG6,0.12393033504486084,0.01609926732454794,0.017181907884877223,0.05970149253731343,6,0,False,
MARCKSL1,0.11004946629206347,0.0157369462627546,0.025953243252465303,0.12935323383084577,6,0,False,
VAPA,0.142598956823349,0.015511244642984,0.020566385777738994,0.15920398009950248,6,0,False,
ATRX,0.14659433563550306,0.015475860891623464,0.01707015898398663,0.07462686567164178,6,0,False,
NDUFA11,0.14038404822349548,0.015354785797606931,0.01850546570565732,0.09950248756218906,6,0,False,
FAM133B,0.16965831319491076,0.015266125986951378,0.01949069537408537,0.1044776119402985,6,0,False,
TAF1D,0.1319915999968847,0.015147155522539837,0.01833273743680432,0.07960199004975124,6,0,False,
EZR,0.0719514787197113,0.015043241014018573,0.08696115508380022,0.4228855721393035,6,0,False,
COMMD6,0.13063305616378784,0.014994258183252084,0.017731714300793622,0.1044776119402985,6,0,False,
HNRNPDL,0.11252003908157349,0.014922121606848228,0.01722718835343453,0.1044776119402985,6,0,False,
SPINT2,0.10928709308306384,0.014914600025524243,0.029501983659801664,0.24378109452736318,6,0,False,
N4BP2L2,0.14858569701512658,0.014835123520780653,0.015435117839694796,0.06467661691542288,6,0,False,
KDM6B,0.23774099846680957,0.01472094607627451,0.019667737565971594,0.14427860696517414,6,0,False,
PARK7,0.11760944128036499,0.014680466851133653,0.022412929225980916,0.17412935323383086,6,0,False,
DDX21,0.14521453281243635,0.01459776057805828,0.017422464259123426,0.13432835820895522,6,0,False,
ITGB1,0.12468604246775306,0.01438254447805109,0.016806857355686003,0.12437810945273632,6,0,False,
PCSK1N,0.7652877494692802,0.014085124920606727,0.013210606989532407,0.014925373134328358,3,6,False,
ERP29,0.1279553472995758,0.014061006434397887,0.017792479536715974,0.11442786069651742,6,0,False,
C19orf53,0.10843839248021447,0.014026244220124898,0.01725566069332262,0.09950248756218906,6,0,False,
JMJD1C,0.18944009145100904,0.013803592529414205,0.01918057661703967,0.13432835820895522,6,0,False,
TCF25,0.14332461853822076,0.013726531144411629,0.01799223886629681,0.12935323383084577,6,0,False,
DDX24,0.13851365447044373,0.01371223059673533,0.015398330663158153,0.05970149253731343,6,0,False,
SEC62,0.15096126993497216,0.013650741386707518,0.019531325489521724,0.15422885572139303,6,0,False,
ARL6IP1,0.08525871237119043,0.013328184267497798,0.03669870658409824,0.3681592039800995,6,0,False,
CD59,0.13908566534519196,0.013238250974889246,0.018882397796684446,0.20398009950248755,6,0,False,
F11R,0.1443039774894715,0.013206262493484888,0.021193055578530656,0.2835820895522388,6,0,False,
DEK,0.10728307565053308,0.01319362019198463,0.023837852614162318,0.18407960199004975,6,0,False,
CD46,0.12962409853935242,0.013172599023946335,0.014017077346217502,0.06965174129353234,6,0,False,
MTDH,0.093747079372406,0.013095138175877354,0.02950472899141357,0.31343283582089554,6,0,False,
DYNC1H1,0.15787187218666077,0.013076363362033595,0.014520492584478668,0.0845771144278607,6,0,False,
CUTA,0.1450952192147572,0.013071408790544546,0.015343327321013433,0.06965174129353234,6,0,False,
NDUFB2,0.0896706680456798,0.012828438973999042,0.023319092453846963,0.2537313432835821,6,0,False,
GPBP1,0.13711562752723694,0.012761110568509119,0.0163259277399741,0.13432835820895522,6,0,False,
JAK1,0.12931974232196808,0.012749547948040788,0.013126814654500711,0.05970149253731343,6,0,False,
ANKRD12,0.12707337737083435,0.01263500467559213,0.013826764257169583,0.06965174129353234,6,0,False,
LRRFIP1,0.0954407652219138,0.012624020237442836,0.018845715998245784,0.19402985074626866,6,0,False,
YBX1,0.049791038036346436,0.01261781926286048,0.06312896333208606,0.38308457711442784,6,0,False,
GOLM1,0.19512492418289185,0.012548458331868953,0.02337937916677977,0.21890547263681592,6,0,False,
TRA2B,0.11614867548147845,0.012335006959948427,0.014444883064666887,0.12935323383084577,6,0,False,
SKP1,0.07634781797726942,0.012330791015098135,0.02267321301663873,0.21890547263681592,6,0,False,
HNRNPAB,0.11702947815259301,0.012203013134209208,0.02551078152871404,0.24875621890547264,6,0,False,
BRI3,0.08205341299374902,0.012159090251318228,0.03380386086150949,0.31840796019900497,6,0,False,
TSC22D1,0.10954356690247846,0.012152383405625702,0.018043980940828614,0.14925373134328357,6,0,False,
GADD45GIP1,0.10961806774139404,0.012094326388811895,0.014882508180809521,0.11442786069651742,6,0,False,
RAB13,0.12835822006066644,0.012026291285685359,0.016747263207448987,0.21393034825870647,6,0,False,
ANP32B,0.10833068688710534,0.012013857140561728,0.02187313763701696,0.21890547263681592,6,0,False,
DNAJB6,0.13586253424485528,0.011986975493001796,0.012065121722961755,0.06467661691542288,6,0,False,
LAMTOR4,0.12199357151985168,0.011963090461734143,0.013219578289003428,0.07960199004975124,6,0,False,
ATP6V0B,0.11777473489443457,0.011885448856908818,0.013896916198994462,0.0945273631840796,6,0,False,
ZNF207,0.1448998351891836,0.011770946398740482,0.01334168659836768,0.08955223880597014,6,0,False,
TACSTD2,0.11088740825653076,0.011726333318995748,0.037982072947619294,0.4228855721393035,6,0,False,
CDC42,0.07328508297602343,0.011675211988425693,0.034817331263097606,0.32338308457711445,6,0,False,
PA2G4,0.11427645881970727,0.011612391239036936,0.01896501584598255,0.19402985074626866,6,0,False,
NDUFB7,0.07813313603401184,0.011538739430233758,0.023580382293978054,0.23383084577114427,6,0,False,
BCLAF1,0.12067849437395728,0.01143010370154942,0.014672655861832565,0.14925373134328357,6,0,False,
KLF5,0.09273831049601233,0.011400476073550787,0.03259321466356606,0.3383084577114428,6,0,False,
PNRC1,0.06647417942682898,0.01133808077300711,0.027793530790759673,0.21393034825870647,6,0,False,
STARD10,0.15922711292902636,0.01130070063295999,0.018852919590570234,0.22885572139303484,6,0,False,
TENT5A,0.18976660569508874,0.011243512790670093,0.02143971799034508,0.2885572139303483,6,0,False,
ZFAND5,0.11749004324277246,0.011214410056126615,0.021516762918697953,0.23880597014925373,6,0,False,
PNN,0.09596143166224169,0.011135663526810814,0.012270083219736971,0.0845771144278607,6,0,False,
GNAS,0.04944278796513868,0.0109631986997917,0.07572990626124669,0.3681592039800995,6,0,False,
FAM120A,0.14227073887983954,0.010853886428168692,0.016208573612281688,0.22885572139303484,6,0,False,
UBXN4,0.09357338150342309,0.010822354331325409,0.01445825680379965,0.1890547263681592,6,0,False,
FKBP1A,0.07737338046232856,0.010751490625330082,0.02006206420819953,0.2935323383084577,6,0,False,
MAFF,0.12675130367279053,0.010739313918967989,0.032363134906144696,0.3781094527363184,6,0,False,
HSPA9,0.11932346224784851,0.010676688560841984,0.014326749044827593,0.13930348258706468,6,0,False,
APP,0.1304052770137787,0.010637156264200986,0.014424564734916736,0.14925373134328357,6,0,False,
C9orf16,0.10349402825037635,0.010596201533130324,0.01453372020041114,0.14925373134328357,6,0,False,
PCBP2,0.09368684887886047,0.01051656163746959,0.016107621841822767,0.19900497512437812,6,0,False,
TUBA1A,0.19704499344031018,0.010434870474576561,0.014906303735034598,0.18407960199004975,6,0,False,
AFF4,0.13735421995321911,0.010319303279885993,0.011267865835031865,0.09950248756218906,6,0,False,
YBX3,0.07894959549109148,0.010240747969928587,0.030854482880420114,0.36318407960199006,6,0,False,
LSM7,0.12293658653895068,0.010191864837533574,0.015014853790661848,0.13930348258706468,6,0,False,
NASP,0.1250633994738261,0.010174524156974608,0.012589173956919273,0.1044776119402985,6,0,False,
ANAPC11,0.10766734679540002,0.010121065807965908,0.011991677151537072,0.1044776119402985,6,0,False,
HNRNPU,0.051280299822489495,0.010060460250749855,0.04551898854006546,0.40298507462686567,6,0,False,
HP1BP3,0.1038233836491903,0.010046339253202597,0.012485383928745994,0.13432835820895522,6,0,False,
ATP6V0E1,0.09054382642110193,0.010036285348478977,0.011806158288312357,0.1044776119402985,6,0,False,
SMG1,0.13001494606335956,0.010033603508659896,0.01228869943133933,0.12935323383084577,6,0,False,
NUDC,0.12540954848130548,0.01000948828263681,0.015330539779024297,0.19402985074626866,6,0,False,
DYNLRB1,0.07550628980000818,0.009996909135772468,0.018541510866183105,0.22388059701492538,6,0,False,
SRSF2,0.07769246896107984,0.009927254403770144,0.019597405734794987,0.2935323383084577,6,0,False,
YY1,0.11753087739149726,0.009904242769699974,0.009667839073274011,0.05472636815920398,6,6,False,
CHD2,0.11279611786206567,0.009898030412873383,0.01517425934174815,0.15920398009950248,6,0,False,
PPP1CB,0.12257080276807142,0.009892046966721399,0.01359673798769651,0.15920398009950248,6,0,False,
ILF3,0.12657422324021655,0.009868222044610837,0.009920893985529962,0.06467661691542288,6,0,False,
GLUL,0.1812219570080439,0.009836750820877298,0.018279261572396628,0.27860696517412936,6,0,False,
TESC,0.146578811109066,0.009740708666959115,0.01956462923088749,0.30845771144278605,6,0,False,
SARAF,0.12102304895718896,0.00965551407405703,0.010031587617201238,0.07960199004975124,6,0,False,
PARD6B,0.1367210460205873,0.009627771497954272,0.01650509831464443,0.22388059701492538,6,0,False,
CCT3,0.09494802355766296,0.009572126544834565,0.015618389752274257,0.19402985074626866,6,0,False,
KHDRBS1,0.12858911852041877,0.00955659606235897,0.009612448695728193,0.06467661691542288,6,0,False,
PPIG,0.11651455362637841,0.00954909800132164,0.010598389140603412,0.0845771144278607,6,0,False,
RSL1D1,0.10658693313598633,0.009501363363328545,0.011529034496273502,0.11442786069651742,6,0,False,
PCM1,0.1324120312929154,0.009491829306777605,0.011184344403640507,0.0945273631840796,6,0,False,
NEDD8,0.08017200231552124,0.009445668998332539,0.014950290311317409,0.20398009950248755,6,0,False,
GPRC5A,0.07199195648233092,0.009431886493529225,0.048701827431702586,0.4228855721393035,6,0,False,
BRD4,0.13800055782000226,0.009403803562949398,0.009561271844534274,0.06467661691542288,6,0,False,
LY6E,0.06586106369892758,0.009362828536730788,0.02524845541708891,0.36318407960199006,6,0,False,
POLR2L,0.07902402679125475,0.009339268951917421,0.033478127273208216,0.3333333333333333,6,0,False,
YWHAH,0.11041957139968872,0.00929808217740526,0.016892592298779985,0.23383084577114427,6,0,False,
ATF4,0.06822534898916877,0.009247484032255384,0.03177898473758679,0.3681592039800995,6,0,False,
SNRPE,0.10330604513486225,0.0091659112936321,0.011406584054812345,0.11940298507462686,6,0,False,
ZBTB43,0.18194180106123287,0.009140601220677502,0.017853288338894244,0.24378109452736318,6,0,False,
SNRPB,0.05304037531216943,0.009120049176778118,0.02860586211423886,0.373134328358209,6,0,False,
RSRC2,0.08012913664182031,0.009119810443063113,0.011232063623529069,0.13930348258706468,6,0,False,
UXT,0.11744945744673407,0.009113545605425776,0.010239760142911308,0.08955223880597014,6,0,False,
IFI6,0.05422044048706687,0.009110717247315376,0.053885825672659815,0.43781094527363185,6,0,False,
EIF4B,0.10665889581044519,0.009107500417249195,0.015615237968881798,0.24875621890547264,6,0,False,
LDLR,0.07759418090184522,0.00909097948038565,0.04164591041801221,0.4228855721393035,6,0,False,
SMDT1,0.1198783119519552,0.009084187991184272,0.013659162653851012,0.13930348258706468,6,0,False,
ZFP36L1,0.06277088324228919,0.00908157281047876,0.03840143640740548,0.4228855721393035,6,0,False,
AHI1,0.2015097091595332,0.009069737114946755,0.008874408431825801,0.05472636815920398,6,6,False,
MYADM,0.11349724978208542,0.009058161401527225,0.020152877235826892,0.25870646766169153,6,0,False,
XRCC5,0.10110848148663842,0.009053131389210304,0.013999601612867719,0.21890547263681592,6,0,False,
PAPOLA,0.09372059504191088,0.008999123576952156,0.012848295174575128,0.208955223880597,6,0,False,
GOLGB1,0.06016001105308533,0.008993330421175564,0.03175628295722424,0.3880597014925373,6,0,False,
HMGA1,0.07552868127822876,0.008985155009258453,0.029854965063352112,0.4079601990049751,6,0,False,
ZKSCAN1,0.141900897026062,0.008969538502683814,0.013229299937488035,0.17412935323383086,6,0,False,
SDC4,0.07262559731801349,0.008951552058036985,0.02031526794387516,0.373134328358209,6,0,False,
ANKRD36C,0.17805643876393634,0.008945248926681455,0.017603139784594816,0.27860696517412936,6,0,False,
C12orf57,0.1420669456322987,0.008918750381782595,0.010391059496374836,0.0845771144278607,6,0,False,
MRFAP1,0.13449588914712263,0.008904778495209601,0.009184618057186029,0.05970149253731343,6,0,False,
KPNB1,0.13352079689502716,0.00890176948740153,0.010897511181388462,0.09950248756218906,6,0,False,
VAMP2,0.21370630959669745,0.008884757667643583,0.009156249382844234,0.06467661691542288,6,0,False,
RBBP6,0.11415516336758935,0.008818478090408718,0.013833872408242841,0.208955223880597,6,0,False,
SPEN,0.12157517174879712,0.008755234216589185,0.008774731288564368,0.05970149253731343,6,0,False,
GNAI2,0.13185212016105652,0.008721119058060514,0.009080804331517573,0.06467661691542288,6,0,False,
PTGES3,0.05845810969670617,0.008693103197740054,0.021472371323110338,0.31343283582089554,6,0,False,
UBE2B,0.09787808358669275,0.00866161800818691,0.01239400780613614,0.15422885572139303,6,0,False,
CANX,0.07674096028010047,0.008596546116493166,0.02326014552533172,0.3681592039800995,6,0,False,
ZFAS1,0.032842258612314934,0.008567062906588858,0.058538601584333015,0.3880597014925373,6,0,False,
RBM3,0.08416991432507837,0.00855259973351743,0.017933371303791596,0.31840796019900497,6,0,False,
SERTAD1,0.09416534503300988,0.008547800967552381,0.026780481094905644,0.35323383084577115,6,0,False,
UGCG,0.1371898502111435,0.008447136562939852,0.015101982176928331,0.21890547263681592,6,0,False,
SNRNP70,0.1190888335307439,0.008417906229570268,0.008688214961468746,0.0845771144278607,6,0,False,
NOP56,0.09623139103253686,0.008373915909693962,0.008372093426616276,0.05472636815920398,6,6,False,
HNRNPR,0.1050951133171717,0.00837151248737367,0.014848258190298882,0.208955223880597,6,0,False,
TMEM123,0.11493085821469623,0.008334344490501282,0.01166156397039577,0.21890547263681592,6,0,False,
CHD4,0.11851148307323456,0.0083147898708519,0.009475157074410687,0.11940298507462686,6,0,False,
BRD2,0.0635294417540232,0.008275147258239312,0.02322669066753394,0.29850746268656714,6,0,False,
CLTA,0.0646927456061046,0.008211329169794605,0.020456524723446196,0.3283582089552239,6,0,False,
PFDN2,0.07171062131722772,0.00820685548859634,0.009374740346838498,0.08955223880597014,6,0,False,
UQCRB,0.04047985871632909,0.008204447806335436,0.030328764360222603,0.39303482587064675,6,0,False,
H2AFZ,0.06459505359331752,0.008162815299245318,0.029339464917640563,0.34328358208955223,6,0,False,
CD74,0.04122122625509905,0.008161462235786723,0.12303590190989773,0.40298507462686567,6,0,False,
PTP4A2,0.07262849807739258,0.008145508777892194,0.01926968618058609,0.373134328358209,6,0,False,
SLPI,0.06355520337820048,0.008060277984344836,0.031122230352256534,0.3781094527363184,6,0,False,
GSPT1,0.09764981766541803,0.008057621650096262,0.013836649759632096,0.23383084577114427,6,0,False,
TCEAL4,0.2014287685354551,0.008034657821727211,0.008389507530851261,0.06965174129353234,6,0,False,
SRSF3,0.048226704200108994,0.007885630901441041,0.019663421971805088,0.3283582089552239,6,0,False,
MORF4L1,0.0735425055027008,0.007870867248845809,0.016535512004040985,0.2935323383084577,6,0,False,
ATP1B1,0.0607969264189403,0.007826593882576997,0.030435922265589648,0.40298507462686567,6,0,False,
ATP5F1E,0.022550264994303237,0.007822075546533566,0.1011022231217578,0.4527363184079602,6,0,False,
UBE2H,0.12578556934992474,0.007768835738083818,0.009345221814508892,0.11442786069651742,6,0,False,
NORAD,0.06649059057235718,0.007766869653338379,0.018621084399959954,0.3034825870646766,6,0,False,
TLE5,0.08813694119453441,0.0077184833962232555,0.01716040966098881,0.21890547263681592,6,0,False,
TIPARP,0.09066969404617947,0.007714302345951104,0.02639015143859169,0.3482587064676617,6,0,False,
FOXQ1,0.10289077460765839,0.007707150949490975,0.026790504675960697,0.42786069651741293,6,0,False,
TPR,0.0959692349036535,0.007686632874295256,0.012528765176190615,0.1890547263681592,6,0,False,
SYNCRIP,0.1043097972869873,0.007655182121262566,0.011227429037290793,0.20398009950248755,6,0,False,
MTUS1,0.10341939826806384,0.007617797372875556,0.010852827066614125,0.1890547263681592,6,0,False,
SEC61B,0.047198255856832017,0.007562269527610487,0.034051721831632624,0.40298507462686567,6,0,False,
C11orf58,0.08623741070429491,0.007550379938053033,0.013940167684851464,0.22885572139303484,6,0,False,
TERF2IP,0.16030636429786677,0.007464064136293226,0.007735600060053432,0.06965174129353234,6,0,False,
SF3B1,0.084757000207901,0.0074588182912904005,0.009449576912503801,0.13432835820895522,6,0,False,
HNRNPD,0.07567575573921204,0.007456840140849533,0.018033759657087013,0.31840796019900497,6,0,False,
FAM107B,0.11217512687047315,0.007424393141383098,0.014376418287552277,0.263681592039801,6,0,False,
TJP1,0.12846893568833667,0.007385137382889183,0.011540299163173347,0.21890547263681592,6,0,False,
UBE2D3,0.06661033630371094,0.007379085607577924,0.01761804718610311,0.30845771144278605,6,0,False,
RBX1,0.0847315639257431,0.007370458851612218,0.010502860902818793,0.18407960199004975,6,0,False,
SNHG7,0.10061950981616974,0.007369029991416051,0.01078328321076472,0.12437810945273632,6,0,False,
PCBD1,0.0963794738054275,0.007355715528010905,0.009682034842560867,0.1044776119402985,6,0,False,
JTB,0.06074974934260047,0.007351102797467802,0.019730526205046683,0.3681592039800995,6,0,False,
SMARCA5,0.10993249217669171,0.0073269520041163,0.007687337775778894,0.06965174129353234,6,0,False,
ATP6V0C,0.06540125608444214,0.007258739844468981,0.018359614691648225,0.31343283582089554,6,0,False,
GABARAPL2,0.10969838996728254,0.007249061848724903,0.00831934380589063,0.07462686567164178,6,0,False,
XRCC6,0.0935240387916565,0.007233839467061216,0.010291223136820373,0.19900497512437812,6,0,False,
EIF3G,0.06767027080059052,0.00722558579675023,0.014293311307817603,0.3034825870646766,6,0,False,
KLF10,0.09821754445632297,0.007179750297738057,0.015931966343212405,0.22885572139303484,6,0,False,
LLGL2,0.1020118544499079,0.00715594671318325,0.009112950276456753,0.11442786069651742,6,0,False,
MEIS2,0.25482524434725445,0.007117904646486772,0.0071424291167954835,0.06965174129353234,5,0,False,
RALBP1,0.07508988181749982,0.007000538958256012,0.01099287880416366,0.21393034825870647,6,0,False,
MACF1,0.08225840330123907,0.006974922778100653,0.010223142012174209,0.19900497512437812,6,0,False,
ARIH1,0.1467704176902771,0.006954371147135615,0.012271561334185261,0.21393034825870647,6,0,False,
EIF3F,0.09522999823093414,0.006953676274249301,0.010819933637669279,0.20398009950248755,6,0,False,
HSBP1,0.05944098035494483,0.006904322328598557,0.013138590484303811,0.23383084577114427,6,0,False,
SRSF5,0.046503275632858276,0.006899124551980761,0.01799919440881975,0.23383084577114427,6,0,False,
ATP5MG,0.03740505377451586,0.006880843560844367,0.025277179101936508,0.3582089552238806,6,0,False,
SF3B2,0.07391070822874712,0.006830010570905128,0.014108852661291575,0.22885572139303484,6,0,False,
TOMM6,0.06794896225134539,0.006811729727086354,0.009358800490348219,0.14925373134328357,6,0,False,
CCT6A,0.07629639406998956,0.006782587356562594,0.013400324059758295,0.26865671641791045,6,0,False,
CACYBP,0.09230655431747437,0.0067807156603213025,0.006931216363609486,0.07462686567164178,6,0,False,
RANBP1,0.08416025340557098,0.006779754041727849,0.011637258021326216,0.19900497512437812,6,0,False,
ADH1C,0.2884940604368845,0.006766158014820108,0.009433608011339334,0.19900497512437812,3,0,False,
HMGN3,0.10205445686976122,0.006749461229473701,0.007868777913385396,0.09950248756218906,6,0,False,
POLR2I,0.10147806008656823,0.006740144162242562,0.0068630565605325,0.05970149253731343,6,0,False,
RAB3IP,0.16645366698503494,0.006705853763741166,0.007558938233418264,0.07462686567164178,6,0,False,
U2SURP,0.09177314241727191,0.006678440908907702,0.006226656853000999,0.05472636815920398,6,6,False,
FBL,0.12989789992570877,0.006645053389192123,0.008218946455287342,0.14427860696517414,6,0,False,
H2AFJ,0.060899337132771736,0.006637051755307335,0.01834687639825228,0.2835820895522388,6,0,False,
RBM4,0.09608123699824017,0.006631335891862392,0.007294425246591547,0.06965174129353234,6,0,False,
YWHAQ,0.0809880793094635,0.0066309534502032065,0.007201242903885625,0.08955223880597014,6,0,False,
C4orf48,0.10924161225557327,0.006630250349888149,0.013820809913859663,0.23383084577114427,6,0,False,
UBL5,0.037008891503016006,0.006623658287982149,0.03838324030014847,0.39800995024875624,6,0,False,
PURA,0.15248290201028186,0.006618052044550772,0.007041256778995228,0.06467661691542288,6,0,False,
KMT2E,0.06876239180564875,0.0066054348317589225,0.006568482799641135,0.05472636815920398,6,6,False,
DDX3X,0.04085869590441371,0.006593975320528496,0.037129511595486234,0.3781094527363184,6,0,False,
INTS6,0.09562548498312629,0.0065788489844459345,0.014306375478242876,0.22388059701492538,6,0,False,
MZT2A,0.07309839129447937,0.006573189600357132,0.01623733798928319,0.3482587064676617,6,0,False,
NDUFA13,0.0360796650250752,0.006550038603865608,0.033050838201804794,0.373134328358209,6,0,False,
RAD21,0.07916978498299915,0.006513084030544616,0.010550043372427109,0.15920398009950248,6,0,False,
DDX46,0.08039805789788568,0.006511733173155219,0.012324609448533997,0.23880597014925373,6,0,False,
POLR1D,0.07772238552570343,0.006501188143198389,0.008982177794146146,0.1791044776119403,6,0,False,
HNRNPM,0.07222519814968109,0.0064368144059922736,0.0187754385484948,0.3681592039800995,6,0,False,
ATP5MC1,0.05376022060712182,0.006418872957905889,0.026598040997907503,0.39800995024875624,6,0,False,
EIF4G2,0.04030885299046827,0.006381867199835169,0.028864911108278875,0.3781094527363184,6,0,False,
PRPF38B,0.08756837248802185,0.006333121461518415,0.006484582129870093,0.06467661691542288,6,0,False,
APRT,0.047963470220565796,0.006306850506249528,0.028193114862690497,0.4129353233830846,6,0,False,
PCBP1,0.05709030230840051,0.006296221497422172,0.016923390212893484,0.3582089552238806,6,0,False,
KIF5B,0.060597966114679935,0.006283013457242992,0.013818629374298511,0.2885572139303483,6,0,False,
BSG,0.06773910919825232,0.006279847010508939,0.016525999042574572,0.34328358208955223,6,0,False,
CHORDC1,0.11322204271952313,0.006276700518161153,0.006330369452725816,0.06965174129353234,6,0,False,
SLC38A2,0.06930582225322723,0.006270603705790681,0.024303385678759386,0.4228855721393035,6,0,False,
PSAP,0.061784396568934086,0.006260544687242754,0.01173690243874946,0.22388059701492538,6,0,False,
COX7A2L,0.0897099723418554,0.00625290223822637,0.0068968959016743455,0.07960199004975124,6,0,False,
SSB,0.07429198920726782,0.0062518735523778984,0.008761569512782121,0.1791044776119403,6,0,False,
SLTM,0.07918936510880781,0.006234679183046777,0.013074309436285852,0.25870646766169153,6,0,False,
TRMT112,0.06045696636041009,0.0062321334721482866,0.009682700921334293,0.24378109452736318,6,0,False,
SNRPF,0.06165224313735962,0.006230264649239119,0.01865301861778318,0.3283582089552239,6,0,False,
HECTD1,0.13270972172419232,0.006217184208703179,0.007116192730049639,0.0845771144278607,6,0,False,
RAD23A,0.07668800155321759,0.006200103973727232,0.008006849995513172,0.1890547263681592,6,0,False,
RUNX1,0.14297723025083542,0.0061997221760757126,0.010155905498066761,0.24378109452736318,6,0,False,
METAP2,0.0922756542762121,0.006178335048276048,0.008067633390676753,0.1691542288557214,6,0,False,
COTL1,0.057585085431734684,0.006148280822486405,0.021183554846145345,0.40298507462686567,6,0,False,
EIF2S3,0.10039593776067096,0.006136956983229028,0.0075483457258618885,0.14427860696517414,6,0,False,
TIMM13,0.07937668263912201,0.0061243680706343775,0.013915571540464262,0.2736318407960199,6,0,False,
UFC1,0.06009833017985022,0.006111525723215072,0.015379705202968389,0.29850746268656714,6,0,False,
MIDN,0.06828973193963361,0.00610600658954453,0.023826323753491967,0.373134328358209,6,0,False,
PDCD5,0.05783862868944806,0.0060801230961676596,0.008602429240922048,0.11940298507462686,6,0,False,
PNPLA8,0.13669297347466153,0.006078693978057031,0.009543397895511101,0.15422885572139303,6,0,False,
ERRFI1,0.1349252996345361,0.006077654925517534,0.011350093028963283,0.21393034825870647,6,0,False,
TMPO,0.0730174879233042,0.0060667138476131355,0.016257432174622992,0.3034825870646766,6,0,False,
SSU72,0.07508491973082232,0.00602030294570176,0.007491777183281547,0.14427860696517414,6,0,False,
EWSR1,0.0730015436808269,0.005996285695863392,0.009059446114149328,0.1791044776119403,6,0,False,
REL,0.10435614486535388,0.005994992685167852,0.010864877684404087,0.21890547263681592,6,0,False,
EIF3B,0.0982557435830434,0.005981456057391664,0.008499540297132908,0.15920398009950248,6,0,False,
AMD1,0.08417950073877978,0.005981066504635673,0.01273548517593791,0.2885572139303483,6,0,False,
CCT4,0.09197993576526642,0.005971796648576683,0.006209308894496366,0.06965174129353234,6,0,False,
MLXIP,0.11885278423627221,0.005968686547719149,0.006077888627366263,0.05970149253731343,6,0,False,
DPP7,0.1276111975312233,0.005967190482197222,0.006509457152443112,0.0845771144278607,6,0,False,
MRPL20,0.07131902376810717,0.005965587085115076,0.013554745535340341,0.29850746268656714,6,0,False,
SEC11A,0.07763449847698212,0.005958441556063043,0.010761234793028636,0.24875621890547264,6,0,False,
TRIR,0.04838518301645911,0.005947879433720288,0.00975723913995646,0.21393034825870647,6,0,False,
SEC11C,0.0925459464391073,0.005946861456587177,0.012719747167237032,0.2935323383084577,6,0,False,
LGALS3BP,0.04610763986905431,0.005921958712187659,0.026132312331517794,0.43781094527363185,6,0,False,
ZC3HAV1,0.12290055056413018,0.0058955481808431985,0.009947332857516485,0.26865671641791045,6,0,False,
ARID5B,0.137322207291921,0.005872684693344322,0.0068115939169727125,0.11442786069651742,6,0,False,
PSMA7,0.027269959449768066,0.005866725595417616,0.04134513993160161,0.40298507462686567,6,0,False,
TAX1BP1,0.04873948295911146,0.005862872482219357,0.018612161998410048,0.36318407960199006,6,0,False,
RAB2A,0.050758878389994266,0.005835642251310738,0.015080236322433181,0.3383084577114428,6,0,False,
EIF3K,0.04199668765068054,0.005830469818983067,0.02807161402642477,0.42786069651741293,6,0,False,
HCG18,0.14808541784683865,0.005808341989624097,0.008512888737903661,0.14925373134328357,6,0,False,
GNB2,0.07287995517253876,0.0057819618329630505,0.011536229106131318,0.2537313432835821,6,0,False,
CHMP3,0.07468630373477936,0.005763815046925606,0.010314332348113275,0.23383084577114427,6,0,False,
MAPRE1,0.09356006731589639,0.005755386822189561,0.006465746410865847,0.09950248756218906,6,0,False,
CCND1,0.06953934580087662,0.005743178448044704,0.021707736338693183,0.3482587064676617,6,0,False,
BANF1,0.06463171541690832,0.005726479344388446,0.006046266113408247,0.05970149253731343,6,0,False,
PRMT1,0.0822148819764455,0.005707113024395602,0.0077656799544584855,0.15920398009950248,6,0,False,
SNRPD1,0.05442295968532562,0.0057013238618402635,0.015549701971432475,0.2835820895522388,6,0,False,
G3BP1,0.09395903845628101,0.005695270251269354,0.009143272043370445,0.24378109452736318,6,0,False,
CSRNP1,0.10968439963956672,0.0056791909998479195,0.013961826958803682,0.31840796019900497,6,0,False,
COPS9,0.06595223148663842,0.005663874816787016,0.014309123600741885,0.29850746268656714,6,0,False,
TRIM28,0.09658220907052356,0.005661316589333594,0.006386728393703296,0.0945273631840796,6,0,False,
MRPS21,0.05408444007237745,0.0056541295774609965,0.012740938091055223,0.2885572139303483,6,0,False,
SOX4,0.050422410170237186,0.005644512955988277,0.015038411688379301,0.30845771144278605,6,0,False,
PRPF40A,0.0653549929459889,0.005623144105204023,0.009968073174874269,0.21393034825870647,6,0,False,
DYNC1LI2,0.10663365821043647,0.005580738618604497,0.006278431407381019,0.12437810945273632,6,0,False,
SNHG32,0.10685929407676062,0.005559901973617794,0.006069284978186096,0.06965174129353234,6,0,False,
ACBD3,0.09399952491124475,0.005557781939223496,0.009209229933144658,0.24875621890547264,6,0,False,
C6orf62,0.11392019192377728,0.005540771794172427,0.007734688733723637,0.14427860696517414,6,0,False,
PRKDC,0.10647724568843842,0.005532585846706603,0.009715583860459578,0.1691542288557214,6,0,False,
TCEA1,0.06331662833690643,0.005505354270768779,0.012585458942435514,0.26865671641791045,6,0,False,
MRPL57,0.06192998091379798,0.005502386815408513,0.010339353160613319,0.21890547263681592,6,0,False,
CNBP,0.05313791334629059,0.005487481836695217,0.014062026978356054,0.31343283582089554,6,0,False,
TCP1,0.08082788189252216,0.005461849631279537,0.006735969217385411,0.16417910447761194,6,0,False,
FNBP4,0.07620665431022644,0.0054258311913302675,0.008013428993487741,0.14427860696517414,6,0,False,
LINC01578,0.061311145623524965,0.005425469286035725,0.007450985641595925,0.11940298507462686,6,0,False,
GRN,0.06127048532168072,0.0054251517752791495,0.009556135315005675,0.20398009950248755,6,0,False,
TMEM14B,0.07173159221808117,0.005401870575123742,0.007565104395079002,0.22388059701492538,6,0,False,
JPX,0.11924494802951813,0.005401475079466591,0.0060315580873844254,0.0945273631840796,6,0,False,
SLC12A2,0.13496600091457372,0.005399634634826598,0.008749331039956579,0.2736318407960199,6,0,False,
SNHG16,0.10525281727313995,0.005392582882223903,0.006683398104684182,0.13432835820895522,6,0,False,
KCNK1,0.10942979156970978,0.005353790802981955,0.010822504203171168,0.3034825870646766,6,0,False,
AGO2,0.1475264554222425,0.005351856089383577,0.005347651015928696,0.05472636815920398,6,6,False,
NIPBL,0.09628076354662574,0.00534702827384842,0.006391425697801119,0.11442786069651742,6,0,False,
NAA38,0.08362187941869104,0.005343031430922301,0.00816330624865388,0.15422885572139303,6,0,False,
CXCL17,0.18881121650338173,0.0053406432310528695,0.010994572708699937,0.3681592039800995,3,0,False,
EIF3L,0.10357777774333948,0.005317732261597743,0.006278221848216684,0.12935323383084577,6,0,False,
VSIG2,0.1347054888804753,0.005312552659771045,0.015141168750216318,0.3880597014925373,6,0,False,
KCNQ1OT1,0.08264886339505517,0.005291356052209389,0.019579670810400147,0.35323383084577115,6,0,False,
ALDH1A1,0.0661279261112212,0.005155708171470743,0.025374380921622874,0.4626865671641791,6,0,False,
MGMT,0.092951200902462,0.0051476179174135845,0.006259930272640041,0.12437810945273632,6,0,False,
VCP,0.05558599531650543,0.005137754128222961,0.018103238771059314,0.36318407960199006,6,0,False,
METTL26,0.07718844215075177,0.005131243178715264,0.006340053973384778,0.14925373134328357,6,0,False,
NOP58,0.08943995833396912,0.005119638767838788,0.005843685070819397,0.12935323383084577,6,0,False,
PRDX1,0.023702551921208626,0.005112258679596398,0.07632419964671239,0.44776119402985076,6,0,False,
LINC00342,0.15134387463331223,0.005098041826689031,0.011976402498076508,0.32338308457711445,6,0,False,
RPL7L1,0.10186838110287988,0.005085133959739386,0.00600292825440773,0.10945273631840796,6,0,False,
LMO4,0.12026699880758918,0.00507649404372547,0.00941772215511855,0.25870646766169153,6,0,False,
KAT6B,0.1045176088809967,0.004987628069858998,0.005348341943233863,0.08955223880597014,6,0,False,
NDUFAF3,0.08685225745042163,0.004972789024616961,0.005774994786256438,0.11442786069651742,6,0,False,
DNTTIP2,0.11689737439155579,0.004965430580788604,0.006649240625875197,0.14925373134328357,6,0,False,
CDV3,0.04956240455309546,0.0049632487790762575,0.01965150884929287,0.35323383084577115,6,0,False,
ATRAID,0.08395937085151672,0.004958962500014078,0.0053544952042652765,0.06467661691542288,6,0,False,
LAPTM4A,0.05596277614434564,0.00495120939148158,0.01278922634670837,0.31840796019900497,6,0,False,
FRMD4B,0.1784995769460996,0.00494416656999771,0.005576520101129038,0.09950248756218906,6,0,False,
DUT,0.12408651659886039,0.004940432273262411,0.00500248829729626,0.07462686567164178,6,0,False,
GTPBP4,0.1013279234369596,0.004934113121701052,0.007289763536878842,0.19900497512437812,6,0,False,
REX1BD,0.07065183917681378,0.004934041419076491,0.00566011107470308,0.08955223880597014,6,0,False,
NSA2,0.051445335149765015,0.004927329191204694,0.014659008881350931,0.3283582089552239,6,0,False,
ETS2,0.056051721175511715,0.004901970182137842,0.02872908651013317,0.4228855721393035,6,0,False,
IDH1,0.10405013958613074,0.004891120356230761,0.007596405541069492,0.17412935323383086,6,0,False,
CLK1,0.06452982127666473,0.00486927954835889,0.009905030977705913,0.22388059701492538,6,0,False,
ATP2B1,0.08810204267501837,0.004860569962161016,0.004811677969707412,0.05472636815920398,6,6,False,
TMED10,0.05831429859002435,0.004857210338488993,0.014585894548748939,0.43283582089552236,6,0,False,
BCAP31,0.048007965087890625,0.004852050299037796,0.008947619764276167,0.32338308457711445,6,0,False,
SIVA1,0.06681950390338903,0.004840404700442361,0.009410419408080116,0.25870646766169153,6,0,False,
YOD1,0.1317736506462097,0.004838130268284513,0.008359361561789564,0.19402985074626866,5,0,False,
CNPY2,0.05855252345403039,0.004835970466222139,0.011181365764352073,0.23880597014925373,6,0,False,
TM9SF3,0.039814402659734016,0.004832472614594602,0.03258684254125208,0.43283582089552236,6,0,False,
CD47,0.07890198131402337,0.004831947204868174,0.005388478237023298,0.0845771144278607,6,0,False,
CD151,0.046168098847071404,0.004825487427958256,0.018075177123693206,0.39800995024875624,6,0,False,
SPTBN1,0.03258272508780158,0.0048208268562082626,0.032433237123252696,0.38308457711442784,6,0,False,
NFIA,0.07557580371697742,0.004804867027128566,0.00844991942799674,0.26865671641791045,6,0,False,
CCT7,0.075586145122846,0.004801423158409556,0.00659735674606651,0.19900497512437812,6,0,False,
VPS13C,0.095298171043396,0.004777407721031635,0.008078834239342341,0.23383084577114427,6,0,False,
NEDD4L,0.11840166399876279,0.004777284452472216,0.008382075174062632,0.21890547263681592,6,0,False,
RIF1,0.09958742310603458,0.0047761136184229416,0.004853302558122961,0.06467661691542288,6,0,False,
TBCA,0.04425444205602014,0.004770867084860577,0.01881361796984007,0.38308457711442784,6,0,False,
EIF5B,0.048902059594790104,0.004741578145545311,0.017990972608119202,0.39303482587064675,6,0,False,
IL6ST,0.11926684031883877,0.004740481909740957,0.006547358500620071,0.21393034825870647,6,0,False,
TNFAIP3,0.04571645831068355,0.004716383315461952,0.028728355018323073,0.42786069651741293,6,0,False,
HACD3,0.11357423663139343,0.004705728477044981,0.006061663972856481,0.14925373134328357,6,0,False,
SREK1,0.08426604668299353,0.004703486233453025,0.0047913981559200075,0.06467661691542288,6,0,False,
PPIA,0.015919029712677002,0.004691451355309276,0.08462341877877191,0.46766169154228854,6,0,False,
RB1CC1,0.08166767656803131,0.004670206604116326,0.006750419671260875,0.12935323383084577,6,0,False,
PPM1G,0.059051165978113884,0.0046567515159187224,0.013775558557993405,0.3333333333333333,6,0,False,
SMIM26,0.0445332527160644,0.004642719619493366,0.011035143867904374,0.2835820895522388,6,0,False,
TMX4,0.10984942813714349,0.004622212635100983,0.004732362733320338,0.05970149253731343,6,0,False,
ANAPC5,0.09513700505097705,0.0046066595287910465,0.005182298435232929,0.0845771144278607,6,0,False,
GNAQ,0.14301137626171112,0.004597119940316944,0.005077046265404284,0.10945273631840796,6,0,False,
NHP2,0.06203983227411908,0.004590466112848125,0.008704054493409552,0.24875621890547264,6,0,False,
PARP1,0.10738037526607513,0.004585910035129476,0.0064849825705419915,0.15422885572139303,6,0,False,
EMP2,0.07568475107351941,0.004581196666813881,0.007455636434268014,0.208955223880597,6,0,False,
CHD6,0.12272161742051443,0.004578754711161895,0.00474466322234615,0.07960199004975124,6,0,False,
SEPTIN2,0.06003475685914361,0.004570521463595152,0.010630732772427242,0.30845771144278605,6,0,False,
PSME4,0.152133584022522,0.004564344302889064,0.005272216216585555,0.12935323383084577,6,0,False,
RTF1,0.07263563076655072,0.004563164458442284,0.008051078887465165,0.16417910447761194,6,0,False,
SRSF4,0.0755395342906316,0.004560658483512642,0.005980096795612405,0.17412935323383086,6,0,False,
DNAJC1,0.06730832656224567,0.004556624830711701,0.007315965954900755,0.22388059701492538,6,0,False,
TMBIM4,0.05645993848641717,0.004550493415733409,0.010640743136718462,0.2885572139303483,6,0,False,
EIF4G1,0.056836704413096184,0.004550424571086847,0.016579074314951245,0.39800995024875624,6,0,False,
BAG3,0.09799538056055704,0.00452789505527573,0.007189926805004032,0.2935323383084577,6,0,False,
FIS1,0.04141806562741601,0.004525181068643268,0.00987399600596203,0.2935323383084577,6,0,False,
EIF3H,0.042201196153958564,0.004524764242955887,0.015557523907592298,0.3781094527363184,6,0,False,
ETNK1,0.06615954637527466,0.004502245001192501,0.012557450229733036,0.3383084577114428,6,0,False,
SCARB2,0.10095509390036261,0.004492760099878554,0.005783648615293147,0.08955223880597014,6,0,False,
SMARCC1,0.11168925215800607,0.004492538510571032,0.005180280043086989,0.0945273631840796,6,0,False,
COX4I1,0.01910877227783203,0.004491210071279377,0.047927479583432686,0.4129353233830846,6,0,False,
CCT2,0.061922311782836914,0.004477485458244479,0.00789480838904865,0.2537313432835821,6,0,False,
TIMP1,0.030663490295410156,0.004476974884751882,0.01900444811085622,0.3582089552238806,6,0,False,
PIGT,0.06818947941064835,0.004445429413784535,0.005532508721517158,0.11940298507462686,6,0,False,
POLR2J3,0.085377037525177,0.0044318398224660275,0.007900137338608084,0.1890547263681592,6,0,False,
TMEM219,0.05724102258682251,0.004431004672033612,0.009509617105246592,0.2835820895522388,6,0,False,
GCLC,0.13747794926166534,0.004428983458472098,0.0061370293097784585,0.13432835820895522,6,0,False,
PSMB6,0.04958908259868622,0.004427720100387908,0.01023342308925934,0.3333333333333333,6,0,False,
WNK1,0.10344409445921582,0.0044198286213576595,0.004498876475009987,0.06467661691542288,6,0,False,
SAP18,0.029012282689412472,0.004414416362299131,0.022799374602986602,0.3681592039800995,6,0,False,
EIF3J,0.05721781154473626,0.004396206676884693,0.0134968375329405,0.36318407960199006,6,0,False,
PER2,0.17474287499984106,0.004370946529426348,0.004983803014330086,0.11442786069651742,5,0,False,
SNRPD3,0.06155559420585632,0.0043673370605043955,0.008384213260384863,0.26865671641791045,6,0,False,
BRD7,0.0918419559796651,0.004353157392750162,0.005122419772695588,0.13432835820895522,6,0,False,
RAB21,0.0948142409324646,0.00434541289441913,0.006049713201642794,0.13930348258706468,6,0,False,
SENP6,0.09122117360432941,0.004345286232123491,0.004918045232062249,0.0945273631840796,6,0,False,
LAMB3,0.04627981781959534,0.004336880015072462,0.022514045313932834,0.4129353233830846,6,0,False,
CSNK2A1,0.053511396050453186,0.00433006624160546,0.007468642565526768,0.23383084577114427,6,0,False,
ANKHD1,0.06970827281475067,0.004319356902151992,0.006218377368774503,0.1791044776119403,6,0,False,
SSR2,0.03426801164944959,0.004315938928756896,0.020119467063401893,0.43781094527363185,6,0,False,
CHD3,0.1424988309542338,0.004299774967524458,0.0050619913902875185,0.10945273631840796,5,0,False,
ZC3H15,0.049955690900484684,0.004294963657636427,0.009732983895438758,0.30845771144278605,6,0,False,
NOLC1,0.1125214546918869,0.004289170112623163,0.005718756239044691,0.14925373134328357,6,0,False,
KPNA4,0.07144316534201306,0.004276574232585705,0.008633204307211527,0.3034825870646766,6,0,False,
CCAR1,0.08216359714666999,0.0042685188446191045,0.005367862196451434,0.14925373134328357,6,0,False,
MAP3K2,0.09243100881576538,0.004263083429139147,0.006774619351161018,0.18407960199004975,6,0,False,
PNKD,0.08543485899766284,0.004257161510441441,0.005147988217615531,0.12437810945273632,6,0,False,
CLINT1,0.051150575280189514,0.004252966583480743,0.017281684035959196,0.39800995024875624,6,0,False,
SNRNP200,0.09060212224721909,0.004247209224656454,0.00545115476178136,0.13432835820895522,6,0,False,
WDR43,0.09636570513248444,0.004245915111086178,0.004598619988469293,0.08955223880597014,6,0,False,
SEC31A,0.07086164255936944,0.004231202787669619,0.007089544635153088,0.2835820895522388,6,0,False,
CWC25,0.0944572115937869,0.004220745452050328,0.005725808207186573,0.11442786069651742,6,0,False,
ABCF1,0.07206614812215167,0.004218520353577051,0.006366876083419458,0.23383084577114427,6,0,False,
MYO10,0.09919791917006177,0.0042120369121681255,0.005806482458195921,0.19402985074626866,6,0,False,
HDLBP,0.0420225361982981,0.004201717285490734,0.022742471573503977,0.4577114427860697,6,0,False,
RAC1,0.019928336143493652,0.004201435048484668,0.048431852566592416,0.44776119402985076,6,0,False,
THRAP3,0.0595136086146037,0.004188639755051633,0.007648677638255173,0.25870646766169153,6,0,False,
OSER1,0.08375404588878155,0.004180822342642318,0.007297966426745282,0.25870646766169153,6,0,False,
PCF11,0.09463187058766681,0.004167097841445153,0.005941188782041439,0.15422885572139303,6,0,False,
GTF3A,0.05775419374306995,0.004146284453901355,0.00760276969098141,0.24378109452736318,6,0,False,
RBMX,0.05616149803002679,0.004141999595594616,0.008601130209679685,0.24378109452736318,6,0,False,
ZNF638,0.08214326699574787,0.004139630739444854,0.005661796827129671,0.14925373134328357,6,0,False,
SMARCA4,0.08195178955793381,0.004137528152373612,0.0041488867887622995,0.05970149253731343,6,0,False,
PTPRA,0.08216703186432517,0.004124580325633875,0.00545511427774546,0.09950248756218906,6,0,False,
RERE,0.09005794425805408,0.004108108956302179,0.0044774997055833455,0.08955223880597014,6,0,False,
ARID1B,0.08028226097424829,0.004105060944707212,0.004814316483728953,0.09950248756218906,6,0,False,
RPS19BP1,0.053933580716451046,0.0040951322169236765,0.009780024627896861,0.2736318407960199,6,0,False,
ROCK1,0.06027957300345099,0.004078589343065207,0.0064757274480185655,0.208955223880597,6,0,False,
SUPT5H,0.09247722725073498,0.004073676913253491,0.00469745340233734,0.07960199004975124,6,0,False,
USP34,0.07477076848347985,0.004071786288925383,0.005092980021888984,0.09950248756218906,6,0,False,
PAXX,0.0735399151841799,0.0040670978088568855,0.005136357115797525,0.10945273631840796,6,0,False,
RNF145,0.09733413904905319,0.004061368130927762,0.007319494485662083,0.18407960199004975,6,0,False,
ANKRD11,0.038456807533899906,0.004060582083025241,0.010700298407403419,0.27860696517412936,6,0,False,
MAP2K3,0.09563810875018436,0.004050129340665718,0.00867128961037191,0.2935323383084577,6,0,False,
RBM8A,0.03841126958529162,0.004047447896195258,0.009410466273691184,0.2885572139303483,6,0,False,
SMIM22,0.030984332164128547,0.004032350948960296,0.03753032376390911,0.4228855721393035,6,0,False,
SEPTIN7,0.038998787601788876,0.004018955333527558,0.010813585332979068,0.3283582089552239,6,0,False,
MAP1B,0.22720597560207048,0.004016620508579895,0.003819240853594345,0.04477611940298507,3,6,False,
TNFAIP2,0.08267959952354431,0.003993036952425505,0.004906326975383412,0.12935323383084577,5,0,False,
ZCRB1,0.07704801857471466,0.003992541194674549,0.004349353249699967,0.08955223880597014,6,0,False,
RTRAF,0.046942705909411186,0.003991503449738205,0.00874373583121559,0.3482587064676617,6,0,False,
ERO1B,0.32277943690617883,0.003991088098003188,0.004256853130909706,0.08955223880597014,3,0,False,
TRIB1,0.07083655397097266,0.003984119877009755,0.014033398574579007,0.34328358208955223,6,0,False,
MAFG,0.10005091751615205,0.0039809288082435414,0.006557973923047042,0.21393034825870647,6,0,False,
PSMC5,0.05526400605837506,0.003979170234563422,0.0073828123184760735,0.22885572139303484,6,0,False,
UTRN,0.09494192649920785,0.00397499632234378,0.005837054207252816,0.13930348258706468,6,0,False,
SNRPG,0.03467303514480591,0.003963213834434795,0.019583273013029697,0.39303482587064675,6,0,False,
IPO7,0.10117911299069726,0.003958851646137608,0.005057539917634156,0.15920398009950248,6,0,False,
SERINC1,0.1025656561056773,0.003957617124996901,0.00408112341853578,0.06965174129353234,6,0,False,
NRDC,0.06367945671081543,0.003947283737954881,0.00673377221659677,0.21890547263681592,6,0,False,
CPNE1,0.056539538005987794,0.003938449478940523,0.005453222038660166,0.13930348258706468,6,0,False,
TMEM205,0.06078033149242401,0.003930543660424166,0.004674815984564239,0.0945273631840796,6,0,False,
EDN1,0.085795768070966,0.003927136726043309,0.008261776279240417,0.2885572139303483,5,0,False,
RAB7A,0.051842341820398985,0.003914239066964196,0.007317221392924724,0.26865671641791045,6,0,False,
PSMB4,0.048429605861504854,0.0038809890068877383,0.00787359331462789,0.27860696517412936,6,0,False,
FAM120AOS,0.07833441595236462,0.0038801415571028232,0.0076409812088289435,0.2885572139303483,6,0,False,
TMEM258,0.03842762112617493,0.0038731194967377277,0.02135545140931838,0.39303482587064675,6,0,False,
ATP6AP2,0.0708308766285578,0.0038608232209059647,0.003942098663960742,0.06965174129353234,6,0,False,
AHR,0.05040725817282993,0.0038573374251055074,0.012599266759556024,0.35323383084577115,6,0,False,
MECOM,0.05602037409941357,0.0038471381151999736,0.01407200280667599,0.39303482587064675,6,0,False,
PHF3,0.0818446775277456,0.0038457423992863766,0.0057359710591692765,0.13930348258706468,6,0,False,
SGMS2,0.17832924673954648,0.0038419936267053596,0.006138657707844075,0.1791044776119403,6,0,False,
WTAP,0.07277306417624158,0.003834762338267853,0.004110529051112645,0.06467661691542288,6,0,False,
EPHA2,0.10752644079426923,0.0038303766520971293,0.009084337482780244,0.2885572139303483,6,0,False,
COX8A,0.02306121587753296,0.003818366468134745,0.035695256099479704,0.4228855721393035,6,0,False,
MRPS26,0.05480386068423587,0.0037828948356470778,0.008159270440822345,0.26865671641791045,6,0,False,
CYB5R3,0.09346787631511688,0.003776633248849529,0.003907854013327703,0.06965174129353234,6,0,False,
ALKBH7,0.04956059654553735,0.0037572754047633743,0.010351628045824223,0.3034825870646766,6,0,False,
EPC1,0.06322189668814343,0.0037491521018737616,0.004589290901272737,0.05970149253731343,6,0,False,
WEE1,0.08915968487660092,0.003747765829558194,0.010827343921363287,0.31840796019900497,5,0,False,
PRDX5,0.032185425360997666,0.003743590213812645,0.020668080183052388,0.3781094527363184,6,0,False,
MPHOSPH8,0.053135623534520504,0.0037385664257741057,0.010997534569386862,0.3582089552238806,6,0,False,
GNB1,0.059958577156066895,0.0037144996995475475,0.0050918271578756875,0.13432835820895522,6,0,False,
TBL1XR1,0.0699322024981181,0.0037144930380917126,0.0040314057683839225,0.0945273631840796,6,0,False,
LAMTOR1,0.048999433716138185,0.003714101999346702,0.007199682027395375,0.26865671641791045,6,0,False,
NDFIP1,0.06861313184102374,0.0037083253090065124,0.004988532323163442,0.1791044776119403,6,0,False,
BEX3,0.24740026518702504,0.003705286732505208,0.0038482442868789947,0.06965174129353234,3,0,False,
XRN2,0.046704416473706545,0.0037037920060695043,0.006735946075556015,0.20398009950248755,6,0,False,
NUMA1,0.07319398721059167,0.003689448587106554,0.0038162553580984157,0.07960199004975124,6,0,False,
IGFBP2,0.09086446960767103,0.0036704981179062606,0.014792952183437152,0.3880597014925373,5,0,False,
YME1L1,0.03949757417043043,0.0036660327969150097,0.012516066010765752,0.34328358208955223,6,0,False,
FXR1,0.076713927090168,0.003663210533150986,0.004425583563728724,0.1044776119402985,6,0,False,
LMO7,0.034638161460558536,0.0036597144131837547,0.03591781557654524,0.47761194029850745,6,0,False,
PDZD8,0.07764297227064765,0.003642937138501676,0.006533334862399947,0.2835820895522388,6,0,False,
RAN,0.025721947352091434,0.003619806086280676,0.025074064869154686,0.4129353233830846,6,0,False,
SCAF11,0.042856673399607415,0.003618160558048182,0.010091878110197617,0.31840796019900497,6,0,False,
CTTN,0.04737628499666846,0.003613839088774402,0.008454549760837302,0.3333333333333333,6,0,False,
ATP6V1F,0.04742329319318134,0.003608823605629913,0.006613779950439217,0.22885572139303484,6,0,False,
THOC2,0.05503729979197186,0.003605731755914183,0.004022147615829543,0.1044776119402985,6,0,False,
CEMIP2,0.048975616693496704,0.0036051467862936635,0.01367514541769187,0.36318407960199006,6,0,False,
CCT5,0.04077407717704773,0.0035925897468774763,0.01476367382742281,0.40298507462686567,6,0,False,
NDUFAF8,0.065236692627271,0.003589292943646725,0.005420084722356859,0.11442786069651742,6,0,False,
TMEM160,0.03910799324512487,0.0035870954956084963,0.007068275829946224,0.22388059701492538,6,0,False,
HUWE1,0.08024348815282184,0.003583943515769584,0.00456117859403118,0.16417910447761194,6,0,False,
RAB14,0.06474064290523529,0.0035832610612689213,0.006209137770723077,0.22388059701492538,6,0,False,
CUX1,0.079291229446729,0.003582057646235897,0.004683713583109426,0.15422885572139303,6,0,False,
SYNGR2,0.051983108123143495,0.003571909898921092,0.010635013121746093,0.3383084577114428,6,0,False,
BAIAP2,0.13839678714672723,0.0035625188237742465,0.0044423845148084265,0.09950248756218906,6,0,False,
MRPL54,0.05307355026404059,0.0035614006359131,0.007140416291224154,0.2885572139303483,6,0,False,
FAM102A,0.09196597586075467,0.003559322335974836,0.007703411692828869,0.2835820895522388,6,0,False,
YWHAG,0.0751073186596235,0.00355886131311933,0.00586660236276941,0.1890547263681592,6,0,False,
NCOA7,0.02860700587431597,0.003545798009131855,0.029262403280749437,0.4577114427860697,6,0,False,
MORF4L2,0.04358590642611182,0.003545261509404818,0.009099912789593555,0.3781094527363184,6,0,False,
POLR2F,0.0586048612991969,0.003540912988624319,0.0056966280310241195,0.2537313432835821,6,0,False,
NFIX,0.11650819579760235,0.003540423058161378,0.004107204936880424,0.09950248756218906,6,0,False,
YPEL2,0.0998858610788981,0.0035279274107983456,0.004500840044783066,0.11442786069651742,6,0,False,
ERH,0.04337897400061286,0.0035264458804230682,0.007209164013084166,0.3034825870646766,6,0,False,
SMARCA2,0.10872296492258704,0.0035254443821367215,0.004442767848918748,0.14427860696517414,5,0,False,
SF3B5,0.03675578037897742,0.003511809928420471,0.012577200571869339,0.4079601990049751,6,0,False,
MUC6,0.3116971887648105,0.0035038768214247355,0.00341774860448319,0.04975124378109453,3,6,False,
ZFAND2A,0.07465163618326187,0.0034976937708851067,0.0055873773503938105,0.208955223880597,6,0,False,
PHF14,0.06874234974384308,0.0034974586877228445,0.0037895732506702372,0.06467661691542288,6,0,False,
USP16,0.08502147098382318,0.0034971034341506287,0.0037203827015328404,0.07960199004975124,6,0,False,
CREBRF,0.08197789142529169,0.0034877093015961234,0.004552548453083238,0.14427860696517414,6,0,False,
MAST4,0.12506619095802307,0.0034859623632183725,0.004153224823784017,0.0945273631840796,6,0,False,
SLC25A6,0.02276335159937548,0.0034779449849617794,0.024119492698552084,0.47761194029850745,6,0,False,
EIF3D,0.04845994710922241,0.0034773400280263636,0.006288329311222077,0.263681592039801,6,0,False,
CDK12,0.049510483940442385,0.0034722962164618868,0.0048097634233027165,0.12437810945273632,6,0,False,
CFAP36,0.09582063804070157,0.0034630797818949012,0.003380639753541349,0.05472636815920398,6,6,False,
CPE,0.4490612658361594,0.0034622219468147387,0.003726237616555701,0.08955223880597014,2,0,False,
GSTM3,0.09840676933526993,0.003461001802704016,0.005106328043671255,0.208955223880597,5,0,False,
CHD1,0.07700040439764655,0.003454123047753493,0.0044552639366788995,0.11940298507462686,6,0,False,
APLP2,0.03531014919281006,0.0034355550706885603,0.010132893642314565,0.32338308457711445,6,0,False,
WASF2,0.04846140245596564,0.003425012994069166,0.008678666639090536,0.3034825870646766,6,0,False,
CAMTA1,0.06341707209746045,0.0034202524760839834,0.004049194203566146,0.07960199004975124,6,0,False,
KDM2A,0.05844235420227051,0.00341944799346085,0.003687534047867239,0.06965174129353234,6,0,False,
PSMB7,0.048715958992640196,0.0034183574850543555,0.0069388950487391625,0.3283582089552239,6,0,False,
UBXN1,0.03997713327407837,0.003417540539765199,0.005342633647507018,0.1691542288557214,6,0,False,
RSBN1L,0.055813958247502626,0.003414690725861212,0.0053221841691887435,0.1691542288557214,6,0,False,
OCIAD1,0.05138557652632392,0.0034038271039902156,0.005242827303914385,0.16417910447761194,6,0,False,
MBNL2,0.0834266071518262,0.003402039621377708,0.004510439597389362,0.12437810945273632,6,0,False,
VGLL4,0.08266712973515192,0.003382615978532774,0.003426752880853739,0.05970149253731343,6,0,False,
UPF3A,0.06743404269218445,0.003376187477753525,0.003982597780893467,0.08955223880597014,6,0,False,
ZNF165,0.13129402045160532,0.0033348612476677086,0.005670561282916122,0.20398009950248755,5,0,False,
PDK4,0.11286173760890958,0.0033346899963604274,0.005266405866770786,0.17412935323383086,6,0,False,
RALGAPA2,0.07372631132602694,0.003333989023922638,0.0041717931575627415,0.14925373134328357,6,0,False,
PLEKHA5,0.08755603432655334,0.0033318223711265764,0.003669898808877409,0.07960199004975124,6,0,False,
PTBP3,0.04920617242654168,0.0033307497794041368,0.01088336777507441,0.3582089552238806,6,0,False,
CHD7,0.06939517706632614,0.0033292875853188145,0.0037482080534925635,0.09950248756218906,6,0,False,
OCLN,0.10042103628317517,0.003328643018856651,0.005836298024229801,0.22885572139303484,6,0,False,
AQP5,0.1358846773703893,0.0033270870602045872,0.004476783565402813,0.13930348258706468,4,0,False,
PRKCI,0.08217342694600421,0.0033251556173976102,0.004733397003530567,0.1890547263681592,6,0,False,
S100A13,0.04245108366012573,0.003294452674199445,0.007985228172047236,0.22388059701492538,6,0,False,
TECR,0.04531829555829364,0.003287506634985344,0.007299725211377095,0.3034825870646766,6,0,False,
SSBP3,0.10831929743289948,0.003283216777487369,0.003703791371425324,0.07462686567164178,6,0,False,
SKIL,0.048510245978832245,0.0032793665215372593,0.009115472017896305,0.31840796019900497,6,0,False,
CDC42BPA,0.07617645959059399,0.003277276425366474,0.005249981395555831,0.208955223880597,6,0,False,
POLR2J,0.04148497184117639,0.003277109864228792,0.005453393565914872,0.26865671641791045,6,0,False,
PRPF6,0.07225175201892853,0.0032727672751507878,0.004612915199609505,0.19402985074626866,6,0,False,
SETD2,0.06829763452212018,0.003249150004026943,0.00533205503925614,0.21890547263681592,6,0,False,
NSD1,0.07430878778298694,0.003233768267328331,0.0052008332091673035,0.15920398009950248,6,0,False,
MAT2A,0.06244054436683655,0.0032321614452893483,0.00482342052218622,0.14427860696517414,6,0,False,
SUMO1,0.04213494062423706,0.003230574056141227,0.006163711445238665,0.21393034825870647,6,0,False,
TBCB,0.06799327085415519,0.0032304080804142154,0.0037209330430160578,0.1044776119402985,6,0,False,
FAM50A,0.0588664362827937,0.0032252126693925742,0.0036764382985701263,0.10945273631840796,6,0,False,
EIF4E,0.09108880658944446,0.0032235417172823736,0.005334596869395528,0.24875621890547264,6,0,False,
NUDT4,0.07146596660216648,0.0032200679747443916,0.0034690350728208124,0.07462686567164178,6,0,False,
RNF19A,0.0490388696392377,0.0032189898502665145,0.00481000862512493,0.18407960199004975,6,0,False,
MEAF6,0.09012153744697571,0.0032189088850328195,0.0033153103514111325,0.05970149253731343,6,0,False,
EPB41L4A-AS1,0.09328307708104452,0.0032055445346443334,0.0031858383986567975,0.05472636815920398,6,6,False,
BHLHE40,0.035620782524347305,0.0032046843445171476,0.013522913094973365,0.4427860696517413,6,0,False,
MTCH1,0.05085732042789454,0.003197897278496484,0.006588973773897895,0.34328358208955223,6,0,False,
EFNA1,0.04638416754702726,0.0031793218747998278,0.008970654094277957,0.3283582089552239,6,0,False,
DDX27,0.044363995393117306,0.0031576938652349935,0.004834423198824167,0.1791044776119403,6,0,False,
TNFRSF12A,0.03876369322339693,0.0031546900137291453,0.011351001183827949,0.31840796019900497,6,0,False,
DCTN3,0.07170129815737403,0.003154258183948472,0.004038838945537471,0.13432835820895522,6,0,False,
DPM2,0.07831168174743655,0.0031474129562871463,0.0035576596038548736,0.09950248756218906,6,0,False,
SNHG14,0.2739356582363447,0.0031349735904644418,0.0028822036467735053,0.009950248756218905,1,6,False,
AHCYL1,0.07125753660996759,0.003120972298034489,0.003677794139798951,0.13432835820895522,6,0,False,
RNASE4,0.1256163517634074,0.0031206412681115013,0.003977948142392831,0.13930348258706468,6,0,False,
THUMPD3-AS1,0.06410882125298178,0.0031202006520263557,0.0039164081281383815,0.11442786069651742,6,0,False,
RASEF,0.07951476176579791,0.0031169435567299907,0.008574559654216229,0.3383084577114428,5,0,False,
DDRGK1,0.0384915595253309,0.0031165180920937163,0.0054540084160311355,0.208955223880597,6,0,False,
EGR3,0.10245467163622377,0.0031117679837397846,0.007795784995446867,0.2885572139303483,5,0,False,
VPS35,0.06526253124078119,0.0030995731832855946,0.006366642420684599,0.29850746268656714,6,0,False,
UQCC2,0.06470506389935815,0.0030982003479104042,0.006549253126081004,0.22885572139303484,6,0,False,
ARL6IP4,0.025596608718236213,0.003076050247928638,0.013914797113241655,0.29850746268656714,6,0,False,
MAP4K4,0.06526002287864688,0.003075108422788928,0.0049560944418496925,0.17412935323383086,6,0,False,
STUB1,0.045538812875747736,0.0030710548939067717,0.005477777483322308,0.17412935323383086,6,0,False,
TSC22D2,0.06799008076389632,0.0030667072590234035,0.0070833696684885015,0.2537313432835821,6,0,False,
IMPDH2,0.07147574424743652,0.0030532338912012185,0.005070449233214934,0.2935323383084577,6,0,False,
LRRC75A,0.11558484286069867,0.00303260072863821,0.004683354235353957,0.15920398009950248,6,0,False,
BAD,0.07718214392662048,0.0030306859871934203,0.0035963938155314516,0.11442786069651742,6,0,False,
DRAP1,0.03273917237917584,0.003029259293279874,0.005372492919772951,0.15920398009950248,6,0,False,
CTSB,0.03952428698539734,0.0030163642238907667,0.004745681233197581,0.21890547263681592,6,0,False,
RABL6,0.05789510409037274,0.0030161286277353106,0.005918824399041025,0.208955223880597,6,0,False,
LPP,0.040285080671310425,0.003013379932533396,0.009173270047632125,0.35323383084577115,6,0,False,
THUMPD1,0.07952115436395008,0.0030053483009885697,0.002984849049418583,0.05472636815920398,6,6,False,
LRPPRC,0.06070655584335327,0.003002271421555522,0.005768031100080907,0.26865671641791045,6,0,False,
SPTY2D1,0.07304750879605615,0.0030010436168530054,0.0036720832404560453,0.14427860696517414,6,0,False,
NDUFS8,0.03143245975176501,0.0029968005542759003,0.01204660961260971,0.36318407960199006,6,0,False,
HSPA4,0.06920560946067172,0.0029850671566028003,0.004167391285167905,0.18407960199004975,6,0,False,
DPM3,0.05558203657468164,0.002980788463070483,0.006601271106516211,0.25870646766169153,6,0,False,
KLF9,0.07788421710332236,0.0029777265677013577,0.006023272900302674,0.26865671641791045,6,0,False,
CHD9,0.06193968156973523,0.0029771331164800776,0.0037250304360151613,0.08955223880597014,6,0,False,
DDX18,0.048386991024017334,0.0029755487300828143,0.005299965698995001,0.24875621890547264,6,0,False,
NAP1L4,0.06908658146858215,0.002971654437413217,0.00490734930180038,0.1890547263681592,6,0,False,
PSMD11,0.055610706408818544,0.002965135879598442,0.004133436008509289,0.19402985074626866,6,0,False,
TTC37,0.09104541192452115,0.002963667421374772,0.0038436864558408,0.13930348258706468,6,0,False,
SMARCE1,0.05359850327173871,0.0029626693231657266,0.004764849128759414,0.19900497512437812,6,0,False,
BAZ1B,0.057849536339441954,0.0029620778762589,0.0052629094270039,0.21890547263681592,6,0,False,
CCNL2,0.04547324776649475,0.0029514480166539393,0.004616108503198528,0.13432835820895522,6,0,False,
ASPHD1,0.07646345222989717,0.002951072772920942,0.0034739240430422145,0.09950248756218906,6,0,False,
UBTF,0.07089851299921673,0.002943699925132835,0.004992858392058298,0.23383084577114427,6,0,False,
TRA2A,0.05155689020951587,0.002934324060916837,0.005657527937934188,0.208955223880597,6,0,False,
OGT,0.08037707706292471,0.002929226604271166,0.003171525117928857,0.06467661691542288,6,0,False,
YWHAB,0.01351543267567945,0.002926724126452527,0.040595580803655745,0.417910447761194,6,0,False,
PAM,0.19219099233547848,0.002924478397145924,0.0030062581527211902,0.06965174129353234,4,0,False,
TXNRD1,0.04262657215197879,0.0029239899023885303,0.013638896692853423,0.39800995024875624,6,0,False,
SNRPB2,0.03347617884476978,0.0029138911486119223,0.007448764581240837,0.3034825870646766,6,0,False,
FXYD5,0.05447347710529965,0.0029064029621001537,0.004182157702442784,0.23383084577114427,6,0,False,
ZNF292,0.047959292928377806,0.0029030097251889456,0.005763268417808134,0.22388059701492538,6,0,False,
UBL3,0.09656181931495667,0.0029024542836310003,0.005897651712266551,0.2835820895522388,6,0,False,
ZFP91,0.06054224073886871,0.002900573851645674,0.0037409872562578655,0.13432835820895522,6,0,False,
STMP1,0.062365154425303104,0.0028979480576846353,0.003434142058149507,0.0845771144278607,6,0,False,
TMA7,0.016373872756958008,0.002896571067805508,0.038645644747731855,0.48258706467661694,6,0,False,
SUZ12,0.07434172928333282,0.0028804325956400855,0.003787151736209754,0.14925373134328357,6,0,False,
NUFIP2,0.029870783289273617,0.0028758189338412266,0.012323298498355803,0.3781094527363184,6,0,False,
NFKB1,0.08564826101064685,0.0028711053433054497,0.003850363567137275,0.15920398009950248,6,0,False,
MIEN1,0.0517526964346568,0.002867852226911644,0.003541193684325277,0.11442786069651742,6,0,False,
ZNF644,0.06296964983145398,0.0028649355788522074,0.0035085008126748162,0.11940298507462686,6,0,False,
LAMTOR5,0.03430113196372986,0.002861405487310683,0.006542226681820641,0.3034825870646766,6,0,False,
COX16,0.050666774312655205,0.002850688809101982,0.008421369461691395,0.31840796019900497,6,0,False,
SRSF1,0.052408422032992064,0.002847137080262247,0.005488888495035053,0.20398009950248755,6,0,False,
TNRC6B,0.057814836502075195,0.0028464387942781595,0.0038391495740688194,0.13930348258706468,6,0,False,
CD24,0.013827602068583023,0.00283794132921198,0.0929414627761597,0.4975124378109453,6,0,False,
KANSL1,0.06889417270819348,0.002834348832350529,0.0030240202380100727,0.0845771144278607,6,0,False,
LARS,0.06984503070513404,0.0028315293434675592,0.004833187563384238,0.23880597014925373,6,0,False,
VPS37B,0.05436042696237564,0.0028240790453684652,0.009664553330976794,0.40298507462686567,6,0,False,
TUBB,0.03003951907157898,0.002822838286836096,0.018113616807781896,0.40298507462686567,6,0,False,
TOMM5,0.030137643218040466,0.002818470199324361,0.01584220339360774,0.417910447761194,6,0,False,
SLC9A3R2,0.08130051568150523,0.002813335654825445,0.0036587711601710248,0.12935323383084577,6,0,False,
RLF,0.11166632672150931,0.002806628178445467,0.00337531701383103,0.0945273631840796,6,0,False,
WDR45B,0.055557203789552034,0.002797531732634807,0.0048597031413970745,0.24378109452736318,6,0,False,
BAG1,0.035048216581344604,0.002784478078936779,0.008646466481009644,0.39303482587064675,6,0,False,
CAMLG,0.06957838435967767,0.0027832264624730475,0.0035300426948070107,0.0945273631840796,6,0,False,
XPO1,0.04774328072865802,0.0027744154013756347,0.00617435715180553,0.27860696517412936,6,0,False,
DDX42,0.06513550380865735,0.0027721106192617312,0.003951327051207091,0.13930348258706468,6,0,False,
YPEL5,0.03964548806349438,0.0027714985955854653,0.010479362064268105,0.3333333333333333,6,0,False,
NIFK,0.0530730163057645,0.0027689979621852356,0.004032435150795284,0.208955223880597,6,0,False,
ATP6V0D1,0.06269393364588421,0.0027637642251912313,0.0043784817044245005,0.14427860696517414,6,0,False,
ENOSF1,0.09226002047459286,0.0027630656554927186,0.0032480523219762625,0.06467661691542288,6,0,False,
SMIM14,0.10510868827501929,0.002762381803824312,0.003911185800085232,0.22388059701492538,6,0,False,
SKAP2,0.08375129352013269,0.0027589262430784936,0.002997981041721776,0.06467661691542288,6,0,False,
MIA,0.06205812965830168,0.002755897858241271,0.00708890947188969,0.29850746268656714,4,0,False,
PSMB1,0.025330662727355957,0.002754357212915319,0.01319528033691331,0.4129353233830846,6,0,False,
RBM17,0.038200050592422485,0.0027501428958852723,0.006918854982053897,0.3034825870646766,6,0,False,
EHF,0.04608996709187829,0.0027487507072433692,0.009818079929600869,0.373134328358209,6,0,False,
GGNBP2,0.0512595723072688,0.002748413205872293,0.003424838808009513,0.14925373134328357,6,0,False,
PPP2CA,0.0648047377665838,0.0027475759255178095,0.004685659251122156,0.24875621890547264,6,0,False,
ATP2A2,0.05795278648535407,0.0027357745989818874,0.005902533645966591,0.29850746268656714,6,0,False,
TARDBP,0.06772230068842572,0.0027348582232272806,0.003325392756011712,0.0845771144278607,6,0,False,
KDM5B,0.048520416021347046,0.0027294680123298685,0.0036947581530978606,0.12437810945273632,6,0,False,
BORCS7,0.08546630044778186,0.0027193400992311487,0.002819658757619458,0.05970149253731343,6,0,False,
LYRM2,0.08460651338100433,0.0027192741501334597,0.0030584016490713215,0.07960199004975124,6,0,False,
SETD5,0.06433321038881934,0.0027142732542962465,0.0031037891831160237,0.10945273631840796,6,0,False,
TGOLN2,0.033916210134824154,0.002707676560195788,0.007226424516816092,0.31840796019900497,6,0,False,
PPP4R3A,0.04881342748800915,0.0026968455452405686,0.004198428006140493,0.22388059701492538,6,0,False,
TCEAL3,0.1389800881346067,0.0026967598028511093,0.002732820416451868,0.05970149253731343,4,0,False,
CCDC12,0.05143676698207855,0.0026956971081985442,0.00420876401495265,0.1691542288557214,6,0,False,
CYB5A,0.037293195724487305,0.002691850697159952,0.010499451339003037,0.4079601990049751,6,0,False,
ARHGAP21,0.04592341184616089,0.002687134648313553,0.009480653608878616,0.3681592039800995,6,0,False,
DHX9,0.055584341287612915,0.0026827888736179577,0.0047844417285830085,0.25870646766169153,6,0,False,
C7orf50,0.07211628804604212,0.002678231003669487,0.0034638908758764563,0.12935323383084577,6,0,False,
SREK1IP1,0.07804759095112479,0.0026764884113011844,0.0034752787422430856,0.11940298507462686,6,0,False,
ANKRD17,0.0633450299501419,0.0026625626747250495,0.00305954498244484,0.08955223880597014,6,0,False,
MRPL18,0.05083271861076355,0.002655531828079697,0.004850926987278415,0.26865671641791045,6,0,False,
DEDD2,0.07486114526788393,0.002655137125454346,0.003354540783106319,0.0945273631840796,6,0,False,
LUC7L2,0.05962500224510825,0.0026536186866769483,0.003838865416851741,0.16417910447761194,6,0,False,
DNAJC2,0.052389085292816134,0.002649390278391763,0.003357268512907135,0.12437810945273632,6,0,False,
DNAJC21,0.0552530363202095,0.002648725159257798,0.00447663110448237,0.21890547263681592,6,0,False,
ZC3H13,0.05902260045210522,0.002642765029871976,0.004972383546118109,0.21890547263681592,6,0,False,
SLIRP,0.034023478627204895,0.0026376125972320816,0.016512197353020407,0.43781094527363185,6,0,False,
PPP1R2,0.04118344187736511,0.0026279131084376794,0.003462220632448775,0.08955223880597014,6,0,False,
KRR1,0.06853335102399191,0.0026274791230851127,0.002733867240241334,0.07960199004975124,6,0,False,
EXOC7,0.08121965328852335,0.0026267020018837343,0.0038295900227652752,0.14427860696517414,6,0,False,
ITGAV,0.0872506685554981,0.0026265728940161794,0.0033223725919101373,0.11940298507462686,6,0,False,
CEBPZ,0.05991083383560181,0.0026259805184584966,0.0031629620321088118,0.12437810945273632,6,0,False,
MYO1B,0.11558981239795682,0.0026198779192636292,0.0027955422136827293,0.07462686567164178,5,0,False,
BIRC6,0.05367117126782739,0.0026174914423659212,0.00461002609284507,0.17412935323383086,6,0,False,
PTBP1,0.04643054803212482,0.002612536219939992,0.006504202781728943,0.3582089552238806,6,0,False,
TNPO1,0.08462700992822647,0.00261135467842981,0.0032184431084600427,0.14427860696517414,6,0,False,
HMGCS1,0.04136716326077783,0.0026094995454736354,0.009901042044228321,0.4079601990049751,6,0,False,
PHLDA1,0.05494737873474756,0.0026062376980404344,0.0036746036610233075,0.15920398009950248,6,0,False,
USP7,0.06719440470139187,0.002605374427423192,0.004049469065806489,0.26865671641791045,6,0,False,
LAMP1,0.03943443298339844,0.0026012194162976362,0.004897219205591422,0.31343283582089554,6,0,False,
PSMA2,0.025566329558690426,0.0025999410925462447,0.011596676398146644,0.4527363184079602,6,0,False,
SMARCC2,0.07537565628687543,0.0025977637156192647,0.002864467343379417,0.08955223880597014,6,0,False,
PPIB,0.014969617128372192,0.0025923269325938236,0.05035875436012835,0.4925373134328358,6,0,False,
SRP9,0.03575500349203742,0.0025865816857548896,0.008737657984175404,0.32338308457711445,6,0,False,
LEPROT,0.06677508850892389,0.002582987111982106,0.0031468177842491852,0.08955223880597014,6,0,False,
TNRC6A,0.06754471609989798,0.0025765783423631443,0.003572116893124224,0.14427860696517414,6,0,False,
MAP4,0.03882530331611633,0.0025737183361990924,0.007140824632066361,0.34328358208955223,6,0,False,
FAM204A,0.053027247389157595,0.002571706959782519,0.002761498995613424,0.06467661691542288,6,0,False,
FAR1,0.08287783960501355,0.0025678337545375534,0.004854888583537996,0.3034825870646766,6,0,False,
RPL22L1,0.024502620100975037,0.0025564444498335113,0.01849553577349323,0.46766169154228854,6,0,False,
USP8,0.05126515527566272,0.002549183724085842,0.00293605139634342,0.09950248756218906,6,0,False,
TXNL4A,0.04240087171395618,0.002541207170759957,0.00567448951164356,0.2935323383084577,6,0,False,
RASSF6,0.11262188851833349,0.0025397797670595433,0.003587288254622298,0.16417910447761194,5,0,False,
MT1X,0.054390922188758906,0.0025356923975349424,0.0039873862815892535,0.22388059701492538,6,0,False,
EIF3I,0.03436146179834998,0.002535031035029988,0.009395904427798772,0.417910447761194,6,0,False,
MICOS13,0.035948142409324646,0.0025349521296541473,0.007952718536934439,0.3034825870646766,6,0,False,
PPP2R2A,0.04434696833292645,0.002533571744701468,0.006303521506177224,0.32338308457711445,6,0,False,
RNASEH2C,0.05001971622308099,0.002531652895020051,0.00437958997441331,0.1791044776119403,6,0,False,
C1orf122,0.049018715818723024,0.0025298910019023804,0.004184327320212541,0.19900497512437812,6,0,False,
GOLGA4,0.020305047432581436,0.0025293469079381028,0.027981754073868992,0.4626865671641791,6,0,False,
SOX9,0.03352757543325424,0.0025266921304053737,0.009123010082837314,0.3880597014925373,6,0,False,
FNDC3A,0.08762899537881219,0.0025255133903835263,0.0027763964317541116,0.06965174129353234,6,0,False,
KIAA1324,0.22386199235916143,0.002523440098271633,0.0027755457701444195,0.07960199004975124,4,0,False,
NFATC2IP,0.0545915886759758,0.002516178220348422,0.0037350966275724647,0.11442786069651742,6,0,False,
HNRNPUL1,0.04713540772596991,0.0025156177178597347,0.005066352908467491,0.29850746268656714,6,0,False,
ICA1,0.07154302299022675,0.0025148415558435156,0.003808541737623338,0.208955223880597,6,0,False,
CMIP,0.07335827747980755,0.0025142580282746787,0.0028581681331296314,0.09950248756218906,6,0,False,
TKT,0.026409874359766605,0.0025072016487026417,0.022335621674206895,0.39800995024875624,6,0,False,
SNX5,0.03580583135286969,0.0025006507683737267,0.007331455388278305,0.3383084577114428,6,0,False,
RABGAP1L,0.07669698198636371,0.0024989090105313463,0.0028920698151648624,0.1044776119402985,6,0,False,
ZNF331,0.0964904936651389,0.0024939446961680448,0.003081557941835911,0.11442786069651742,5,0,False,
BUD31,0.027939225236574772,0.002492631344371706,0.007349505743998578,0.3383084577114428,6,0,False,
ABLIM1,0.050538380940755245,0.0024922931037602318,0.013528578211248928,0.4079601990049751,6,0,False,
LINC00511,0.05521664520104724,0.0024760208233442224,0.0070205448091796505,0.3333333333333333,6,0,False,
C1orf35,0.07021346688270569,0.002473800906606294,0.0027263734694343857,0.07960199004975124,6,0,False,
VKORC1,0.08198644717534384,0.0024717196592676212,0.002587671487288326,0.07960199004975124,6,0,False,
SMAD2,0.07719453175862628,0.0024692786194516984,0.0028383705686480507,0.11940298507462686,6,0,False,
PRKCSH,0.053014837205410004,0.0024689582159546,0.0038107875205563428,0.1791044776119403,6,0,False,
DHX15,0.05665088693300885,0.0024664073828722906,0.004899286737240816,0.2885572139303483,6,0,False,
CPNE3,0.058373009165128054,0.002466252542693474,0.0034462193868570598,0.19900497512437812,6,0,False,
PTS,0.0716887315114339,0.0024659664894796716,0.0027162232894209232,0.07462686567164178,6,0,False,
OXR1,0.08935520673791567,0.0024657042757542597,0.003032652990214273,0.13432835820895522,6,0,False,
TMEM14C,0.03604505956172943,0.0024624292077670418,0.005473483400455052,0.19900497512437812,6,0,False,
ANKRD10,0.0690963864326477,0.002462324189457396,0.002865417919003764,0.06467661691542288,6,0,False,
EPAS1,0.04859800885121027,0.0024595565389760286,0.0038766091012464024,0.1691542288557214,6,0,False,
FNIP1,0.05440332243839899,0.0024594995668707365,0.0037979346630449802,0.17412935323383086,6,0,False,
MIA3,0.0454724977413814,0.002459276722820527,0.010364249500004303,0.42786069651741293,6,0,False,
PPFIBP1,0.07437990854183832,0.0024541302115427353,0.0038327770169608497,0.18407960199004975,6,0,False,
BRAF,0.10365816702445349,0.002453509724173607,0.003135469417198144,0.08955223880597014,6,0,False,
CAPRIN1,0.04396465917428333,0.0024477911090010906,0.0065984337894763245,0.3283582089552239,6,0,False,
SMS,0.04544636607170105,0.0024448293789183025,0.005417052529367269,0.32338308457711445,6,0,False,
ZRANB2,0.044265106320381165,0.002434246428832794,0.005814409144406059,0.25870646766169153,6,0,False,
GNL1,0.07679556806882223,0.0024303707875376443,0.0025954414970844326,0.06965174129353234,6,0,False,
UBAP2,0.07036488751570383,0.0024178094221871224,0.0030654279517251842,0.09950248756218906,6,0,False,
TSPAN13,0.06632804622252786,0.002417257419772934,0.003786447711167845,0.2885572139303483,6,0,False,
ASAH1,0.04561625421047211,0.002412818074648203,0.0034482584444963,0.14427860696517414,6,0,False,
CCDC47,0.03620072205861413,0.002412090157160564,0.011976621068897329,0.4228855721393035,6,0,False,
SNRPC,0.045616855223973574,0.0024114942210601655,0.004443260395691487,0.32338308457711445,6,0,False,
VPS51,0.07067177444696426,0.0024060080363025385,0.002514323412100784,0.06965174129353234,6,0,False,
DNAJA4,0.07623796537518501,0.0024024009895434184,0.003187059124278514,0.16417910447761194,6,0,False,
ARPC5,0.0182263354460398,0.002386811199590182,0.016011593167433218,0.40298507462686567,6,0,False,
FUBP1,0.05996297796567279,0.002384210069712442,0.0033709529901397484,0.17412935323383086,6,0,False,
ARL4C,0.0742741251985232,0.002382534774073108,0.00330818290152993,0.1691542288557214,6,0,False,
CCDC107,0.056462099154790224,0.002377530549790804,0.0032109889162143766,0.12935323383084577,6,0,False,
SUCO,0.09931119531393051,0.002375258770764742,0.002547570069758557,0.07462686567164178,6,0,False,
SPTSSA,0.08659050365289053,0.002372332722297482,0.0025140066808924683,0.05970149253731343,6,0,False,
MRPL14,0.03121734658877051,0.002367517373559439,0.01203751477965248,0.3880597014925373,6,0,False,
PRRC2A,0.06429778536160788,0.0023482902971865838,0.002392461303132558,0.06467661691542288,6,0,False,
TXNL1,0.04550620416800183,0.0023437071803430595,0.003913551727416163,0.27860696517412936,6,0,False,
EIF5A,0.019376615683237786,0.0023424597550779983,0.02614469238282684,0.43283582089552236,6,0,False,
DDB1,0.0664796531200409,0.0023373977847422774,0.0033942800407444434,0.18407960199004975,6,0,False,
CNOT7,0.0894150659441948,0.0023305388446777254,0.0024304655731438958,0.07960199004975124,6,0,False,
UBR5,0.05439059684673944,0.002328927964498293,0.002357408571828889,0.05970149253731343,6,0,False,
PAWR,0.041081925233205197,0.002323947586533144,0.004777737448902408,0.23880597014925373,6,0,False,
MRPL40,0.05691027641296387,0.002318529162763848,0.002555142490708983,0.08955223880597014,6,0,False,
C18orf32,0.04158869385719299,0.002318510800966905,0.005125635824153171,0.263681592039801,6,0,False,
SECISBP2,0.07389154781897861,0.0023177042002643917,0.0024735573161407355,0.06965174129353234,6,0,False,
BAZ2B,0.05533688763777417,0.002315912371275794,0.0030570884148310245,0.11442786069651742,6,0,False,
HDAC2,0.06064384678999579,0.002314782793333008,0.003234728848930469,0.21890547263681592,6,0,False,
SUN1,0.048547121385733305,0.0023123504979509447,0.00422691174367641,0.27860696517412936,6,0,False,
MAP4K5,0.08672736709316572,0.0023108713490226575,0.002536770948997069,0.07960199004975124,6,0,False,
ACAP2,0.0525113393863042,0.002310230453188891,0.002935559033287286,0.11442786069651742,6,0,False,
COX14,0.03254524866739916,0.00230972786873617,0.006742008414492389,0.31343283582089554,6,0,False,
DNM1L,0.0541587695479393,0.002306779004780808,0.0024574990605616496,0.0945273631840796,6,0,False,
PAFAH1B2,0.06733670085668564,0.002304465108500809,0.002562204842590469,0.06965174129353234,6,0,False,
DICER1,0.07474214086929959,0.0023024875951191148,0.0024066234474654728,0.06965174129353234,6,0,False,
UCP2,0.15691487491130832,0.002302411074863428,0.0023730786628071727,0.06467661691542288,5,0,False,
HEBP2,0.021244118611017937,0.002302326194591255,0.01824793445957393,0.4228855721393035,6,0,False,
TCERG1,0.055449980000654875,0.0023012289651488656,0.004041931501508254,0.24378109452736318,6,0,False,
STX3,0.09185656656821573,0.0022957847773358905,0.0033815654090652864,0.1791044776119403,6,0,False,
MARK3,0.05004454404115677,0.0022875926241183718,0.0030228807893250605,0.11442786069651742,6,0,False,
PSMD8,0.02374730507532763,0.002287406890753221,0.01014356078259278,0.39800995024875624,6,0,False,
SIRT1,0.09691944594184557,0.0022797818144935722,0.0027673511037744946,0.10945273631840796,6,0,False,
MAGED2,0.10225853075583777,0.0022796096627923637,0.002663421922781651,0.14427860696517414,6,0,False,
GLG1,0.06102790931860602,0.0022762806382728234,0.0023480473175597973,0.06467661691542288,6,0,False,
CD44,0.03407338261604309,0.0022748179384386924,0.00803411349847467,0.31840796019900497,6,0,False,
MYO6,0.03478435675303143,0.00226617419101005,0.005418858168894975,0.263681592039801,6,0,False,
ZFAND6,0.0531085729598999,0.002260755213358055,0.002368586918072905,0.07462686567164178,6,0,False,
ARPP19,0.062388718128204346,0.0022584142446411843,0.0028898481678221403,0.10945273631840796,6,0,False,
DDC,0.24252069741487506,0.002258398856531423,0.0020543977565863126,0.01990049751243781,3,6,False,
AAMDC,0.08679640789826712,0.0022560535267712803,0.003385854978748968,0.14427860696517414,6,0,False,
RALGAPA1,0.06600674986839294,0.002253864702596969,0.002254332914605626,0.05472636815920398,6,0,False,
ANP32A,0.04281787574291235,0.0022446710007941475,0.006686597632942173,0.35323383084577115,6,0,False,
CNOT4,0.065270038942496,0.0022407652500822666,0.002178939020065738,0.05472636815920398,6,6,False,
MBTPS1,0.06196609139442444,0.002237670154705508,0.003635677829015178,0.22388059701492538,6,0,False,
H2AFY,0.027727385361989265,0.002237430078178466,0.009557161253680642,0.3582089552238806,6,0,False,
CUL3,0.054873617986837986,0.0022291670760223275,0.0034241314389589625,0.21393034825870647,6,0,False,
RPAIN,0.054022933046023014,0.0022251100021320365,0.002268935440398264,0.06965174129353234,6,0,False,
ARL2,0.059315529962380764,0.002224587637356194,0.0023372103561637636,0.06467661691542288,6,0,False,
MBP,0.06977425018946332,0.002224569136333181,0.0022488142757257717,0.06467661691542288,6,0,False,
PPP1CA,0.02647233009338379,0.0022240974888453223,0.01204103096895548,0.472636815920398,6,0,False,
BNIP3L,0.05896050979693729,0.0022187134629287394,0.0029001848677951267,0.07960199004975124,6,0,False,
MRPS34,0.02730722228686011,0.002208078825496275,0.01340947219180672,0.417910447761194,6,0,False,
DKC1,0.055797739575306565,0.0022022714285384664,0.003879808981844558,0.23880597014925373,6,0,False,
PLD3,0.07642999043067294,0.0022009878242976295,0.0022909231131329655,0.08955223880597014,6,0,False,
RALGDS,0.05352133885025978,0.0021996565138396496,0.0031082757925218864,0.11442786069651742,6,0,False,
NBEAL1,0.060965525607268034,0.002197272593063641,0.002894840325691825,0.12437810945273632,6,0,False,
TAF15,0.04232569535573322,0.0021955811678169724,0.005031138392410357,0.2935323383084577,6,0,False,
MLF1,0.10595364123582841,0.0021941469767480966,0.0028320332200008754,0.14925373134328357,5,0,False,
CDK13,0.051194282869497953,0.0021938376810434305,0.003647259703979209,0.208955223880597,6,0,False,
SSR1,0.04477067291736603,0.00219308504290796,0.008102734116861654,0.46766169154228854,6,0,False,
MPRIP,0.04894777387380603,0.0021920857566501604,0.004536570450686477,0.20398009950248755,6,0,False,
EIF4G3,0.05585211763779324,0.0021822587997710275,0.0030895547792571774,0.15920398009950248,6,0,False,
UBE3A,0.06659577290217078,0.0021815906897950516,0.003222035637968929,0.17412935323383086,6,0,False,
CDC42BPB,0.05295634021361667,0.002180160223915311,0.0033860352500360907,0.1791044776119403,6,0,False,
FTX,0.04406643658876419,0.0021799479188468716,0.004800914211430961,0.29850746268656714,6,0,False,
COBLL1,0.07673974583546317,0.0021772515178053254,0.004257197659666446,0.22885572139303484,5,0,False,
SELENOM,0.05528089404106143,0.0021755345955220945,0.0032954221881547753,0.15920398009950248,6,0,False,
CAND1,0.05532972266276681,0.002174829220259595,0.002811743736861714,0.11940298507462686,6,0,False,
WDR82,0.061110831797122955,0.0021746686538672106,0.0023396366174998997,0.08955223880597014,6,0,False,
TASOR2,0.057781822979450254,0.002174000123246549,0.0026329764020932385,0.0945273631840796,6,0,False,
SYNJ2,0.09108353654543558,0.0021696185580220226,0.0033509254445239288,0.21890547263681592,6,0,False,
CTSH,0.027848655978838566,0.00216327382815709,0.014307906687440326,0.44776119402985076,6,0,False,
RTF2,0.028584842880566896,0.0021628720514540955,0.004917263145992485,0.27860696517412936,6,0,False,
GATAD1,0.07136547565460205,0.002159081512577406,0.002243187647648864,0.06467661691542288,6,0,False,
VCL,0.048845502237478855,0.0021586483672701353,0.005015425213469649,0.3283582089552239,6,0,False,
SAFB2,0.06868621210257214,0.0021490941037724982,0.0024223787828088965,0.0845771144278607,6,0,False,
PPP4R3B,0.04256214698155719,0.0021489984895283793,0.003415411027944716,0.21890547263681592,6,0,False,
FYTTD1,0.0679769131044547,0.0021450231621000663,0.0025735541486556473,0.1044776119402985,6,0,False,
PDGFA,0.05257678528626758,0.0021403684159274463,0.0028832811655946575,0.12437810945273632,6,0,False,
SOD2,0.01641625165939331,0.0021401339969874754,0.03176189525567004,0.48258706467661694,6,0,False,
BACE2,0.04603949189186102,0.002138424674947296,0.010494548614456806,0.39800995024875624,6,0,False,
CHURC1,0.028852562109629276,0.0021311970114363007,0.007697994615938286,0.38308457711442784,6,0,False,
NOSIP,0.046008698642253876,0.002129807577213712,0.003985463074623562,0.22388059701492538,6,0,False,
EFCAB14,0.047492533922195435,0.0021280527726604383,0.005666793794906103,0.3482587064676617,6,0,False,
PCNP,0.04187596092621487,0.0021275056529170625,0.0030649531844772334,0.19900497512437812,6,0,False,
AKIRIN1,0.07249700526396435,0.002125511294164808,0.002228079877297594,0.06965174129353234,6,0,False,
PLEKHB2,0.046626170476277706,0.0021228134584665775,0.004701986898348718,0.3283582089552239,6,0,False,
TMEM259,0.06008561700582504,0.002122194865034495,0.0034936912429852193,0.15422885572139303,6,0,False,
BOD1L1,0.03340475757916772,0.002121243335783493,0.009051550096049783,0.3482587064676617,6,0,False,
KIDINS220,0.062209670742352785,0.0021203630672470097,0.0023975881493792355,0.1044776119402985,6,0,False,
DDX6,0.04013388852278388,0.002113981969865641,0.005276132245753003,0.27860696517412936,6,0,False,
VWA1,0.059901380290587725,0.0021115888418936934,0.0021802985308457534,0.05970149253731343,6,0,False,
SUPT16H,0.04694476972023648,0.0021113644134315604,0.004796445894855294,0.2885572139303483,6,0,False,
SMIM7,0.03890564789374673,0.002110042387777661,0.0034743326910707897,0.20398009950248755,6,0,False,
NEMF,0.05002884815136588,0.002107284125642335,0.0030722851473102583,0.11940298507462686,6,0,False,
CALU,0.04764811942974728,0.0021010251583888258,0.004413859146146409,0.3681592039800995,6,0,False,
ALDH3A1,0.10723819832007092,0.002099285713191553,0.006699339572147479,0.417910447761194,5,0,False,
CCS,0.05778437852859494,0.002096800287096681,0.002638852421342109,0.11940298507462686,6,0,False,
KLK11,0.22562709543854,0.0020929362188345448,0.001975310759172138,0.01990049751243781,2,6,False,
ANKLE2,0.03583635141452152,0.0020913280767049106,0.0050841185918031224,0.32338308457711445,6,0,False,
PAM16,0.045511238276958466,0.0020884665696265328,0.0028628805020198115,0.15920398009950248,6,0,False,
LIMS1,0.04041474560896552,0.0020845216403801064,0.0038826755565656034,0.1791044776119403,6,0,False,
SMC3,0.049883753061294556,0.002076582189763302,0.0036117997381933937,0.25870646766169153,6,0,False,
EPRS,0.04282438258330029,0.0020690723858583764,0.007635612725754485,0.38308457711442784,6,0,False,
ATF6,0.06282905489206311,0.0020653383855972953,0.002371776610170816,0.1044776119402985,6,0,False,
PPP2R1A,0.041664096216360746,0.002064970244278332,0.004552939966477382,0.25870646766169153,6,0,False,
SEC63,0.059333016475041744,0.002063635186526671,0.003430814941377449,0.25870646766169153,6,0,False,
COMT,0.027843539913495363,0.0020630775426711723,0.0073628865628478654,0.38308457711442784,6,0,False,
DEPP1,0.037933999051650374,0.0020630463391815967,0.0071445206381261775,0.35323383084577115,5,0,False,
RAD50,0.0398975436886152,0.0020614894969532126,0.006128901858709207,0.3681592039800995,6,0,False,
TOP1,0.01714892188707995,0.002059552596465303,0.016357691470497312,0.42786069651741293,6,0,False,
BTBD7,0.0682291810711225,0.00205781769938759,0.0021673754568488925,0.06965174129353234,6,0,False,
ZBTB10,0.10889271150032678,0.0020542427295838182,0.002635810985004777,0.10945273631840796,3,0,False,
KLHL21,0.11759067326784133,0.0020530902273451176,0.0032256778580603603,0.208955223880597,5,0,False,
IPO5,0.07747543230652806,0.002052250235924572,0.002043942844609308,0.05472636815920398,6,6,False,
NOC2L,0.0568255583445231,0.002050236499443761,0.002429852383260961,0.11940298507462686,6,0,False,
DARS,0.057668988903363555,0.002037813404256505,0.002846568354048313,0.16417910447761194,6,0,False,
HNRNPH3,0.030597681800524412,0.002037704428885307,0.005534617902557142,0.3383084577114428,6,0,False,
TMEM230,0.02838416894276935,0.002031951044146569,0.004523259633608837,0.3333333333333333,6,0,False,
CASC4,0.05298479398091638,0.0020312569986934426,0.004331611530934314,0.30845771144278605,6,0,False,
EBPL,0.04012007266283035,0.002027492896848987,0.005415733233036297,0.39303482587064675,6,0,False,
BZW1,0.023324941595395332,0.002027048920730503,0.015077414127251535,0.4427860696517413,6,0,False,
LAMP2,0.0441762084762255,0.002026019655680976,0.003337292024181481,0.18407960199004975,6,0,False,
ADD3,0.04054664075374603,0.0020240235642708807,0.007598819613748425,0.39303482587064675,6,0,False,
FHL2,0.030639203886191013,0.0020223194034055736,0.012912685824575103,0.4577114427860697,6,0,False,
ETS1,0.04445199668407443,0.002021878947241755,0.0035730762837980485,0.15920398009950248,6,0,False,
MAZ,0.05012074609597522,0.002018546434896044,0.004013687287935507,0.30845771144278605,6,0,False,
ZSWIM6,0.09756589060028395,0.0020173071349828364,0.0032963270633704954,0.208955223880597,5,0,False,
SEC61A1,0.03351631760597229,0.0020092243083616613,0.010234349323122002,0.4228855721393035,6,0,False,
G3BP2,0.0351021339495976,0.002006606477868696,0.006213420449404702,0.35323383084577115,6,0,False,
ZNF217,0.041159762690464646,0.0020061086503648014,0.006899235572853594,0.36318407960199006,6,0,False,
SERF2,0.005953351656596162,0.002003806537668004,0.08526315717238835,0.43283582089552236,6,0,False,
CCDC59,0.03189635773499805,0.0020036297487716383,0.004047944685905328,0.19402985074626866,6,0,False,
KIAA1109,0.06627374639113748,0.002002534041760508,0.002513271650111897,0.10945273631840796,6,0,False,
ARHGAP5,0.03268297513326007,0.002001885691263924,0.007465135319175334,0.3333333333333333,6,0,False,
KMT5B,0.057485635081927,0.0020013977933012834,0.0020344612619066153,0.07462686567164178,6,0,False,
KRTCAP3,0.04145589222510654,0.0019993772612524295,0.0038200138822917593,0.2935323383084577,6,0,False,
CYB561,0.07620227088530857,0.001996455635159791,0.002750764677039921,0.15920398009950248,6,0,False,
ELF2,0.06611912697553635,0.0019947471138731824,0.0020423037710403107,0.06467661691542288,5,0,False,
PELI1,0.060401851932207734,0.0019895822027151677,0.002692442732555217,0.15920398009950248,6,0,False,
DNMT1,0.059521663933992386,0.001986529419204887,0.004051035992341248,0.21393034825870647,6,0,False,
LENG8,0.05789723992347717,0.0019864601361661008,0.0030542438094592708,0.10945273631840796,6,0,False,
TUT4,0.07567121088504788,0.001982517354486237,0.0027305574499832657,0.15422885572139303,5,0,False,
ELOC,0.02196344236532849,0.0019816233053074005,0.0072527766020279655,0.39303482587064675,6,0,False,
MYH9,0.01669445137182879,0.001974540267672022,0.01835420086223889,0.5074626865671642,6,0,False,
AHSA1,0.03786723812421161,0.0019734692916943087,0.0035585529832293664,0.21393034825870647,6,0,False,
EIF3M,0.029975086450576782,0.0019725601751960694,0.008073042342860525,0.43781094527363185,6,0,False,
CCT8,0.03661580880482995,0.001958905949468736,0.005272774507235758,0.3333333333333333,6,0,False,
USP22,0.06404386212428415,0.001958457527588356,0.002106288808950423,0.06965174129353234,6,0,False,
RBBP4,0.054890528321266174,0.0019543029157513135,0.0036735123751598484,0.23880597014925373,6,0,False,
TJP2,0.03511342157920205,0.001954107215802331,0.0064909534421468615,0.3880597014925373,6,0,False,
MRPL33,0.024324332674344418,0.0019532290460969716,0.010158507003197438,0.417910447761194,6,0,False,
AP2S1,0.019727756579717037,0.0019518919265152563,0.015414513945098941,0.417910447761194,6,0,False,
OXSR1,0.047142885625362396,0.001948954094490721,0.004156728440129028,0.3034825870646766,6,0,False,
NCKAP1,0.03626370429992676,0.0019487555570313264,0.0045627415938774025,0.2935323383084577,6,0,False,
MYL6B,0.09825141231218976,0.0019472205986130026,0.002065445285996506,0.06965174129353234,5,0,False,
DIAPH1,0.038095975915590885,0.0019443267178218373,0.007779006450933261,0.3781094527363184,6,0,False,
FNIP2,0.09303367137908938,0.0019434237754926142,0.002178802261241397,0.1044776119402985,5,0,False,
BUD23,0.031239295999209105,0.0019415215987818395,0.004302879920748197,0.3482587064676617,6,0,False,
PALLD,0.0838232586781184,0.0019388276976750538,0.0030834548956320874,0.208955223880597,6,0,False,
DLGAP4,0.0541621322433154,0.001937953065706852,0.0021236895253081674,0.07960199004975124,6,0,False,
MED13,0.05203135311603546,0.001936158545577214,0.0029354016116158914,0.16417910447761194,6,0,False,
HIGD2A,0.021768132845560784,0.001936014267485942,0.012140431444098211,0.4079601990049751,6,0,False,
MARCH7,0.05661260088284811,0.001933592855416354,0.002750085453464981,0.14925373134328357,6,0,False,
C1orf43,0.028478647271792112,0.0019312624201435783,0.004216129525417363,0.34328358208955223,6,0,False,
PPFIA1,0.05216063807408014,0.0019305473766964426,0.0024281088740235324,0.12437810945273632,6,0,False,
SSBP1,0.019795358180999756,0.0019290496325171645,0.012223790017070659,0.40298507462686567,6,0,False,
AIMP1,0.031114816665649414,0.0019242532757095887,0.004869484394508492,0.29850746268656714,6,0,False,
TTC19,0.06346971044937766,0.001922697430846638,0.002257863076712144,0.08955223880597014,6,0,False,
SERINC5,0.06208953509728113,0.0019219130398011285,0.0026338204029642417,0.15920398009950248,6,0,False,
SGSM3,0.08715478827555978,0.001921910756066246,0.0027861508020570135,0.22885572139303484,5,0,False,
TMEM97,0.06181613728404045,0.0019132443353954138,0.0034087710678507082,0.3283582089552239,6,0,False,
CDK6,0.09036646907528242,0.0019120047637575278,0.0021402174852704235,0.10945273631840796,5,0,False,
TBC1D15,0.08190985272328058,0.0019115457056873204,0.001971735311379353,0.06467661691542288,6,0,False,
FGD5-AS1,0.059193216264247894,0.0019099755773787528,0.0026539993407720106,0.15920398009950248,6,0,False,
SND1,0.04846764852603275,0.0019082620231717128,0.004226673195011503,0.2835820895522388,6,0,False,
COL27A1,0.09098398437102637,0.001903540135100504,0.0019956872658797547,0.06467661691542288,5,0,False,
COA4,0.027538001537322998,0.001902643926872528,0.0070962832511033995,0.3383084577114428,6,0,False,
METRN,0.09500963489214578,0.0019022025398227728,0.002207329698586525,0.11940298507462686,6,0,False,
NAXE,0.036934204399585724,0.00189612619412179,0.0025244936623754453,0.14925373134328357,6,0,False,
HERC2,0.063188133140405,0.001895756883845693,0.0034067052545519224,0.21890547263681592,6,0,False,
RBPJ,0.04872377961874008,0.0018949015892263479,0.002046882710536779,0.1044776119402985,6,0,False,
LARP1,0.0306129356225332,0.001894230886182122,0.006384564579337698,0.373134328358209,6,0,False,
RNF149,0.03934402515490851,0.0018933483660150447,0.0031560197234192524,0.22885572139303484,6,0,False,
PAIP2,0.03636472920576733,0.00188862862407271,0.004740937778454506,0.27860696517412936,6,0,False,
RC3H1,0.06405417372783023,0.001884506550053444,0.002768180119739639,0.1691542288557214,6,0,False,
ACSL3,0.03603597978750861,0.0018810001702067249,0.007092567854340838,0.4079601990049751,6,0,False,
GNL3,0.034128194053967775,0.0018787539878167886,0.005418174271489311,0.3582089552238806,6,0,False,
SUDS3,0.04371064404646552,0.0018751594329989257,0.005246948362635604,0.31343283582089554,6,0,False,
IK,0.03147923946380615,0.0018751432642411425,0.007194682718441938,0.36318407960199006,6,0,False,
STX16,0.024932071566581726,0.0018729827797926472,0.0075815444182346665,0.3582089552238806,6,0,False,
FLOT1,0.0377800315618515,0.0018662767436529518,0.0023091424844763598,0.07462686567164178,6,0,False,
STRAP,0.04606085270643234,0.0018644949925640249,0.0027714250144607487,0.19900497512437812,6,0,False,
DPY30,0.03715680042902625,0.0018639767211398872,0.0027106787381954416,0.1691542288557214,6,0,False,
RBBP7,0.04151994486649835,0.0018484322989226153,0.0046007532117302696,0.31343283582089554,6,0,False,
COPS6,0.031028504172960936,0.0018464929344116556,0.0049926365642234145,0.3283582089552239,6,0,False,
HGS,0.05319053679704666,0.001844850599463009,0.002678665431652121,0.11940298507462686,6,0,False,
PSIP1,0.06632091353336972,0.0018412057070413901,0.002530230054178105,0.12935323383084577,6,0,False,
MAPK6,0.04693278421958286,0.0018396866062791568,0.003995862512331015,0.29850746268656714,6,0,False,
INO80D,0.0544543961683909,0.0018343938072026447,0.002052481162641146,0.07462686567164178,6,0,False,
H2AFV,0.023518770933151245,0.0018338390262740783,0.008358602937470773,0.3283582089552239,6,0,False,
DAG1,0.052165299654006986,0.0018275587060754207,0.0024745560776354945,0.1791044776119403,6,0,False,
UBE2G2,0.06668837616840997,0.0018268532507694087,0.00215842371328994,0.0845771144278607,6,0,False,
SMIM6,0.11740556359291077,0.0018215359513611543,0.0026926942692954716,0.15920398009950248,4,0,False,
NR1D2,0.09210714449485144,0.0018214295375306336,0.0022114410943304317,0.1044776119402985,5,0,False,
VEGFB,0.09242828811208406,0.001817161139552761,0.002677763784066333,0.13432835820895522,5,0,False,
PAK2,0.024862130482991573,0.0018146875006820676,0.007114815153884649,0.3781094527363184,6,0,False,
SSRP1,0.05303634951512015,0.0018097570139848688,0.004196986706740798,0.2736318407960199,6,0,False,
ARL14,0.03791848445932067,0.0018093485876186331,0.01270151543627159,0.43283582089552236,6,0,False,
CLTC,0.026801998416582706,0.0018080915687055817,0.010457518013529057,0.4129353233830846,6,0,False,
IBTK,0.05644024908542633,0.0018080809065154776,0.004584145428199922,0.3582089552238806,6,0,False,
R3HDM2,0.04806385189294815,0.0018064398789016125,0.002075823182434838,0.08955223880597014,6,0,False,
SUPT6H,0.04661810646454495,0.001806107241304792,0.00244838985078247,0.12935323383084577,6,0,False,
POM121,0.07250547409057617,0.0018060746937796025,0.0018076842579979723,0.06467661691542288,6,0,False,
BAZ1A,0.03716389338175452,0.0018049542631205665,0.005026085697863603,0.3482587064676617,6,0,False,
USP1,0.062443051487207385,0.0018044841728120909,0.0026087253761682386,0.19402985074626866,6,0,False,
TMEM30A,0.0651460587978363,0.0018023439636139318,0.002545369751741352,0.14925373134328357,6,0,False,
MT1F,0.08373737335205081,0.0018018402454370711,0.0030856941736916383,0.208955223880597,4,0,False,
BRD9,0.06313193837801614,0.0018011493242799952,0.002318332370630921,0.1044776119402985,6,0,False,
PGLS,0.02837648987770075,0.0017994561438589808,0.006328876448853557,0.4079601990049751,6,0,False,
SNHG3,0.053255051374435425,0.0017944838129544376,0.002522956294206717,0.1791044776119403,6,0,False,
DNAJC10,0.05195346474647522,0.0017878142052621855,0.005947034190564811,0.3582089552238806,6,0,False,
INSR,0.04849375287691754,0.0017877597569107544,0.002491652631666068,0.13432835820895522,6,0,False,
PTPN11,0.044355335334936796,0.0017865823177584013,0.004162045489776015,0.3283582089552239,6,0,False,
STAT3,0.018629511197408077,0.0017853797870139194,0.009576824211555816,0.3681592039800995,6,0,False,
PMVK,0.053656746943791744,0.001783464376999421,0.002399756599628955,0.17412935323383086,6,0,False,
UBA2,0.05989556759595871,0.0017829929637203194,0.00193688761747514,0.1044776119402985,6,0,False,
STAG2,0.045303113758563995,0.0017827848297940936,0.002809184262807772,0.208955223880597,6,0,False,
RBM27,0.04550966868797934,0.0017823583565558486,0.0024255226924918376,0.19402985074626866,6,0,False,
HIF1A,0.03049594908952713,0.0017665179723995077,0.00434553075303006,0.24378109452736318,6,0,False,
TRAPPC2L,0.03235021233558655,0.0017652249794484045,0.004265600118246326,0.3482587064676617,6,0,False,
GDI1,0.0719145784775416,0.0017646002430534197,0.0018455083642769168,0.06965174129353234,6,0,False,
DYRK1A,0.07791100194056827,0.0017634111201367706,0.0029821688458666943,0.20398009950248755,6,0,False,
SMC5,0.04210542639096576,0.0017617795314748886,0.004603743512962461,0.3681592039800995,6,0,False,
HEXA,0.0634884238243103,0.001760474922097567,0.0018621451819217226,0.08955223880597014,6,0,False,
PPP6R3,0.04410851995150247,0.0017580762567670858,0.0018075742097401909,0.06467661691542288,6,0,False,
POLD2,0.05595199515422189,0.0017569096272338726,0.0025077456090303878,0.23880597014925373,6,0,False,
SLC5A3,0.05646718790133794,0.001755946338037012,0.0023422133214011285,0.12437810945273632,6,0,False,
NFAT5,0.05135572701692581,0.0017530098225553856,0.0023273504110937434,0.12935323383084577,6,0,False,
MLF2,0.024765451749165834,0.001748067401301589,0.00672303194632807,0.39800995024875624,6,0,False,
SLC40A1,0.048249478141466795,0.0017478040173204545,0.003767466561957436,0.23383084577114427,5,0,False,
DLG1,0.043470402558644594,0.001744978726615454,0.002775601653631278,0.17412935323383086,6,0,False,
RAB11A,0.024647340178489685,0.0017434049824278965,0.010789890634544306,0.4577114427860697,6,0,False,
ARHGEF12,0.03221537172794342,0.0017412924913453951,0.0053658391799195565,0.31343283582089554,6,0,False,
PPP3CA,0.04793684184551239,0.0017408643904830053,0.002428210119648175,0.14427860696517414,6,0,False,
SNRPN,0.19965143377582234,0.001740620067290421,0.0014225512299787598,0.009950248756218905,2,6,False,
NUDT14,0.0747647980848948,0.0017372635430258241,0.001865939868972167,0.07462686567164178,6,0,False,
TOR1AIP2,0.03248704969882965,0.0017367766580388554,0.007739542397881959,0.39303482587064675,6,0,False,
ZNF280D,0.06582668920358023,0.0017365762311799728,0.0020948155014762944,0.16417910447761194,5,0,False,
FNBP1L,0.03694578508536017,0.0017360488682750925,0.005863952215434303,0.3482587064676617,6,0,False,
NME1,0.021996070941289247,0.0017339156192715554,0.011833497449414844,0.43781094527363185,6,0,False,
NPC2,0.022025083502133724,0.001733719126836801,0.00837506909457203,0.3880597014925373,6,0,False,
PUF60,0.0283308972915014,0.0017337102393940333,0.004406907520590581,0.3283582089552239,6,0,False,
TULP4,0.05818610886732736,0.0017321924829207034,0.0024190766549193462,0.12935323383084577,6,0,False,
ILF3-DT,0.04250848541657129,0.0017248149012248177,0.002791529678901591,0.1691542288557214,5,0,False,
ALDH3A2,0.06230445702870685,0.0017243702756213107,0.005182075113827722,0.3383084577114428,6,0,False,
DIS3,0.06282505144675574,0.0017238153798873244,0.0023026642027415673,0.19402985074626866,6,0,False,
RAD23B,0.035514394442240416,0.0017232821055802137,0.004864823159381762,0.3034825870646766,6,0,False,
C16orf72,0.057616472244262695,0.0017219883826766953,0.002391091614088272,0.1791044776119403,6,0,False,
RBIS,0.01778068145116174,0.0017219169160010007,0.00895467693746333,0.39800995024875624,6,0,False,
SIK3,0.08584958811601004,0.0017216845290185649,0.0017611589955036223,0.05970149253731343,5,0,False,
RGCC,0.03292125649750233,0.0017196466426517042,0.0066058449351960365,0.31343283582089554,6,0,False,
FBXW7,0.06559000412623087,0.0017152277597360993,0.0037216308244543256,0.22388059701492538,6,0,False,
PSMB5,0.024878114461898804,0.001713893245746317,0.008095536045904012,0.44776119402985076,6,0,False,
CBX5,0.07612936447064084,0.00171371161377096,0.0022880473692706922,0.15920398009950248,5,0,False,
DDX52,0.051687943438688905,0.0017099206595690762,0.0019206784381579432,0.08955223880597014,6,0,False,
SLMAP,0.04855406781037647,0.0017062402721992821,0.003512565002021001,0.31840796019900497,6,0,False,
CDKN2AIP,0.0375897039969762,0.0017018310337214935,0.004179839543861534,0.29850746268656714,6,0,False,
PER3,0.10782117769122126,0.0017004401021479074,0.0022921202367465233,0.14427860696517414,4,0,False,
C5orf24,0.0625039339065552,0.0017000669554171292,0.0026984125609082954,0.15920398009950248,6,0,False,
TOP2B,0.06290855258703232,0.0016974787169740406,0.0027167480834105954,0.22388059701492538,6,0,False,
RAB4A,0.045744575560092926,0.0016949636059510657,0.003312671429201231,0.26865671641791045,6,0,False,
HNRNPL,0.03903396427631378,0.0016945820980023326,0.0033216324647100874,0.29850746268656714,6,0,False,
MRPL27,0.03204270203908283,0.0016929375061459063,0.005356954510845539,0.4129353233830846,6,0,False,
MAPK1IP1L,0.043899630506833376,0.0016906752429884737,0.0019670079601540897,0.13432835820895522,6,0,False,
DGKD,0.07342328379551571,0.0016890516784100224,0.0032144255133327785,0.3034825870646766,6,0,False,
PTPRN2,0.1465929299592972,0.0016882426337703695,0.0013898339492371921,0.024875621890547265,3,6,False,
UBE2S,0.016608402132987976,0.0016872654232449253,0.013717292239132805,0.417910447761194,6,0,False,
TRIOBP,0.06401457637548447,0.0016841928654679542,0.0029050006933999924,0.20398009950248755,6,0,False,
ASXL1,0.03519984831412634,0.0016837529030594759,0.0019513377696875232,0.0845771144278607,6,0,False,
BCL7C,0.03661085665225983,0.0016835036891720188,0.0020641702231141753,0.0845771144278607,6,0,False,
ESD,0.042928059895833315,0.0016832159086741072,0.00286515857462483,0.15920398009950248,6,0,False,
TMEM131,0.05876765648523968,0.001680657739852408,0.00286978526331831,0.263681592039801,6,0,False,
YTHDF2,0.039740078151226044,0.0016795132202517527,0.002450594812734708,0.24875621890547264,6,0,False,
GPATCH4,0.04800537973642352,0.001675762873453288,0.0030334676924693212,0.208955223880597,6,0,False,
MCM7,0.05079564452171326,0.001675134062162668,0.0025332149377207003,0.16417910447761194,5,0,False,
CHID1,0.07419469952583313,0.001674133678262875,0.0019636415089450544,0.11442786069651742,6,0,False,
ZDHHC20,0.04789933313926059,0.0016725467565349883,0.0045335441739909575,0.36318407960199006,6,0,False,
ATXN2,0.04169281820456186,0.0016717713294603638,0.0017782135875043827,0.0845771144278607,6,0,False,
BTF3L4,0.048647989829381316,0.0016717049886884319,0.0018409126959241253,0.10945273631840796,6,0,False,
DNAJC8,0.03049899140993756,0.0016617058692602882,0.005328203652006616,0.3681592039800995,6,0,False,
MLPH,0.04142279922962194,0.001659596346761714,0.008839708066875868,0.47761194029850745,6,0,False,
PSMD12,0.034553368886311886,0.0016587349777669607,0.003352604851605054,0.2935323383084577,6,0,False,
VPS28,0.014282335837682125,0.0016579435010212209,0.014174428252242731,0.4228855721393035,6,0,False,
NDUFA7,0.02506895363330841,0.0016558895685128677,0.007695713155248243,0.4228855721393035,6,0,False,
FAM118A,0.1268027325471242,0.0016544691344509235,0.002321508000299143,0.09950248756218906,4,0,False,
SAMD4B,0.05809682110945383,0.0016537716600773722,0.0018056939177150974,0.08955223880597014,6,0,False,
SF3B6,0.015448719263076782,0.0016487883156419629,0.012108387601998387,0.417910447761194,6,0,False,
TMEM141,0.03125754992167151,0.0016463986194392062,0.007047761402767437,0.43781094527363185,6,0,False,
NUCB2,0.04256049295266473,0.001644213631562914,0.008520917533440423,0.417910447761194,6,0,False,
PCMTD1,0.03327808280785882,0.0016408031999029836,0.0038829139207833987,0.2885572139303483,6,0,False,
ACBD6,0.051913172006607056,0.0016398541988901882,0.0016483189438161658,0.05970149253731343,6,0,False,
SAFB,0.0445130666097005,0.0016396863138392558,0.0033000577087364106,0.2537313432835821,6,0,False,
RBM47,0.026082555452982548,0.0016368260655187832,0.013725094002006936,0.5024875621890548,6,0,False,
ELL2,0.06838106364011765,0.001635770718655686,0.003279344228712371,0.22885572139303484,6,0,False,
B4GALT5,0.046078287065029144,0.0016355144777034784,0.0022957670622575405,0.19402985074626866,6,0,False,
AL121944.1,0.04482679379483062,0.0016330236641427399,0.00376123174862675,0.2885572139303483,6,0,False,
BSCL2,0.049911409616470365,0.0016319626311766507,0.0017147643102032296,0.07960199004975124,6,0,False,
MRPL51,0.015346964200337765,0.0016287663230211682,0.012292227397909273,0.4577114427860697,6,0,False,
ITPKC,0.04970112722367048,0.0016280335766940789,0.005404422654025015,0.3681592039800995,6,0,False,
EI24,0.04134270300467807,0.0016279859337758392,0.004827578903858262,0.39800995024875624,6,0,False,
TOX4,0.04255564014116925,0.001624927754043152,0.002210497822417671,0.12437810945273632,6,0,False,
CLIP1,0.030737126866976383,0.0016235187719144933,0.00376359364323555,0.2935323383084577,6,0,False,
BRD3,0.07068512464563051,0.0016189336806635823,0.001806782607110247,0.07462686567164178,6,0,False,
PYURF,0.03752709428469336,0.0016166372198544972,0.002343104571396143,0.1791044776119403,6,0,False,
AIP,0.04115524888038635,0.0016155798011752793,0.0017327285318743688,0.07960199004975124,6,0,False,
PAFAH1B3,0.04400340716044107,0.0016143745113500075,0.0024093954189916902,0.13432835820895522,6,0,False,
KCTD12,0.09059227009614307,0.0016100443856365138,0.003767326276466745,0.35323383084577115,3,0,False,
EPB41L1,0.040376707911491394,0.001607415794493011,0.0035520162487557836,0.31343283582089554,6,0,False,
GIGYF2,0.046570067604382814,0.0016023648456117852,0.0038128422056780574,0.30845771144278605,6,0,False,
PRNP,0.055474738900860146,0.001599316225269383,0.001690428674704724,0.07960199004975124,6,0,False,
UBA6,0.05014447371164957,0.0015990182665046333,0.0018517686544353503,0.11442786069651742,6,0,False,
LIME1,0.07698447257280347,0.0015988979156363044,0.0020411536170499866,0.0845771144278607,6,0,False,
TLN1,0.02739830563465756,0.0015984421363491991,0.00692213386003012,0.417910447761194,6,0,False,
SLC25A25,0.04673383633295694,0.001598307159842083,0.004219695391461471,0.29850746268656714,6,0,False,
PEA15,0.050165465722481414,0.0015968074341010997,0.0017515605322239501,0.07960199004975124,6,0,False,
SPG7,0.03310840825239819,0.0015955271202868358,0.0030549445765473498,0.1691542288557214,6,0,False,
DNAJC7,0.0287276953458786,0.001594569150818286,0.004198539380218634,0.34328358208955223,6,0,False,
COPRS,0.05542498951156935,0.0015910352622133335,0.002160164519393405,0.12437810945273632,6,0,False,
USP12,0.05901038895050684,0.0015891967862349658,0.0022854293831481545,0.14427860696517414,6,0,False,
TMEM181,0.09035740792751312,0.001585989755495014,0.0018559579305139206,0.0845771144278607,5,0,False,
NELFCD,0.03683275605241457,0.0015856739169668262,0.0017402015973029975,0.0845771144278607,6,0,False,
ENAH,0.03829689075549442,0.0015852146088414338,0.004186079296163646,0.35323383084577115,6,0,False,
URI1,0.035095855593681335,0.0015849220402661425,0.004948846408989037,0.34328358208955223,6,0,False,
MRPL43,0.038890076180299105,0.0015818235328511389,0.002524093040609159,0.18407960199004975,6,0,False,
NCBP3,0.051752224564552335,0.0015798658273397928,0.001768757480472417,0.06965174129353234,6,0,False,
EP300,0.03889430562655127,0.0015759997615714628,0.002704254321140128,0.21393034825870647,6,0,False,
CEP350,0.034222533305486025,0.001575249404966473,0.003802089967650829,0.35323383084577115,6,0,False,
BACH1,0.05228192855914435,0.0015744582039097159,0.003259890892466213,0.22388059701492538,6,0,False,
ABCE1,0.05209094658493996,0.0015744118759364262,0.002291042080410103,0.2537313432835821,6,0,False,
SLC25A29,0.07846380521853766,0.0015713730922557352,0.001729200955461158,0.07960199004975124,6,0,False,
LYSMD2,0.08580865462621051,0.0015694754749726405,0.0015495426680065293,0.05472636815920398,6,6,False,
IRS2,0.06169541304310164,0.0015687514439146706,0.003748261280932044,0.27860696517412936,6,0,False,
DENR,0.03194567064444226,0.0015683349670263017,0.004583196453242063,0.3482587064676617,6,0,False,
NT5C3A,0.030088754991690336,0.0015681263906493297,0.005358874442558891,0.34328358208955223,6,0,False,
UBN1,0.04535488784313199,0.0015648427806920703,0.0021031651809834584,0.13930348258706468,6,0,False,
CTNNAL1,0.06779987489183742,0.0015640107750132706,0.0015979823755902416,0.05970149253731343,6,0,False,
GALNT4,0.03284722318251926,0.0015639199617238073,0.005411144984257995,0.36318407960199006,6,0,False,
KIF21A,0.06023001919190091,0.0015588601116042554,0.0021518858981445575,0.1791044776119403,6,0,False,
PAXBP1,0.04496835917234421,0.00155542568468822,0.0029864738828660285,0.1791044776119403,6,0,False,
ERGIC3,0.0196133901675542,0.0015528511642585916,0.00730804790256101,0.4079601990049751,6,0,False,
EIF4A3,0.023736005028088925,0.0015518725301493224,0.008587125629001132,0.4427860696517413,6,0,False,
ADD1,0.03616008162498474,0.0015505225396835252,0.002828410838818863,0.2736318407960199,6,0,False,
SIPA1L1,0.05776487539211911,0.0015483993453950609,0.002333827071398343,0.19402985074626866,6,0,False,
KNOP1,0.0384946751097838,0.0015466656894226715,0.003887389071180488,0.29850746268656714,6,0,False,
HNRNPF,0.016633103291193607,0.001546305619935988,0.016077526738973322,0.4975124378109453,6,0,False,
NDUFV3,0.04344906906286877,0.0015438633379195302,0.0043549066860797785,0.30845771144278605,6,0,False,
POLR2E,0.03880145400762558,0.0015414279154555893,0.0032218274799297878,0.2935323383084577,6,0,False,
ETF1,0.03387207041184104,0.0015400613228013608,0.005161545723679995,0.373134328358209,6,0,False,
TRIP11,0.03162667651971185,0.001539914983123431,0.006619203193030006,0.40298507462686567,6,0,False,
CPD,0.04694780707359314,0.0015389640730526497,0.0032412344165814733,0.24378109452736318,6,0,False,
AKAP8L,0.04395856956640881,0.0015388359799425161,0.0015720457887751275,0.05970149253731343,6,0,False,
PMF1,0.05077602465947467,0.0015381628606756016,0.001989562567315984,0.09950248756218906,6,0,False,
MKI67,0.037543296813964844,0.0015346568570712954,0.006528806099475881,0.3781094527363184,5,0,False,
PIK3C2A,0.04040727764368057,0.0015336811254236026,0.0026491652255301564,0.21393034825870647,6,0,False,
REEP3,0.03484016160170239,0.001532959225805233,0.003260864875278019,0.2736318407960199,6,0,False,
AP3D1,0.05107305943965912,0.0015320928500622598,0.0036768144140622854,0.26865671641791045,6,0,False,
CLNS1A,0.036655354003111484,0.0015319379023872876,0.002577050838258298,0.24378109452736318,6,0,False,
STK39,0.05598262449105579,0.0015302431174593523,0.00245133397620043,0.18407960199004975,5,0,False,
ACLY,0.07337829222281775,0.0015274365936067517,0.001527148013315129,0.05472636815920398,6,6,False,
VEZT,0.04603903492291769,0.0015238136154318816,0.001842811095110954,0.0845771144278607,6,0,False,
CBX6,0.1817744541913271,0.0015220438453853581,0.0012285510081859467,0.014925373134328358,2,6,False,
MIR222HG,0.09005568316206337,0.0015209712254637888,0.00251804184863874,0.1791044776119403,5,0,False,
SMC1A,0.03882017234961194,0.0015201456295340075,0.003925566892131361,0.34328358208955223,6,0,False,
SH3RF1,0.04848369210958481,0.0015192781400225923,0.0047448318214646824,0.3781094527363184,6,0,False,
UGDH,0.05435102681318915,0.0015154462510397946,0.004759007745437594,0.3781094527363184,6,0,False,
PBRM1,0.0534325664242109,0.0015095550948384332,0.0020826235426807662,0.19402985074626866,6,0,False,
LPIN1,0.058268425365289034,0.0015091441276552625,0.0020454281257237645,0.09950248756218906,6,0,False,
CAMK2D,0.060518826047579466,0.001505487909961699,0.0021341395175344417,0.19402985074626866,5,0,False,
HCFC1R1,0.051717744519313186,0.0015054561506218206,0.0015665968524661055,0.06467661691542288,6,0,False,
C17orf49,0.03659703334172565,0.0015032694431933464,0.0020056207150160677,0.13930348258706468,6,0,False,
PRDM2,0.03671813756227493,0.001500950439204855,0.0023665401075611075,0.1691542288557214,6,0,False,
PTPN2,0.04188298185666403,0.001499707546574883,0.0018722980235113828,0.1044776119402985,6,0,False,
LRBA,0.053381239374478695,0.0014996757588781984,0.0021228887851993095,0.16417910447761194,5,0,False,
PPP2R5E,0.041460524002711,0.0014993980892878934,0.001961696053397834,0.14427860696517414,6,0,False,
THEM6,0.06326266812781492,0.0014991136387330784,0.0015183223475019997,0.05970149253731343,6,0,False,
RTN3,0.03198663890361786,0.0014971468193593158,0.0031856893127976465,0.3383084577114428,6,0,False,
AOPEP,0.03390573337674141,0.0014965286923940145,0.0020615803975558263,0.13432835820895522,6,0,False,
GCSH,0.041028369218111066,0.0014958668911391258,0.0027305089232676177,0.24378109452736318,6,0,False,
SPAG16,0.129303440451622,0.0014948673872221224,0.001332942270930984,0.04975124378109453,3,6,False,
ASCL2,0.14693195496996245,0.0014947402263998416,0.0013484242165232951,0.03980099502487562,2,6,False,
PATJ,0.038617879152297974,0.0014939344712001064,0.002466570563591674,0.24875621890547264,6,0,False,
ERBIN,0.04187459250291187,0.0014928468073116838,0.003950083194130355,0.31840796019900497,5,0,False,
ARMCX3,0.052735209465026855,0.0014886644083655523,0.0022591527465156474,0.15920398009950248,6,0,False,
RAB40B,0.051124498248100295,0.0014822464514068026,0.0015872498667760045,0.07462686567164178,5,0,False,
EMD,0.03871448338031769,0.0014735700218839048,0.0024661458003970055,0.23880597014925373,6,0,False,
PITPNB,0.03184948116540909,0.0014715141303964932,0.003965488852329614,0.31343283582089554,6,0,False,
GATA6,0.04151555150747299,0.0014712895617353923,0.005980983168112556,0.40298507462686567,6,0,False,
FARP1,0.05988060683012009,0.0014699552713193817,0.0017334473223105564,0.13930348258706468,6,0,False,
IARS2,0.04046124964952469,0.0014684284247480338,0.00498042461055392,0.35323383084577115,6,0,False,
RABAC1,0.013257453838984135,0.0014683446374820458,0.022284635973391493,0.48756218905472637,6,0,False,
WDR26,0.061904922127723694,0.0014653573303639142,0.001618617782683589,0.0945273631840796,6,0,False,
LCORL,0.06983100871245068,0.0014653389488270274,0.002347533085857764,0.208955223880597,5,0,False,
HSPB11,0.0491766482591629,0.001465066613463504,0.0019962769794970086,0.11940298507462686,6,0,False,
RPS6KA3,0.047859326004981995,0.0014646983372646719,0.003165771849310338,0.20398009950248755,6,0,False,
PIN1,0.03123080233732861,0.0014644793692130827,0.0018687886027579734,0.11940298507462686,6,0,False,
POLR3GL,0.059531902273495974,0.001456872579021503,0.0015367353305894638,0.07462686567164178,6,0,False,
UBE2Q1,0.06136998285849887,0.0014525268499067866,0.0018424344986558941,0.15422885572139303,6,0,False,
LAMA3,0.027417206515868486,0.00145201794315045,0.011086178636329031,0.43283582089552236,6,0,False,
GLUD1,0.04569906493028006,0.0014508274019698476,0.002111831181780793,0.23383084577114427,6,0,False,
TIA1,0.04994263499975202,0.001450605409669473,0.0021186065112873396,0.15920398009950248,6,0,False,
POLR2G,0.050555020570755005,0.0014471519136291977,0.0015094675243012576,0.06965174129353234,6,0,False,
KDM1A,0.0468917116522789,0.0014437100960954736,0.0022200152757864086,0.19900497512437812,6,0,False,
LNPEP,0.05622031291325885,0.0014434423875252754,0.0024341301045606016,0.208955223880597,6,0,False,
SPSB3,0.04299279302358627,0.0014414967140025455,0.001817433062235488,0.11940298507462686,6,0,False,
GTF3C1,0.06516110524535179,0.0014385401087978055,0.001838485037408655,0.1691542288557214,6,0,False,
ID4,0.0892275559405486,0.0014380362281199263,0.0017419061326954769,0.10945273631840796,2,0,False,
PRDX2,0.011448800563812256,0.0014350240477630212,0.01765018204609386,0.44776119402985076,6,0,False,
CXCL8,0.020418158189083158,0.0014349163535987218,0.026572299452079846,0.5223880597014925,6,0,False,
PHACTR4,0.04172406593958533,0.0014330581331153521,0.001978979636664107,0.15422885572139303,6,0,False,
SFSWAP,0.0403309091925621,0.0014322217064932498,0.0016950039999056837,0.09950248756218906,6,0,False,
PRRG4,0.05265506853659947,0.0014285490080162642,0.0025852907487992818,0.24378109452736318,5,0,False,
CENPC,0.0518470108509064,0.001426784336889913,0.0022884886630892796,0.21890547263681592,5,0,False,
PTCD3,0.05359819531440735,0.0014245238659570643,0.0016665826150203547,0.10945273631840796,6,0,False,
LMAN1,0.022624433040618896,0.0014220670144503365,0.012976749637773155,0.5124378109452736,6,0,False,
N4BP1,0.03933282196521762,0.0014202622079718668,0.0027141699153129164,0.2736318407960199,6,0,False,
NUTM2B-AS1,0.040183442334334074,0.0014195953724253142,0.0029755000688996905,0.22388059701492538,5,0,False,
FBXO9,0.050532529751459776,0.0014188883098754297,0.0024075665366371174,0.20398009950248755,6,0,False,
CFAP97,0.046836018562316895,0.0014179551813761678,0.002368619311496418,0.21393034825870647,6,0,False,
FMC1,0.06195779889822006,0.0014155262280917476,0.0022212451498434573,0.1791044776119403,6,0,False,
SORBS2,0.13401270657777783,0.001415007642221495,0.0013960358159061073,0.04975124378109453,2,6,False,
TCAF1,0.06059100975592929,0.0014142560288146902,0.0023602752247549523,0.22388059701492538,6,0,False,
VDAC3,0.03602188328901923,0.0014129851273150368,0.0028921293472123446,0.22388059701492538,6,0,False,
NAA50,0.028040513396263123,0.0014112898298252797,0.006005291220699283,0.373134328358209,6,0,False,
RSBN1,0.054609698553880065,0.0014108986027448296,0.0015897420002143677,0.09950248756218906,5,0,False,
YIPF3,0.028130332628885868,0.0014107066593775836,0.004152046720077386,0.3482587064676617,6,0,False,
AP2M1,0.017340918382008907,0.0014059636004494784,0.009085917783082126,0.4626865671641791,6,0,False,
ILF2,0.018980403741200746,0.0014056933414432473,0.006698462558333516,0.43283582089552236,6,0,False,
TRAP1,0.0434723993142446,0.0014035901774838227,0.0024525630017559743,0.2736318407960199,6,0,False,
MED13L,0.03651870787143707,0.0014021871976781064,0.002271733283833655,0.15920398009950248,6,0,False,
ANK3,0.08391263335943222,0.001399529867643906,0.0019963208448393445,0.20398009950248755,5,0,False,
ABCA5,0.11514494816462198,0.0013970150931771463,0.0013467496387435695,0.05472636815920398,4,6,False,
ORMDL1,0.039536421497662844,0.0013950311696776332,0.001812784380408185,0.10945273631840796,6,0,False,
IFI27L2,0.03309665868679684,0.0013939610523346685,0.005637803850242352,0.34328358208955223,6,0,False,
EVI5,0.05532775322596234,0.0013932792726668113,0.0018197770072198906,0.16417910447761194,6,0,False,
ISG20L2,0.05105484773715338,0.0013916889108288263,0.0015965124057776062,0.10945273631840796,5,0,False,
M6PR,0.03953311343987784,0.0013899614545442663,0.0020944341001700112,0.18407960199004975,6,0,False,
GOLGA8A,0.05541734024882315,0.0013877563165513793,0.0019988589197346457,0.14925373134328357,4,0,False,
TMF1,0.023655126492182432,0.0013865363509254689,0.005661911386075403,0.39800995024875624,6,0,False,
DHX30,0.048564126094182314,0.0013830265114223859,0.0015966466091450555,0.14925373134328357,6,0,False,
FBXO11,0.049573950469493866,0.0013815695818144248,0.0015187232485368762,0.07462686567164178,6,0,False,
PDS5B,0.05129981289307278,0.0013812256473512744,0.0018541969798633394,0.16417910447761194,6,0,False,
SHTN1,0.0633767768740654,0.001379794726818608,0.0019155550262854551,0.208955223880597,6,0,False,
PDE4DIP,0.09040725976228711,0.0013790188827040907,0.0017411489323416408,0.12935323383084577,5,0,False,
NCOA3,0.03659055878718695,0.0013747550638017708,0.0015790735247598272,0.0845771144278607,6,0,False,
REXO2,0.030402916173140226,0.0013729129325246198,0.003137093887519113,0.35323383084577115,6,0,False,
DHX29,0.045549648503462464,0.0013716373509871493,0.0020445309993908766,0.13930348258706468,5,0,False,
YIPF4,0.035789214074611664,0.0013700985709908212,0.0017026417336584929,0.14925373134328357,6,0,False,
GPS1,0.04538076246778169,0.0013694369130687542,0.002588754845911234,0.22885572139303484,6,0,False,
PLAUR,0.016895288601517677,0.001369360819238522,0.016941336105671438,0.47761194029850745,6,0,False,
ELMSAN1,0.04915185272693634,0.0013690656169270763,0.0023783695253413004,0.29850746268656714,6,0,False,
HERC4,0.04491315533717474,0.0013686639351930554,0.002792815802624826,0.17412935323383086,6,0,False,
WWC1,0.07491631681720415,0.0013675790769867482,0.0015368270496133613,0.0945273631840796,6,0,False,
PQBP1,0.03659168382485706,0.001367117726496957,0.00204097690483279,0.1890547263681592,6,0,False,
GDE1,0.04396225760380426,0.0013669333451305525,0.0015569929778947473,0.11940298507462686,6,0,False,
AP1G1,0.04384767015775043,0.0013668942531109562,0.002929725327581173,0.29850746268656714,6,0,False,
STIP1,0.032962068915367126,0.0013637737749379328,0.003321073404961779,0.30845771144278605,6,0,False,
UHMK1,0.04149524122476578,0.0013622524251237886,0.0015206131424160682,0.1044776119402985,6,0,False,
VIRMA,0.06391981492439905,0.0013615768354255033,0.0013962393039963716,0.07462686567164178,6,0,False,
UBQLN1,0.03610117485125858,0.001361421753792722,0.0026857856107458246,0.263681592039801,6,0,False,
LRRC58,0.05521020665764809,0.0013614056663790374,0.0016507695119109727,0.0945273631840796,6,0,False,
ATM,0.06438845644394559,0.0013607257850211676,0.0018633824623384033,0.15422885572139303,5,0,False,
ZC3H14,0.05025807023048398,0.0013606869323857767,0.0015782716346546938,0.14925373134328357,5,0,False,
PRKAR2A,0.04470809797445935,0.0013593956040107496,0.00256717013016323,0.24875621890547264,6,0,False,
COPA,0.018230170011520386,0.001359093704356453,0.0069662618891933575,0.48258706467661694,6,0,False,
HOOK1,0.06204296151796976,0.0013586732449119357,0.0018782141361701624,0.15920398009950248,6,0,False,
KDSR,0.05871075019240379,0.0013559567791768038,0.0018529297114437528,0.13432835820895522,6,0,False,
EVL,0.09203353896737097,0.0013543636513304986,0.001627969439191559,0.11442786069651742,2,0,False,
MPLKIP,0.02976777404546735,0.00134792670830005,0.0017083338483131994,0.14427860696517414,6,0,False,
BRWD1,0.047447835405667604,0.0013467755409396142,0.0024050179842693324,0.1890547263681592,6,0,False,
TES,0.02390844126542413,0.0013414718666728792,0.010605603734953816,0.47761194029850745,6,0,False,
PKM,0.010866641998291016,0.0013413102249352346,0.019739676345957965,0.44776119402985076,6,0,False,
C3orf52,0.08375629410147667,0.0013412576279990592,0.0022910957178788514,0.19402985074626866,6,0,False,
TAF7,0.015372445185979244,0.0013407524426708966,0.004409189093059611,0.3283582089552239,6,0,False,
MRPL55,0.025413870811462402,0.0013404717712415166,0.003666754477694865,0.3283582089552239,6,0,False,
CTBP2,0.0317765474319458,0.0013402571867838556,0.004216309385918473,0.34328358208955223,6,0,False,
ZMYND11,0.05692792683839798,0.001339212555026403,0.001668381276127726,0.12437810945273632,6,0,False,
OTUD6B-AS1,0.028437497715155302,0.0013381409206769952,0.0035868887888580174,0.35323383084577115,6,0,False,
GOLGA2,0.028673345843950926,0.001336933335122075,0.004552307637010438,0.39303482587064675,6,0,False,
LTBR,0.027392596006393433,0.0013359712147427462,0.0028124510865654277,0.21890547263681592,6,0,False,
ARF5,0.03355287512143457,0.0013332857788051237,0.0036514743572169466,0.2835820895522388,6,0,False,
NPEPPS,0.028948436180750547,0.0013326490306012789,0.002466846503965218,0.21890547263681592,6,0,False,
PHF20,0.03510805716117224,0.0013315325566114786,0.001977523061793001,0.17412935323383086,6,0,False,
RWDD1,0.024922162294387817,0.0013280018483181819,0.0033468010576676644,0.35323383084577115,6,0,False,
ZNF593,0.02207509676615399,0.0013254107790738,0.00545997051673788,0.4079601990049751,6,0,False,
COX19,0.03233171999454498,0.0013245047586789326,0.0017841280799575723,0.18407960199004975,6,0,False,
RBFOX2,0.05350540578365326,0.0013237630480846625,0.0013237904033949455,0.05472636815920398,6,0,False,
ITSN2,0.03951677183310193,0.0013234248914974873,0.001720105437137649,0.12437810945273632,6,0,False,
RABEP1,0.04289964338143665,0.001319521302954694,0.002717309250508305,0.26865671641791045,6,0,False,
PFKL,0.04142463207244873,0.0013151546344358639,0.0042260509015158015,0.373134328358209,6,0,False,
AKAP11,0.07293505594134331,0.0013142509693941373,0.001378111361383586,0.07960199004975124,4,0,False,
PRPF8,0.03500068187713623,0.0013122851286528612,0.0033744329637407154,0.2935323383084577,6,0,False,
SNX2,0.04510142654180527,0.0013096478691528675,0.002811159640620525,0.34328358208955223,6,0,False,
PDAP1,0.015560194849967957,0.001304374136061862,0.011551936018489957,0.46766169154228854,6,0,False,
TMED3,0.028814231355984987,0.0013041029498892759,0.006118904411343567,0.4527363184079602,4,0,False,
TMCO3,0.04360542198022205,0.0013032762848554928,0.0027295901782498112,0.3034825870646766,6,0,False,
PWWP3A,0.08320996165275574,0.0013017387277355396,0.001369419680903159,0.05970149253731343,5,0,False,
MFSD10,0.032027927537759154,0.0012999959689357526,0.0029290725262347455,0.3582089552238806,6,0,False,
ARHGAP18,0.03280129035313922,0.001299501329995049,0.0038655395888080864,0.3383084577114428,6,0,False,
ZNF326,0.027080888549486815,0.0012990771222747028,0.002772944915325924,0.25870646766169153,6,0,False,
HIP1R,0.041040686269601195,0.0012961608496795173,0.0020175892803808277,0.1691542288557214,6,0,False,
PLPP5,0.03323661784331,0.001295924571318632,0.0035096736839374727,0.29850746268656714,6,0,False,
HTATSF1,0.03642289588848746,0.0012956341883854096,0.0032574455768912204,0.27860696517412936,6,0,False,
KIAA2026,0.07236316800117493,0.0012935444599670564,0.0013035818939747354,0.06965174129353234,5,0,False,
PJA2,0.03361958762009937,0.0012914050016121672,0.0028649077189167363,0.2885572139303483,6,0,False,
CAMSAP2,0.05900290980935097,0.0012912249276616004,0.0013259093730727885,0.06467661691542288,5,0,False,
ECI1,0.022680928309758486,0.0012908121871722687,0.003985170666000322,0.31343283582089554,6,0,False,
CDCP1,0.04691927134990692,0.0012889953962107162,0.0020435342651341664,0.19402985074626866,6,0,False,
ANXA5,0.019121403495470646,0.0012888242067575612,0.010323020765455151,0.472636815920398,6,0,False,
SRF,0.07842438047130901,0.0012881299706909359,0.0021929986868489933,0.1791044776119403,5,0,False,
SETX,0.026872759064038576,0.001283173501887679,0.002929752421821082,0.3283582089552239,6,0,False,
CCDC88A,0.05730377634366354,0.0012830307500059056,0.0018993570780878415,0.1890547263681592,6,0,False,
CRK,0.041597992181777954,0.0012810477434052558,0.0028062065678879137,0.31840796019900497,6,0,False,
FBXL15,0.040911890566349,0.0012809154808410444,0.0021927239814867926,0.20398009950248755,6,0,False,
KHSRP,0.04743549972772601,0.001280308328461488,0.002175093842195053,0.21393034825870647,6,0,False,
NCEH1,0.04116932675242424,0.0012800267421266469,0.0024081546740844758,0.29850746268656714,6,0,False,
OARD1,0.04864412297805151,0.0012769505770915152,0.0018319172799156095,0.14427860696517414,6,0,False,
ADSS,0.031213703254858643,0.0012765628170607532,0.0035349514349007124,0.2935323383084577,6,0,False,
BZW2,0.02954280624787009,0.0012759717672816728,0.005323163964840726,0.4228855721393035,6,0,False,
FKBP4,0.03604446351528168,0.0012726256136774993,0.003172080130600399,0.3582089552238806,6,0,False,
CMC2,0.03216765820980072,0.001268619661860669,0.0020898771312940806,0.1791044776119403,6,0,False,
HIPK3,0.038401792446772276,0.0012685354245603698,0.001852192446659327,0.1791044776119403,6,0,False,
BAG6,0.0357467383146286,0.0012612026691980046,0.002537685071914647,0.23880597014925373,6,0,False,
ZMAT2,0.025848113000392914,0.0012604996335562496,0.0037754443222571894,0.373134328358209,6,0,False,
SYPL1,0.02278760572274524,0.0012589509780276094,0.007320615853117893,0.4527363184079602,6,0,False,
AC245297.3,0.058850875745216996,0.0012573077945604914,0.0014218238966820366,0.08955223880597014,5,0,False,
RNF13,0.04457755386829376,0.0012566659661397903,0.0013862662601164327,0.08955223880597014,6,0,False,
AC020656.1,0.1493307550748189,0.0012561597652112413,0.001641761623523146,0.14427860696517414,2,0,False,
HDAC7,0.04574517533183098,0.0012531829590760068,0.0013095192471824244,0.07462686567164178,6,0,False,
PRPF31,0.04039779057105383,0.0012529289846091893,0.0018467121391661692,0.1791044776119403,6,0,False,
GCLM,0.05277257164319357,0.0012528183708708529,0.0018798183661068134,0.15422885572139303,6,0,False,
ITPA,0.019529402256011963,0.0012511013339319987,0.005021666637668793,0.38308457711442784,6,0,False,
SPAG7,0.040125471850236266,0.001251048911736114,0.0016650945025887577,0.11442786069651742,6,0,False,
GOSR1,0.038610915342966706,0.0012509540887630432,0.0014518668997671128,0.09950248756218906,6,0,False,
MFHAS1,0.06569228942195574,0.001249658937751522,0.001374472735044893,0.10945273631840796,5,0,False,
ADGRG1,0.04654045651356381,0.0012488899042689644,0.0017752735095531832,0.19900497512437812,6,0,False,
ACOT13,0.05148116499185562,0.0012474014401691303,0.0012737923741494247,0.05970149253731343,5,0,False,
YIPF6,0.04265639434258142,0.0012465304763213908,0.0012230844958213746,0.05472636815920398,6,6,False,
TRIM24,0.053410733739535005,0.0012464636418587078,0.0018687372327737518,0.1791044776119403,6,0,False,
ZC3H18,0.027648011843363463,0.0012450011408293136,0.002934363741898941,0.26865671641791045,6,0,False,
NUTM2A-AS1,0.03243419776360196,0.0012422432948153432,0.0022364534700125213,0.21890547263681592,6,0,False,
PURB,0.037114739418029785,0.0012418853971586912,0.0017492381825770678,0.15422885572139303,6,0,False,
PSMD7,0.017736891905466734,0.0012413277937939004,0.007460927585646818,0.4079601990049751,6,0,False,
NAA10,0.019873475035031618,0.0012395596286202482,0.005219770513033502,0.4079601990049751,6,0,False,
NTHL1,0.051646473507086454,0.0012392644083986247,0.0015622347312388896,0.09950248756218906,6,0,False,
CHP1,0.023785506685574886,0.0012383304512693445,0.007787895071235555,0.4626865671641791,6,0,False,
TSPYL2,0.030173564950625092,0.0012380415460402049,0.0038723703653742053,0.3482587064676617,6,0,False,
C9orf78,0.024034976959228516,0.0012374487274775478,0.00454696661410511,0.3034825870646766,6,0,False,
NAA15,0.059972344587246595,0.0012367606865919584,0.0017316270253804535,0.1791044776119403,6,0,False,
UBE2D1,0.04323749616742134,0.0012352450584594628,0.002169974427611265,0.19402985074626866,6,0,False,
RLIM,0.039693651099999755,0.0012352392891171937,0.0017290081468031469,0.18407960199004975,6,0,False,
HID1,0.058163349827130645,0.0012347150481359804,0.0015862530497163787,0.13432835820895522,5,0,False,
PAIP1,0.03318982571363449,0.0012327480036854604,0.0019699121884590217,0.18407960199004975,6,0,False,
PSMD2,0.023926056921482086,0.0012313970817075853,0.006441461040264084,0.43283582089552236,6,0,False,
UBE2Z,0.04165468861659366,0.001230712457643338,0.0013260609185920256,0.06467661691542288,6,0,False,
CIAO1,0.02725307395060861,0.0012290839200871993,0.0025997883232876835,0.2935323383084577,6,0,False,
CYFIP1,0.04561099658409756,0.0012287696494863603,0.0025965256676927363,0.24875621890547264,6,0,False,
RRAGC,0.06861250599225362,0.001225431830016123,0.001760039877830389,0.19900497512437812,5,0,False,
RICTOR,0.053773450354735075,0.0012240218326037187,0.0012439827303289029,0.05970149253731343,6,0,False,
HPCAL1,0.04932762434085208,0.001223721350089373,0.001647502986846663,0.16417910447761194,6,0,False,
DCXR,0.024175147215525328,0.0012232467042410002,0.007134323165226495,0.4527363184079602,6,0,False,
CAPS,0.12997376422087353,0.0012215128986173141,0.00105759239228921,0.01990049751243781,3,6,False,
B3GNT5,0.03123679757118225,0.0012213189697056715,0.006039337713630951,0.4228855721393035,6,0,False,
C1D,0.03977207839488983,0.0012210680509553156,0.0012970572703623541,0.07960199004975124,6,0,False,
NUP153,0.0507826618850231,0.0012199961651826133,0.001411050779355692,0.1044776119402985,5,0,False,
AC005261.1,0.06487740327914557,0.0012130725202251454,0.0017134558700149418,0.1044776119402985,4,0,False,
SARS,0.02720532069603604,0.0012127116384664234,0.005769724224095684,0.40298507462686567,6,0,False,
FLII,0.03698511421680453,0.0012123606079096575,0.0020587111421999428,0.20398009950248755,6,0,False,
PCYOX1,0.05564684420824051,0.0012121548568417673,0.0013913663128667319,0.09950248756218906,6,0,False,
DCAF7,0.042841305335362734,0.001211837291777808,0.0015882774320206915,0.12935323383084577,6,0,False,
CMTM6,0.03114472826321918,0.0012116730681441153,0.002477847926033797,0.2835820895522388,6,0,False,
DNAJC19,0.022916858394940676,0.0012105888807148661,0.002758613019683952,0.27860696517412936,6,0,False,
LAMTOR2,0.013635014494260134,0.0012062617372407894,0.008126368218826795,0.4228855721393035,6,0,False,
UBA1,0.027667234341303526,0.0012058361318040155,0.005351806137154476,0.3781094527363184,6,0,False,
ID2,0.01556175947189331,0.0012046655687481512,0.012471892503762813,0.43781094527363185,6,0,False,
GADD45G,0.04981258511543274,0.0012045487746252367,0.0016944055472006437,0.11940298507462686,5,0,False,
RAB27A,0.06362831344207126,0.001204471956925887,0.003527002151008437,0.39303482587064675,6,0,False,
TP53BP2,0.0459313491980235,0.0012043233185783442,0.0015314309912648405,0.12437810945273632,6,0,False,
CENPB,0.03467640404899913,0.0012035691286495813,0.002719340594177584,0.32338308457711445,6,0,False,
EBLN3P,0.035703885058561924,0.0012028882729843305,0.0023263045919601497,0.24378109452736318,6,0,False,
MRPS33,0.02636439104874927,0.0011998998654949014,0.003107707413429808,0.29850746268656714,6,0,False,
ARHGAP12,0.028158582746982574,0.0011989450092936777,0.004076045613989014,0.3582089552238806,6,0,False,
GTF2A2,0.020170783003171266,0.0011984102263957687,0.004568697734228602,0.3482587064676617,6,0,False,
GTF3C6,0.01998514930407208,0.0011968020598752754,0.00573125385535037,0.3582089552238806,6,0,False,
ZMYND8,0.03191315631071723,0.0011949298946074488,0.002986316671944314,0.2885572139303483,6,0,False,
RPS6KB1,0.055318400263786316,0.0011936012862038383,0.001315803410820637,0.0945273631840796,5,0,False,
LSG1,0.041806896527608245,0.0011933198523629675,0.0016480714499741297,0.1691542288557214,6,0,False,
TERF1,0.04655808707078296,0.0011849478709340202,0.001376936057930949,0.10945273631840796,6,0,False,
CUL4A,0.05369851738214493,0.001183286652178642,0.0013773361032277448,0.1044776119402985,6,0,False,
CRCP,0.036299388855695724,0.0011829839717270268,0.0015926638597876168,0.15422885572139303,6,0,False,
TP53I11,0.040467020124197006,0.00118234472411513,0.0014995889404859253,0.12437810945273632,6,0,False,
CRACR2B,0.04892086734374365,0.001181487808209421,0.0015735192687601535,0.18407960199004975,6,0,False,
TSC2,0.054347662876049696,0.0011808174608441298,0.0013674835440922052,0.08955223880597014,6,0,False,
ZFR,0.03651805967092514,0.0011795387871429176,0.0014253691720995296,0.12437810945273632,6,0,False,
ARHGEF1,0.03695602466662723,0.0011786651028860445,0.0016645960981695835,0.14925373134328357,6,0,False,
SULT1C2,0.040745168924331665,0.001178431125259767,0.014386433983826972,0.472636815920398,5,0,False,
BAG5,0.034738498429457365,0.0011780398878375898,0.002076633886749802,0.22885572139303484,6,0,False,
TCEA3,0.04583783199389779,0.00117751195104269,0.0033995695139068813,0.40298507462686567,5,0,False,
RASAL2,0.05015275379021962,0.0011749109777680598,0.001352081714018219,0.07462686567164178,6,0,False,
ZNF800,0.03898590554793674,0.0011728689021859818,0.0018507832905486348,0.16417910447761194,6,0,False,
GABARAPL1,0.03595170502861342,0.0011708059123192865,0.0027719093175085736,0.2885572139303483,5,0,False,
LSM2,0.02313778301080066,0.0011704682296368983,0.004067342859022305,0.38308457711442784,6,0,False,
LGMN,0.03188370664914447,0.0011678731028540012,0.003656534644118959,0.417910447761194,6,0,False,
CHTOP,0.027987375855445862,0.001167810592347608,0.0023754642615295965,0.2835820895522388,6,0,False,
SNRNP25,0.0449390361706416,0.001167579206513547,0.0019256766514727747,0.19402985074626866,6,0,False,
ZMYM4,0.0473097562789917,0.0011672754631569162,0.001749934410116359,0.19900497512437812,5,0,False,
POLR2H,0.022524947921435,0.0011658339732415037,0.004035273117029498,0.3781094527363184,6,0,False,
PAPSS1,0.11766224230329198,0.001165064070436035,0.00116031672763007,0.05472636815920398,4,6,False,
ANTKMT,0.026407266656557737,0.001162943844931885,0.0033620218985750236,0.3333333333333333,6,0,False,
ZNF22,0.05854169527689615,0.0011627825717223357,0.0012968466413793517,0.0845771144278607,5,0,False,
PGD,0.03663127621014911,0.0011615680463500492,0.0035050976794774903,0.38308457711442784,6,0,False,
ZBTB11,0.04295012727379799,0.0011604279967041878,0.0016449189054940807,0.208955223880597,6,0,False,
MAP3K4,0.07950668161114055,0.0011578674143283684,0.0011445672547510492,0.05472636815920398,4,6,False,
TTC14,0.052542140086491884,0.0011569291923503968,0.0018212828407928013,0.19900497512437812,6,0,False,
MESD,0.025696838895479857,0.0011563714945420434,0.004829629061956981,0.417910447761194,6,0,False,
GOPC,0.054323685665925325,0.0011556916261928258,0.0015758617800321181,0.11940298507462686,6,0,False,
CITED4,0.04538802554210028,0.001153655924700636,0.0015290847307187342,0.11442786069651742,6,0,False,
UBE2N,0.02471039692560828,0.0011521532699254268,0.0035630430620147307,0.3482587064676617,6,0,False,
DUS1L,0.036520796517531096,0.0011491767878920942,0.0020924287444258,0.263681592039801,6,0,False,
ARFGAP3,0.030982856949170412,0.0011486091185425823,0.0021337721477162146,0.23383084577114427,6,0,False,
SAMD1,0.051484762380520493,0.001143660529088908,0.001685031519502243,0.17412935323383086,5,0,False,
SPATA13,0.04692251483599344,0.0011427492545448281,0.0020327621891491755,0.2736318407960199,5,0,False,
ANKRD22,0.05595835049947104,0.0011418313517710236,0.0023820555180428062,0.30845771144278605,5,0,False,
TARSL2,0.0680475061138471,0.0011395599208500421,0.0017008160405821754,0.1890547263681592,5,0,False,
ANP32E,0.02614111204942071,0.0011394728921969226,0.0035716564643945687,0.32338308457711445,6,0,False,
ZCCHC17,0.0443661535779635,0.0011381447866689524,0.001305191198246219,0.10945273631840796,6,0,False,
ANAPC15,0.03559880455334982,0.0011372160250025037,0.0016558401905385522,0.15920398009950248,6,0,False,
ISCA1,0.03750197341044745,0.0011371121151952063,0.0011602083341837113,0.06467661691542288,6,0,False,
GLYR1,0.03343390425046283,0.0011358571715119243,0.0024371356279831668,0.24378109452736318,6,0,False,
CCDC34,0.039848422010739654,0.0011353827379596611,0.0023565955446788337,0.3482587064676617,5,0,False,
PBXIP1,0.04127133513490361,0.0011337310338283358,0.002143303630601152,0.23880597014925373,6,0,False,
EBNA1BP2,0.021141014993190765,0.0011320153214916429,0.0049933252064055566,0.39303482587064675,6,0,False,
TMEM87A,0.03392447282870609,0.00113179972995622,0.0021865083351425845,0.2885572139303483,6,0,False,
SMARCA1,0.11659874891241392,0.0011302507106553468,0.0013648740548073558,0.11442786069651742,3,0,False,
RBM33,0.026282424728075626,0.001128896961223385,0.0019489591655721646,0.23383084577114427,6,0,False,
MYLIP,0.03726831451058388,0.0011285280709349274,0.0026127321022760613,0.26865671641791045,5,0,False,
KRAS,0.02190272013346356,0.0011284078599467816,0.005275198428234195,0.43283582089552236,6,0,False,
AK1,0.019560212890307127,0.0011280895608971782,0.005531854302746653,0.39800995024875624,6,0,False,
TLE1,0.030282936990261106,0.0011280153974003535,0.0024243421233756278,0.31840796019900497,6,0,False,
MED17,0.044575041780869185,0.001126697759737305,0.0012077859882600585,0.0845771144278607,5,0,False,
YES1,0.028959217170874296,0.0011264447812631539,0.0045683856198197575,0.373134328358209,6,0,False,
CDK4,0.04314888020356497,0.0011263309933549914,0.0015259624813606576,0.1791044776119403,6,0,False,
PSMD4,0.014227877060572325,0.001126047955172692,0.00673773032102667,0.43283582089552236,6,0,False,
MAPK1,0.046157220999399784,0.0011260347856081483,0.001470630956672765,0.12437810945273632,6,0,False,
KIAA0232,0.04345886160929999,0.001126024909592537,0.0017844253190220664,0.13432835820895522,6,0,False,
COMMD4,0.030699404577414213,0.0011219339080584543,0.00286322879594002,0.32338308457711445,6,0,False,
PHACTR2,0.02103516459465027,0.0011205724082143534,0.008827812221939898,0.417910447761194,6,0,False,
HERPUD1,0.009641329447428348,0.0011204534088086295,0.027530434017477668,0.4527363184079602,6,0,False,
ERC1,0.0522737999757131,0.0011204105968060218,0.001363959598598644,0.0945273631840796,6,0,False,
UBE2M,0.03359329948822659,0.0011202283317728488,0.0029781072464990137,0.3482587064676617,6,0,False,
RCN2,0.032664820551872226,0.0011166579620379151,0.002189014263594874,0.27860696517412936,6,0,False,
WDR13,0.033228335281213134,0.0011165914712460744,0.0018637583399545785,0.13432835820895522,6,0,False,
TUFM,0.011721953749656677,0.0011161057873272503,0.015982473997516688,0.48756218905472637,6,0,False,
NXF1,0.046842195093631744,0.0011152926655337279,0.0016406643592599588,0.13930348258706468,6,0,False,
C6orf141,0.06298778826991716,0.001115287303585688,0.001525765204347452,0.10945273631840796,4,0,False,
SAR1A,0.026428433756033598,0.0011147877856837536,0.0029766636507139324,0.373134328358209,6,0,False,
SLK,0.015659799178441403,0.001114691468091148,0.008959087071285704,0.43781094527363185,6,0,False,
PPP4R2,0.029478589693705204,0.0011144706892848685,0.0019145392418803782,0.21393034825870647,6,0,False,
FAM214A,0.04430499797066051,0.0011125662160333862,0.0013731145521459162,0.11442786069651742,5,0,False,
WBP11,0.029522577921549442,0.001112517712331573,0.0028971867665392457,0.29850746268656714,6,0,False,
ATP2C1,0.0426776148378849,0.0011124942608758083,0.0016506316357095326,0.1691542288557214,6,0,False,
KIF1B,0.04158416638771692,0.0011121899323134022,0.0013034399845776997,0.1044776119402985,6,0,False,
WWP1,0.028804399073123932,0.0011118303082978723,0.0026530255542131704,0.2835820895522388,6,0,False,
SLC25A33,0.053373921662569046,0.0011109557851097624,0.001323169143374254,0.12437810945273632,5,0,False,
FAM177A1,0.013805414239565494,0.0011090142713795319,0.0065640994578999735,0.3681592039800995,6,0,False,
DHPS,0.03924863785505295,0.00110855307611525,0.0011765706985275264,0.06467661691542288,6,0,False,
MTPN,0.018829037745793697,0.0011030155985424232,0.0051926777563502165,0.3880597014925373,6,0,False,
LARP1B,0.03625293572743732,0.0011029377915874304,0.0032254951158659185,0.3880597014925373,6,0,False,
RHOT2,0.04469351718823114,0.0011025393311277069,0.001611012120699386,0.14925373134328357,6,0,False,
MAGOH,0.02069019277890527,0.0011019522781214903,0.0027214162711796724,0.3383084577114428,6,0,False,
DCAF13,0.027913212776184082,0.0011007526930131317,0.0015643410369023867,0.17412935323383086,6,0,False,
LSM3,0.017197012901306152,0.0010993502420087997,0.005924786681395801,0.3880597014925373,6,0,False,
KCNN4,0.05342466508348784,0.0010962968454959492,0.001523210700675899,0.19402985074626866,5,0,False,
POP5,0.03006039063135782,0.001094426158389881,0.0022712184761755115,0.21393034825870647,6,0,False,
ARL8B,0.04547504956523579,0.0010937237536123457,0.001401825701204824,0.13930348258706468,6,0,False,
KCNE3,0.02191187192996341,0.001092793650930064,0.009496099094399815,0.43781094527363185,6,0,False,
LRATD2,0.07339350879192352,0.001091271986085056,0.0013637607460069662,0.11442786069651742,4,0,False,
ZNF655,0.06978150208791095,0.0010905252544106648,0.001146391096792175,0.07960199004975124,4,0,False,
ATP6V0A1,0.04953004668156308,0.0010883889164481472,0.002057057293231704,0.14925373134328357,6,0,False,
CERS6,0.039582972725232424,0.0010868991567362382,0.0027860315695864067,0.34328358208955223,6,0,False,
MRPL24,0.04181210448344547,0.0010855917705356478,0.001266009449432642,0.13432835820895522,6,0,False,
UQCC3,0.023254516224066435,0.0010847009035489298,0.00280398526432042,0.26865671641791045,6,0,False,
TRAK1,0.023212524751822117,0.0010845001762599747,0.0034762551025372583,0.36318407960199006,6,0,False,
ADAM17,0.0402689427137375,0.0010824073685810386,0.0013514376159781507,0.11940298507462686,6,0,False,
YTHDF3,0.04062429815530777,0.001082399400777474,0.0013750494034684272,0.11442786069651742,6,0,False,
ANKIB1,0.037492352227369935,0.001081847457552891,0.0017026613036641449,0.23880597014925373,6,0,False,
LAGE3,0.02889771511157352,0.001081818120413516,0.0020624747177658753,0.2736318407960199,6,0,False,
ERLEC1,0.024024171133836092,0.0010762016788260138,0.0063566952296500445,0.4577114427860697,6,0,False,
MECP2,0.03974299877882004,0.0010735040473552663,0.0014407330375891447,0.12935323383084577,6,0,False,
RNF169,0.03298008069396019,0.0010732358073333647,0.0015237769549774362,0.12437810945273632,6,0,False,
NOP14,0.04408819228410721,0.0010731647927433678,0.0018393744280716124,0.17412935323383086,6,0,False,
CDCA7,0.04447956879933676,0.0010704461818265172,0.0012924847035206035,0.09950248756218906,4,0,False,
TMEM165,0.021233071883519472,0.0010704160251700625,0.00541493534720885,0.38308457711442784,6,0,False,
ATP6V1A,0.060796583692232786,0.0010684902353005452,0.0010627784366813592,0.05472636815920398,6,6,False,
TMEM147,0.021934370199839237,0.0010680565259247729,0.0038796725880017435,0.417910447761194,6,0,False,
CHCHD5,0.02087843418121338,0.001067060614768523,0.00411005792284819,0.3781094527363184,6,0,False,
CACNA1A,0.2985159692664941,0.0010662089703693067,0.0009656900401086753,0.03980099502487562,1,6,False,
CREBBP,0.031150514880816133,0.0010614045783457929,0.0021690442170149184,0.24378109452736318,6,0,False,
TNS3,0.05144793540239334,0.001060092465788632,0.0011837352562248558,0.11442786069651742,5,0,False,
FKBP9,0.04592379679282506,0.0010580304744914862,0.0011093041898570125,0.05970149253731343,6,0,False,
GATM,0.05644120027621588,0.0010552598871099135,0.0015101786183486818,0.13432835820895522,4,0,False,
RBM22,0.03010489046573639,0.0010538313095570827,0.0016609636183443528,0.1691542288557214,6,0,False,
PDS5A,0.036193254093329075,0.0010519077993901053,0.002210429059657631,0.263681592039801,6,0,False,
ARHGAP29,0.04357737054427464,0.001051779611542859,0.0013584749181567842,0.14427860696517414,4,0,False,
CDC42EP3,0.05426840856671333,0.0010509650566260373,0.00131107066415009,0.0945273631840796,4,0,False,
GINM1,0.043596061567465455,0.0010502876814377615,0.0011355501045427065,0.06467661691542288,6,0,False,
NPIPB5,0.03432726860046385,0.0010495699221727615,0.002152047227975902,0.24378109452736318,6,0,False,
DCAF8,0.030617487927277892,0.001046203753925805,0.0011787741891665896,0.0945273631840796,6,0,False,
SELENBP1,0.032016550501187624,0.0010460495507862567,0.0036306050980384206,0.43283582089552236,5,0,False,
EIF2AK1,0.023009049395720182,0.001045365692698354,0.005600487947273174,0.417910447761194,6,0,False,
MAPRE2,0.051240310072898865,0.0010453057123022426,0.0012178169168655906,0.11442786069651742,5,0,False,
CDKN1C,0.041001257797082274,0.0010441352632638646,0.002933990024263363,0.3383084577114428,5,0,False,
EAPP,0.028142201403776768,0.0010436430894257955,0.0016435374113723522,0.19402985074626866,6,0,False,
PLXNB1,0.05518106246987979,0.001043519685709678,0.0012342161478901183,0.08955223880597014,5,0,False,
SLC25A4,0.058627478778362274,0.0010433999400536343,0.0013152591003067157,0.08955223880597014,5,0,False,
CNOT2,0.023414497574170412,0.0010430942646079463,0.0022179104298860226,0.30845771144278605,6,0,False,
GADD45A,0.011688828468322754,0.0010422261114237568,0.022641559292577454,0.47761194029850745,6,0,False,
SVIP,0.035287484526634216,0.0010417003788772805,0.0024282844000262276,0.32338308457711445,6,0,False,
FAM91A1,0.033498818675677,0.001040424528957818,0.001450474349055925,0.1791044776119403,6,0,False,
VPS4B,0.02451602121194202,0.0010403807767645856,0.0037146059987374232,0.3880597014925373,6,0,False,
EFR3A,0.048148979743321746,0.0010384844211040656,0.0011693588748267231,0.11442786069651742,6,0,False,
RASSF7,0.028715918461481693,0.0010375833578911966,0.0024497052419221186,0.3034825870646766,6,0,False,
PTPN12,0.022852843006451906,0.0010372090904767874,0.002160105793094865,0.24875621890547264,6,0,False,
SH3BP4,0.05967686325311661,0.0010344127030164955,0.0011075783542799362,0.0945273631840796,5,0,False,
ZNF267,0.029144259790579483,0.0010337940087588075,0.0020457073301583715,0.263681592039801,6,0,False,
VMA21,0.03319894274075827,0.0010336154412440282,0.001056546725528558,0.07462686567164178,6,0,False,
GPI,0.019547934333483397,0.0010328041375993824,0.007449898269576799,0.43781094527363185,6,0,False,
CXXC5,0.06223315993944806,0.0010311649493959791,0.0010755848357626855,0.06467661691542288,6,0,False,
PCNT,0.05551528185606003,0.0010273580557640584,0.0010718056649571437,0.06467661691542288,4,0,False,
LINC00963,0.046656542768081025,0.001025729839595907,0.0011007707218272733,0.05970149253731343,5,0,False,
PSMF1,0.02014092355966568,0.001025135082762303,0.0033333896280526433,0.3681592039800995,6,0,False,
EXOSC6,0.042061901340881974,0.001024718601251103,0.0016997898373069856,0.11442786069651742,6,0,False,
PTK2,0.02333219846089682,0.0010245391429275618,0.0022897251064996752,0.2885572139303483,6,0,False,
UTP18,0.051795842746893556,0.0010222110204047296,0.0012244076733223216,0.10945273631840796,6,0,False,
ERICH1,0.021294288337230682,0.0010217209878798147,0.0027622424555831743,0.21890547263681592,6,0,False,
UBE2R2,0.028686150908470154,0.0010213994401003165,0.0027036274396164115,0.38308457711442784,6,0,False,
RBM23,0.03751877695322037,0.0010207584997962843,0.0018937973872263825,0.23880597014925373,6,0,False,
DMKN,0.12204019352793694,0.001020478981952454,0.0010645636096225767,0.05970149253731343,2,0,False,
LRP6,0.04201723635196686,0.0010201173750549668,0.0011993103843305347,0.1044776119402985,5,0,False,
PPRC1,0.06312297408779463,0.0010193505304347515,0.0012994052525977856,0.14925373134328357,5,0,False,
CCNT2,0.034301633636156736,0.0010192963703969417,0.001135823144471193,0.08955223880597014,4,0,False,
ZNF131,0.041692592203617096,0.001018956338972433,0.0012728417909695098,0.13930348258706468,6,0,False,
TMEM159,0.05572221303979556,0.0010188203973390938,0.0010012835318233104,0.05472636815920398,6,6,False,
ZNF703,0.04082640012105307,0.0010181331215736327,0.0012591759381439553,0.09950248756218906,6,0,False,
PSMC6,0.017710958917935726,0.0010168962046826794,0.004494727645878498,0.42786069651741293,6,0,False,
PUM3,0.03172776848077774,0.001016617104179363,0.0025519102327253816,0.32338308457711445,6,0,False,
PRR14L,0.03641700992981592,0.0010146149967665728,0.0020049433936327843,0.21890547263681592,6,0,False,
HDDC2,0.03995821128288904,0.0010136182650009632,0.0013686608363884932,0.11940298507462686,6,0,False,
CD52,0.03942048673828444,0.0010125548018301246,0.003956202491558704,0.3582089552238806,3,0,False,
FERMT1,0.015691091616948427,0.001012480951073409,0.005923866384115722,0.39800995024875624,6,0,False,
UBAP2L,0.03939455995957056,0.0010110193198554494,0.0011010551377284403,0.10945273631840796,6,0,False,
RRP7A,0.029540880272785813,0.0010102569834004556,0.0025655343804197083,0.29850746268656714,6,0,False,
WAPL,0.02386480321486789,0.0010100412631685739,0.002773675635252352,0.31840796019900497,6,0,False,
SRPRB,0.030655249953269986,0.0010096775194888136,0.0027068269751063887,0.43283582089552236,6,0,False,
IGBP1,0.023455406228701237,0.0010085937157308677,0.003124229808685934,0.3383084577114428,6,0,False,
GGCT,0.016737510760625185,0.001007923116998832,0.008625374166720275,0.3681592039800995,6,0,False,
ZFC3H1,0.024010255932807922,0.0010074530061344612,0.0028902555365528364,0.3383084577114428,6,0,False,
TOMM22,0.022088363766670227,0.0010072112325048618,0.00446803304843528,0.4129353233830846,6,0,False,
RNPC3,0.049449729422728225,0.001007191702595593,0.0013422050653759347,0.13432835820895522,5,0,False,
EP400,0.043932945777972535,0.0010065646801226931,0.0011055318453765488,0.07462686567164178,6,0,False,
EIF2AK4,0.04109374930461249,0.0010048659562530622,0.0014792914649441327,0.14925373134328357,6,0,False,
PIM1,0.024382775649428368,0.0010035558527108405,0.004325959471928034,0.3880597014925373,6,0,False,
TRAPPC1,0.019127801060676575,0.0010026988062535756,0.005364568996536859,0.39303482587064675,6,0,False,
TOPORS,0.03762172410885495,0.0010026983886950575,0.0015086988790879152,0.1890547263681592,6,0,False,
SPOP,0.041433746616045625,0.001002157301458547,0.0011810554343981336,0.0945273631840796,6,0,False,
FUT8,0.0337246532241503,0.0010021483494392623,0.004263769852686939,0.39800995024875624,6,0,False,
SAP30BP,0.02854238450527191,0.0010010170526722712,0.0021444880440389833,0.31343283582089554,6,0,False,
CNKSR3,0.03969588006536165,0.001000585977327263,0.0014782315896018877,0.15422885572139303,5,0,False,
EHBP1,0.04235749691724777,0.001000069341653185,0.0009926516547532026,0.05472636815920398,6,6,False,
SCCPDH,0.029529037574927003,0.0009999536213292656,0.002187131418185489,0.27860696517412936,6,0,False,
CHD8,0.03415060540040335,0.0009998644345381594,0.0014102446067355344,0.13930348258706468,6,0,False,
PDCD7,0.041716620326042175,0.0009990987334665754,0.0011553417007089202,0.09950248756218906,6,0,False,
NECTIN3,0.049153896669546754,0.000998795408551738,0.0017132778366602036,0.23383084577114427,4,0,False,
CBX1,0.041829345126946776,0.0009982122743814965,0.001823491218840885,0.2835820895522388,6,0,False,
CFAP298,0.0230300749341647,0.0009975809090032777,0.003730951432772633,0.3681592039800995,6,0,False,
CCNG1,0.048225974043210385,0.000997130980613558,0.0020481999617870937,0.3034825870646766,6,0,False,
POLE3,0.030398172636826815,0.0009964690303066602,0.0023326544084446388,0.27860696517412936,6,0,False,
CEP83,0.05807654621700446,0.0009962661705312861,0.0010548058816161976,0.07462686567164178,4,0,False,
SFT2D2,0.03516522049903867,0.0009960553970995954,0.0010401361862228604,0.07462686567164178,6,0,False,
HCFC1,0.035952461262544005,0.0009958749107783155,0.0010566210876456288,0.09950248756218906,6,0,False,
ARHGEF7,0.03530129293600717,0.000993379961812388,0.001084356531118343,0.07462686567164178,6,0,False,
FBXW11,0.04822771747907004,0.0009920064003375566,0.0015203323495827953,0.15920398009950248,5,0,False,
PITHD1,0.03732107828060788,0.0009905359038174387,0.001627218216311997,0.30845771144278605,6,0,False,
NELFE,0.028418563306331607,0.0009880396625895243,0.0021328977931664066,0.35323383084577115,6,0,False,
RBM38,0.04178498933712642,0.0009866129417288724,0.001311173751066617,0.08955223880597014,6,0,False,
USP48,0.024954562385876955,0.00098550948594033,0.003720073027284417,0.417910447761194,6,0,False,
CTR9,0.04420655220746994,0.0009806370288780765,0.001457378008859442,0.22885572139303484,6,0,False,
CLPTM1L,0.03310541311899823,0.000979887723472528,0.0023799703240289407,0.3681592039800995,6,0,False,
DFFA,0.035765099028746306,0.0009795267127819841,0.0013788440972566365,0.1791044776119403,6,0,False,
MRTO4,0.03537684679031372,0.0009749034069683795,0.0013393190741990226,0.14925373134328357,6,0,False,
SIN3A,0.04576013361414272,0.0009744528040705903,0.0011640715294070575,0.0845771144278607,6,0,False,
REEP5,0.013189956545829773,0.0009719876718359478,0.004641306432153986,0.43283582089552236,6,0,False,
USP14,0.021776512265205383,0.0009716107893672564,0.003845606645961863,0.38308457711442784,6,0,False,
SEC16A,0.03345728665590286,0.0009710551020059222,0.003373339098955205,0.417910447761194,6,0,False,
KAT6A,0.02039644867181778,0.0009709381782553118,0.003141413755122871,0.31840796019900497,6,0,False,
CAVIN3,0.023091477031509072,0.0009690911121001602,0.0017943316567280295,0.25870646766169153,6,0,False,
SRFBP1,0.03959584111968677,0.000965696021917917,0.0009401079267171487,0.05472636815920398,5,6,False,
SCAMP1,0.0522359622021516,0.0009655741011109968,0.000999781877110766,0.06467661691542288,6,0,False,
HRAS,0.03750811517238617,0.0009638069397052661,0.001038058686919913,0.06965174129353234,6,0,False,
CCDC50,0.020196765661239624,0.000962691020109089,0.002495657445380182,0.263681592039801,6,0,False,
ZNF518A,0.03581772744655609,0.000962679049489244,0.0016980117810780307,0.19402985074626866,6,0,False,
USO1,0.03518398602803552,0.0009594358660294351,0.0027473900737223656,0.36318407960199006,6,0,False,
PCNA,0.024359171589215606,0.0009581113491241159,0.003281677158582189,0.3333333333333333,6,0,False,
CEP290,0.039464530845483126,0.0009572492981421671,0.0012280547300446355,0.14427860696517414,5,0,False,
UAP1,0.031049529711405455,0.0009566795739234809,0.0027757472693640426,0.3880597014925373,6,0,False,
AP2B1,0.021875868240992247,0.0009565738271261094,0.007631570768806155,0.472636815920398,6,0,False,
CASC3,0.039048304160436004,0.0009563392460203396,0.0012990035046024195,0.1691542288557214,6,0,False,
TMX1,0.02919371426105502,0.0009560457320340758,0.002185898576380748,0.31840796019900497,6,0,False,
PODXL2,0.056752461940050125,0.0009542400590482048,0.000983441951961909,0.06467661691542288,6,0,False,
SYNRG,0.037714995443820926,0.0009532772366358359,0.0024037242331502342,0.24378109452736318,5,0,False,
ANXA7,0.023135051131248474,0.0009531378533999757,0.0032357537098454264,0.3383084577114428,6,0,False,
PLXNB2,0.014576752980550112,0.0009515679766004259,0.007143964916697157,0.4129353233830846,6,0,False,
RNF216,0.03747105225920677,0.0009512765156816357,0.0011251039866296392,0.11442786069651742,6,0,False,
ABI1,0.025037971635659517,0.0009495064886763573,0.0026462519291281785,0.3383084577114428,6,0,False,
SLC35E1,0.0419927810629209,0.0009474451146120526,0.0013704757160966149,0.22388059701492538,6,0,False,
ECPAS,0.0382749562462171,0.0009453403856949922,0.0015799108460605488,0.22885572139303484,6,0,False,
PRMT2,0.023952347536881802,0.0009448894966308343,0.003153564148560327,0.34328358208955223,6,0,False,
CNPY3,0.030992969870567322,0.0009436596196443025,0.0015610741262202354,0.21393034825870647,6,0,False,
STRN,0.03955287237962085,0.000942733669420992,0.001722502963667276,0.25870646766169153,5,0,False,
USP33,0.029027032355467497,0.0009416961114660529,0.0022351762522094757,0.3283582089552239,6,0,False,
SDCCAG8,0.025444969534873962,0.0009408359518220477,0.0018429015978167625,0.24875621890547264,6,0,False,
SCAPER,0.06732052564620972,0.0009401336165991982,0.0009700867333385677,0.05970149253731343,4,0,False,
HLTF,0.055967144668102264,0.0009387421347652486,0.0011217718508387223,0.13930348258706468,4,0,False,
ICE2,0.048929796864589065,0.0009374679509065889,0.0010029014431072606,0.07462686567164178,5,0,False,
COMMD7,0.02200802415609357,0.0009362188284269483,0.0025446684292723455,0.31343283582089554,6,0,False,
SEC23B,0.03548055017987886,0.0009349783047488923,0.002029137255761907,0.2835820895522388,6,0,False,
PELP1,0.058480966836214066,0.0009345259561389089,0.0009897541359027027,0.09950248756218906,5,0,False,
ITM2B,0.004558463891347175,0.0009339190326208618,0.033045964638364046,0.4975124378109453,6,0,False,
GLOD4,0.03748043378194174,0.0009335152319564059,0.0014879239392488006,0.23383084577114427,6,0,False,
MGA,0.04905779411395392,0.0009328289004203398,0.0009534258937919801,0.05970149253731343,6,0,False,
METTL9,0.021742316583792387,0.0009327836383935563,0.0033412379528537013,0.4129353233830846,6,0,False,
TCOF1,0.03712802877028784,0.0009326676354703156,0.0015689166181682755,0.21890547263681592,6,0,False,
PPM1B,0.035085052251815796,0.0009318696491473033,0.0014099366514652087,0.13432835820895522,6,0,False,
MON2,0.0435981601476669,0.0009315225454645596,0.0011740848172045143,0.12935323383084577,6,0,False,
FOXA3,0.04478474458058673,0.0009310948491878029,0.0026252479881503504,0.3582089552238806,5,0,False,
PREPL,0.05277402947346371,0.000929601970195937,0.0017569512051933886,0.21890547263681592,5,0,False,
MIR22HG,0.024871995051701845,0.0009282457106379886,0.008473183382658227,0.46766169154228854,6,0,False,
MINDY2,0.03698146591583887,0.0009278164655473283,0.0009643673489330978,0.07462686567164178,6,0,False,
RELA,0.03211870292822519,0.0009272158022372559,0.0015946850814152426,0.26865671641791045,6,0,False,
BOD1,0.03989250709613165,0.0009269616075884147,0.0011662566236885074,0.15422885572139303,6,0,False,
SH3GLB2,0.028535130123297392,0.0009266916630584343,0.002268417703456855,0.23383084577114427,6,0,False,
PPP6R2,0.035641389588514955,0.0009234069224999759,0.0018073932694553567,0.23880597014925373,5,0,False,
PARVA,0.0459686430792014,0.0009233793624507654,0.0013544627857806756,0.20398009950248755,6,0,False,
CCDC124,0.018986180424690247,0.0009209562693329776,0.004262318635703069,0.36318407960199006,6,0,False,
TGFBR2,0.023062055309613527,0.0009209196344366957,0.0033956372584782075,0.3582089552238806,6,0,False,
FBXO33,0.056018453091382966,0.0009201223713235522,0.0011163037740070563,0.07960199004975124,5,0,False,
COQ4,0.02372104922930396,0.0009195139740945501,0.0023087141009729703,0.3383084577114428,6,0,False,
MBD4,0.02673571060101193,0.0009187148386805203,0.0015155854213516602,0.208955223880597,6,0,False,
QSER1,0.060353170459469155,0.0009185607960559179,0.0010512841546211024,0.1044776119402985,5,0,False,
CCDC186,0.01733281711737311,0.0009169934070419311,0.004163795807941539,0.36318407960199006,6,0,False,
NUBP2,0.028595405320326506,0.0009164605991982154,0.001528682737340942,0.27860696517412936,6,0,False,
CCP110,0.07783599942922592,0.0009143362460561446,0.0011226923008750903,0.12935323383084577,4,0,False,
AFDN,0.02220966418584186,0.0009141595491767604,0.003368174335186929,0.35323383084577115,6,0,False,
MICOS10,0.006467779477437374,0.0009141256415570494,0.02567680781671277,0.472636815920398,6,0,False,
PYGB,0.01654413342475891,0.0009122352321846404,0.002746580500380965,0.36318407960199006,6,0,False,
LSM4,0.014206478993097904,0.000911773854934063,0.007990181938720333,0.38308457711442784,6,0,False,
HINT2,0.024823610981305477,0.0009113575849192114,0.002185470000730756,0.2835820895522388,6,0,False,
DTD1,0.025119601438442857,0.0009090916062656292,0.0018869368741264473,0.25870646766169153,6,0,False,
SRPK2,0.033458379407723726,0.0009076295154828919,0.0012018379169251628,0.13930348258706468,6,0,False,
PISD,0.06768823290864627,0.0009062218427464315,0.0009043202533013454,0.05472636815920398,5,6,False,
CSE1L,0.036967739462852464,0.0009062035801337958,0.0013833477073533103,0.17412935323383086,6,0,False,
MAGEF1,0.046740838636954635,0.0009043104379310774,0.0012458835608798165,0.1691542288557214,6,0,False,
IST1,0.019819272061189053,0.0009030014360768008,0.0027061083248048744,0.3482587064676617,6,0,False,
HBP1,0.024478087822596223,0.0009018513911079932,0.002790697546147785,0.3333333333333333,6,0,False,
SIGIRR,0.02090244988600412,0.0009017540566243849,0.0022617072403322666,0.22388059701492538,6,0,False,
GATAD2B,0.04237645616134009,0.0008990338188107839,0.0009636888631127523,0.0845771144278607,6,0,False,
LYST,0.04138437906901041,0.000897971653863896,0.0013206974770010346,0.1890547263681592,6,0,False,
ABHD14A,0.07471144199371338,0.0008972202057745095,0.0010003448277845087,0.08955223880597014,5,0,False,
ECE1,0.031111688663562148,0.0008963396438919208,0.0013046218634391433,0.15422885572139303,6,0,False,
ERO1A,0.018162185947100284,0.0008958442253110264,0.005408562112159606,0.4427860696517413,6,0,False,
SLU7,0.0314415842294693,0.0008939392515676134,0.0013629654359760305,0.14925373134328357,6,0,False,
ATXN7,0.03383293499549228,0.0008921789304236207,0.0017899437075253905,0.26865671641791045,5,0,False,
UBE3C,0.04327767839034399,0.0008908639463856256,0.0011919106442489593,0.0945273631840796,6,0,False,
FNDC3B,0.020872145891189575,0.0008897714225516922,0.0048068073408121395,0.42786069651741293,6,0,False,
DNAJB9,0.03413927803436914,0.0008889589526495088,0.002622794355710352,0.30845771144278605,6,0,False,
ADNP2,0.06959012150764467,0.0008873457693804316,0.0010227364497611671,0.06965174129353234,5,0,False,
CSRP1,0.024854364494482667,0.0008865781946909997,0.0017260445465821239,0.21393034825870647,6,0,False,
IARS,0.03146108860770863,0.0008865374563642354,0.002330763541804358,0.3333333333333333,6,0,False,
PMPCA,0.04112303753693897,0.0008860814655806318,0.001079770001048095,0.08955223880597014,6,0,False,
ZNF721,0.02792658656835556,0.0008854065584996944,0.0019094599943829387,0.24875621890547264,5,0,False,
TSSC4,0.03187747051318485,0.0008844962543436726,0.001060592947499986,0.0845771144278607,6,0,False,
RHBDD2,0.04194245239098868,0.0008827559764497674,0.0013003864825086376,0.16417910447761194,6,0,False,
FOXP4,0.05128237356742224,0.0008826288759015804,0.0009718988298095663,0.05970149253731343,6,0,False,
INTS10,0.03502780447403592,0.0008776196564069624,0.0012748751254003585,0.18407960199004975,6,0,False,
SLC25A44,0.07550290351112683,0.0008765787956000688,0.001334034205757081,0.208955223880597,4,0,False,
NME4,0.029411479830741882,0.0008742302536150087,0.0014729626192305071,0.23880597014925373,6,0,False,
IMPAD1,0.03653222322463989,0.0008739833880533172,0.0016994920662754794,0.3034825870646766,6,0,False,
IVD,0.037807852029800415,0.000872162973907406,0.0021675619622215244,0.31343283582089554,6,0,False,
OGFOD3,0.057042659570773424,0.0008711280541155966,0.0009028953071686645,0.06467661691542288,5,0,False,
WDR34,0.02892985443274182,0.0008705909750374359,0.0020492391694035337,0.22388059701492538,6,0,False,
BMPR2,0.027744619796673475,0.0008692691825405399,0.0014304832706559679,0.19402985074626866,6,0,False,
CTCF,0.023964832226435362,0.0008692599290593141,0.0021727910582409397,0.24378109452736318,6,0,False,
RPAP2,0.03894208495815593,0.0008692313283407806,0.0013714405456606467,0.13930348258706468,5,0,False,
SLC39A1,0.020101445416609465,0.0008687181711199177,0.0018108867637758297,0.3333333333333333,6,0,False,
ERCC1,0.03551059464613596,0.0008667646374572882,0.001126824490080842,0.1044776119402985,6,0,False,
RO60,0.0329894945025444,0.0008650979736832828,0.00124622423310309,0.14427860696517414,6,0,False,
TMEM98,0.03933382779359815,0.0008650156652622951,0.001711789401677496,0.21890547263681592,6,0,False,
MAGED1,0.05652500192324322,0.0008641929329061876,0.0014464167873610757,0.21393034825870647,5,0,False,
ICE1,0.03393390029668808,0.0008615563962533651,0.001416813848361856,0.23383084577114427,6,0,False,
TSEN34,0.03417804092168808,0.0008604109779769436,0.0009167115292902349,0.07960199004975124,6,0,False,
ANKRD36,0.05696974818905194,0.0008600405551382885,0.0010386095868299915,0.1044776119402985,4,0,False,
CCNY,0.033334297438462585,0.0008594006129169347,0.0014151471234075644,0.22388059701492538,6,0,False,
DGUOK,0.016990192234516144,0.0008593581530319608,0.002266080292454233,0.27860696517412936,6,0,False,
TRIM8,0.025587794681390136,0.0008571468207411034,0.0013014330907009683,0.14427860696517414,6,0,False,
PPP1R9A,0.07877649118502933,0.0008555485999673512,0.0008266671107771106,0.03980099502487562,3,6,False,
GULP1,0.047468944142262146,0.000855155068767099,0.0013045973020099607,0.2537313432835821,4,0,False,
GTF2F2,0.02732487147053081,0.0008548841488117485,0.001191660882709242,0.1890547263681592,6,0,False,
USP10,0.02742112676302591,0.0008547656811683472,0.0018456655844358832,0.2736318407960199,6,0,False,
KPNA2,0.03004318724075955,0.0008545029944025086,0.0017112783330227362,0.263681592039801,6,0,False,
RNF115,0.031249764064947783,0.000853617835689882,0.0010597271022699908,0.11442786069651742,6,0,False,
SMARCD2,0.03514938304821649,0.0008536042903768445,0.0015529867925385282,0.2835820895522388,6,0,False,
MRPS16,0.014619300762812315,0.0008531044029041054,0.005642174874585452,0.40298507462686567,6,0,False,
PCNX4,0.05220390111207962,0.0008529493781339471,0.0009918650889305142,0.0845771144278607,5,0,False,
HMGXB3,0.0309869647026062,0.0008521814435237022,0.0015109126280763523,0.19900497512437812,6,0,False,
BAZ2A,0.02042236179113388,0.000851528660639124,0.002449914315179125,0.3283582089552239,6,0,False,
MAP7D1,0.03463304042816162,0.0008510208096193499,0.0012258856062326443,0.1044776119402985,6,0,False,
COPS2,0.025447987020015717,0.0008503887067679444,0.0023952449565731093,0.34328358208955223,6,0,False,
RANGAP1,0.03183025245865187,0.0008498326917789002,0.0013784812725480976,0.22388059701492538,6,0,False,
NUP62,0.032339490950107574,0.0008489570595618133,0.0009373523336600825,0.06965174129353234,6,0,False,
ELK4,0.03390197704235712,0.0008484130246879709,0.0009789311511232397,0.08955223880597014,6,0,False,
SNIP1,0.0564320751776298,0.0008478185444124645,0.0009090037150661358,0.06965174129353234,5,0,False,
NUDCD3,0.03429406632979709,0.0008477885691908686,0.0014712176075404107,0.21393034825870647,6,0,False,
ARNTL2,0.04786551930010319,0.00084625775349698,0.0014395924872759047,0.21890547263681592,6,0,False,
XPA,0.044223569333553314,0.0008453887613898009,0.0013376042108258774,0.21393034825870647,6,0,False,
KIF3A,0.06828419988354047,0.0008442944867147962,0.0010113564574895754,0.11940298507462686,4,0,False,
MED25,0.033224308242400497,0.0008435907373525141,0.0008934477934776621,0.0945273631840796,6,0,False,
RAB11B,0.02683615932861963,0.0008433739601474869,0.0018002154025799908,0.24875621890547264,6,0,False,
PDK3,0.13021376604835191,0.0008432897412506682,0.0011241151328967027,0.14925373134328357,2,0,False,
SMURF1,0.04403512055675189,0.0008425652400584053,0.001108561988064303,0.13930348258706468,6,0,False,
BLVRB,0.00889122486114502,0.0008423533384089414,0.02528645866109084,0.5024875621890548,6,0,False,
CHM,0.05873158574104309,0.0008419557651788342,0.000963674732687653,0.10945273631840796,6,0,False,
TSR2,0.03359886507193249,0.0008413715828181807,0.0011807866755500721,0.20398009950248755,6,0,False,
COIL,0.032430212944746004,0.0008406154452586322,0.0012394883138874086,0.15422885572139303,5,0,False,
RETREG1,0.04979317386945088,0.0008405925896999868,0.0008914047606582527,0.06965174129353234,4,0,False,
RBM28,0.0383752261598905,0.0008404592924763699,0.0011780310753418063,0.13930348258706468,6,0,False,
DNAJB2,0.043657572319110216,0.0008402545826378035,0.00104550212473412,0.09950248756218906,5,0,False,
SF3A3,0.03054092824459076,0.0008390948488825177,0.0014272089854366593,0.208955223880597,6,0,False,
CAPN8,0.017013264199097933,0.0008390285185299667,0.011564177581155558,0.4925373134328358,6,0,False,
FOXO3,0.02431014428536099,0.0008382249077354366,0.0019415180952441508,0.3482587064676617,6,0,False,
SF3B3,0.03695282464226088,0.0008373849081443267,0.0010624746159743445,0.12935323383084577,6,0,False,
UBE2I,0.010829145709673582,0.0008372499190440667,0.006817960641049307,0.43781094527363185,6,0,False,
GID8,0.02324783553679785,0.000837148228401192,0.0016613206527798872,0.263681592039801,6,0,False,
FKBP3,0.01966055234273273,0.0008371358003587599,0.0037083947417561438,0.38308457711442784,6,0,False,
TRIM27,0.03973797708749771,0.0008363188571239028,0.0011763071873821657,0.14427860696517414,6,0,False,
TAF11,0.030108682811260223,0.000834585436025161,0.0013063991577204155,0.1890547263681592,6,0,False,
OSBPL8,0.02453771730264026,0.0008323150962067417,0.0026985999249818466,0.3681592039800995,6,0,False,
KDM5C,0.051732564965883895,0.0008319064385704886,0.0009187308671759483,0.06965174129353234,6,0,False,
ATF6B,0.031227825830380113,0.0008318915277718288,0.0010297630641507016,0.11442786069651742,6,0,False,
LSM12,0.019515966375668825,0.0008309484190297898,0.0030634951139964527,0.36318407960199006,6,0,False,
TNRC18,0.02475577841202417,0.0008294680111967714,0.0018339206586916222,0.23880597014925373,6,0,False,
SRPRA,0.019932925701141357,0.0008288995593688604,0.0038625455091611752,0.43283582089552236,6,0,False,
ARF1,0.005883236726125118,0.0008283470680589928,0.023939005029122672,0.4577114427860697,6,0,False,
DCAF5,0.033861227333545685,0.0008282535853059935,0.000982434248372227,0.09950248756218906,6,0,False,
CD55,0.00603892033298814,0.0008252427940619246,0.04732468545629024,0.5074626865671642,6,0,False,
ZNF37A,0.041690628975629807,0.0008233708727223474,0.0011038664573035754,0.1691542288557214,6,0,False,
RBL2,0.04197273403406143,0.0008232001744251869,0.0013457547894874136,0.23383084577114427,5,0,False,
TBRG1,0.029726701478163392,0.000822585199264607,0.0012623728356585652,0.14427860696517414,6,0,False,
KRIT1,0.035510731240113586,0.0008208829315723468,0.0011292783778839586,0.17412935323383086,6,0,False,
ZSWIM7,0.03828469788034755,0.0008202405152885503,0.0009900731614366964,0.09950248756218906,5,0,False,
AHCTF1,0.03079351286093393,0.0008198347188855068,0.0019128502250097474,0.2885572139303483,6,0,False,
ITPR2,0.039113856852054624,0.0008163703447084157,0.0021617996138535342,0.3781094527363184,4,0,False,
PSMD13,0.0168963223695755,0.0008160555331385223,0.003734714079016946,0.39800995024875624,6,0,False,
SKI,0.045819350207845375,0.0008158809994812951,0.0009397244913962557,0.0845771144278607,5,0,False,
BMS1,0.02860073372721672,0.0008148593761832937,0.0018088040458889864,0.24875621890547264,6,0,False,
WDR46,0.03277973954876262,0.0008127713977320439,0.0010713595697965405,0.1791044776119403,6,0,False,
NAV1,0.06544836486379305,0.0008125437408550062,0.0009776294417467185,0.09950248756218906,3,0,False,
DIAPH2,0.02291710674762726,0.0008119468006280472,0.001793329475096007,0.25870646766169153,6,0,False,
DDR1,0.019617607196172115,0.0008088332593858091,0.0026288756241121076,0.3283582089552239,6,0,False,
TIAL1,0.020890588561693846,0.000808393078648306,0.0020566585795528712,0.29850746268656714,6,0,False,
BLCAP,0.026724398136138916,0.0008073922237480761,0.0009716243806427884,0.11442786069651742,6,0,False,
RASGEF1B,0.03204108215868473,0.0008053511402900699,0.0023668426073200862,0.30845771144278605,5,0,False,
PHF20L1,0.014224916696548462,0.0008052080206272926,0.0023172210607077808,0.3283582089552239,6,0,False,
XIAP,0.018098692099253355,0.0008049208073316731,0.002544694035036821,0.373134328358209,6,0,False,
CBWD1,0.04863936578234038,0.0008026035541538528,0.0013063732534192272,0.14925373134328357,6,0,False,
KARS,0.024228222668170957,0.0008014769090269256,0.0026553333556548733,0.3681592039800995,6,0,False,
ZBTB44,0.04269708693027496,0.0008009027174097556,0.0008131500891375307,0.05970149253731343,5,0,False,
PLEKHA1,0.020201134184996278,0.0007997545487260251,0.00216354753095765,0.3333333333333333,6,0,False,
EIF2B5,0.029065000514189393,0.0007996079381853637,0.001213967701951273,0.1691542288557214,6,0,False,
SLC38A10,0.035012384255727114,0.0007994334446722309,0.001607178225028912,0.23383084577114427,6,0,False,
WIPI2,0.025745386878649384,0.0007991680241712367,0.001165296743655357,0.14925373134328357,6,0,False,
SOCS4,0.03834519783655804,0.0007990027347099345,0.0009595269085212848,0.11940298507462686,6,0,False,
ODF2L,0.020506639033555984,0.0007985482504397816,0.0017601457079252838,0.25870646766169153,6,0,False,
CEP85L,0.08088775724172592,0.0007983134274686043,0.0010456832240668189,0.15422885572139303,1,0,False,
PTPA,0.02935953438282013,0.000796824883018481,0.002062079336438183,0.3333333333333333,6,0,False,
MNAT1,0.03205660233894983,0.0007930543754585372,0.0013493370982316751,0.18407960199004975,6,0,False,
SREBF2,0.03523051987091702,0.0007930231344193198,0.001292988774888259,0.22885572139303484,6,0,False,
DDX1,0.01793589691321057,0.0007926364925099909,0.005804139747621931,0.472636815920398,6,0,False,
PLK2,0.012897425020734488,0.0007924790035612765,0.01045831637660428,0.4527363184079602,6,0,False,
MTG1,0.030242631832758576,0.0007919901586650636,0.0014015080481884884,0.19900497512437812,6,0,False,
MRFAP1L1,0.040503907948732376,0.000791418907574279,0.0009279152887986372,0.08955223880597014,5,0,False,
WBP4,0.028412451346715273,0.0007894710354359789,0.0017649193187060793,0.2537313432835821,6,0,False,
TMEM14A,0.028798351685206114,0.0007889881273728458,0.0018226587097131014,0.3582089552238806,6,0,False,
GNL2,0.037227490295966476,0.000788401870273222,0.0012107771045962693,0.208955223880597,6,0,False,
UBE2Q2,0.03934483478466669,0.0007877737325914378,0.0009536555987970745,0.13432835820895522,6,0,False,
GTPBP6,0.03243989000717798,0.0007866408708939412,0.0012852812716090433,0.2736318407960199,5,0,False,
LONP1,0.04514032850662869,0.0007866225051663062,0.001137003604139501,0.14925373134328357,5,0,False,
TATDN1,0.02629617725809416,0.0007863380129604896,0.000990344485076295,0.13432835820895522,6,0,False,
MSH6,0.039811160415410995,0.0007858142836273852,0.0012244873927756744,0.16417910447761194,5,0,False,
NSD2,0.03662823388973874,0.0007854676168082256,0.0011753559785078944,0.15920398009950248,4,0,False,
SLC2A4RG,0.04316109667221704,0.0007851381173468328,0.0011862910479322926,0.1890547263681592,6,0,False,
CKAP5,0.03672960524757701,0.0007850072397940105,0.0014492478988769194,0.24875621890547264,6,0,False,
HSD17B10,0.015743163724740328,0.0007841049131946906,0.0032628977421616428,0.39800995024875624,6,0,False,
ADAM28,0.10687054693698883,0.0007840880619429405,0.0011335035793016421,0.208955223880597,1,0,False,
PUS7L,0.03360237926244736,0.0007834558247705734,0.0014324797606284658,0.24378109452736318,5,0,False,
RAPH1,0.03695843617121378,0.0007813545616934257,0.0016121619013651765,0.2885572139303483,6,0,False,
KMT2B,0.03572146842877072,0.000781142630351188,0.0012846694567070823,0.16417910447761194,6,0,False,
NIPSNAP2,0.027683041989803314,0.0007810691456497591,0.0027502685685764482,0.4079601990049751,6,0,False,
NFKBIB,0.02287784218788147,0.0007809022355006835,0.0027761233574219693,0.39303482587064675,6,0,False,
SPTLC1,0.027361507217089326,0.0007800468878871456,0.0016783836738992434,0.29850746268656714,6,0,False,
CENPF,0.019912060350179672,0.0007788627893951492,0.005505491211505519,0.417910447761194,5,0,False,
CKAP4,0.034701231867074966,0.0007787739023341943,0.004143667579156017,0.4527363184079602,6,0,False,
EIF4EBP2,0.02472409357627231,0.0007758921489316114,0.0021176225279100993,0.3333333333333333,6,0,False,
DHX40,0.051895750065644564,0.0007758241619398962,0.000891107264634005,0.1044776119402985,4,0,False,
NCBP2,0.018385653694470733,0.0007751784975578844,0.002283304243316603,0.3283582089552239,6,0,False,
UTP23,0.030617925028006227,0.0007748304163339339,0.0008776980282961827,0.08955223880597014,6,0,False,
AKT2,0.04397461811701456,0.0007739509109011955,0.0008142852059415408,0.06467661691542288,6,0,False,
NMD3,0.03555945555369061,0.0007739003039009875,0.0013497348312269527,0.30845771144278605,6,0,False,
AAK1,0.02250999708970386,0.0007738284600250392,0.0030865831902301337,0.3681592039800995,6,0,False,
MARVELD2,0.051612451672554016,0.0007736703486700214,0.0007708074231643101,0.05472636815920398,5,6,False,
RCOR1,0.024343316753705352,0.0007736004009158712,0.0022364727579201444,0.373134328358209,6,0,False,
ZC3H7A,0.02994779000679651,0.0007734374631220126,0.0009807672595133002,0.14925373134328357,6,0,False,
EIF4EBP3,0.04631958963970342,0.0007727423487338901,0.0008614111220255566,0.07960199004975124,5,0,False,
DIDO1,0.027962150673071534,0.0007725559496990651,0.001296322291903499,0.208955223880597,5,0,False,
ATXN10,0.03623383740584055,0.0007724457938057638,0.0008545804972932431,0.08955223880597014,6,0,False,
GPATCH2,0.018444406489531218,0.0007717897775227326,0.002122385406755809,0.30845771144278605,6,0,False,
GRIPAP1,0.02557105819384256,0.0007711479452168108,0.001107183413835433,0.13432835820895522,6,0,False,
FASTKD2,0.03712870428959528,0.0007705777742786765,0.0007747547381624394,0.06965174129353234,5,0,False,
PRXL2C,0.04192932322621344,0.0007683296090063789,0.0009335415589028131,0.1044776119402985,6,0,False,
FYN,0.04732271283864975,0.0007682801010157742,0.0007535805427377794,0.05472636815920398,4,6,False,
EPHB3,0.09023829549551012,0.0007639439548053944,0.0005837202935182191,0.024875621890547265,3,6,False,
INTS1,0.026418765385945647,0.0007632645689960428,0.0014394097304411418,0.26865671641791045,6,0,False,
PTGES2,0.0195748855670293,0.0007631758948638803,0.00265125939918565,0.34328358208955223,6,0,False,
TOR1AIP1,0.04339517777164778,0.000762791288168541,0.001246025389663159,0.18407960199004975,6,0,False,
SGTA,0.0430684027572473,0.0007627464293582174,0.0008704506097711683,0.08955223880597014,6,0,False,
POLDIP3,0.04256378983457884,0.0007627101593204483,0.0007929386465198396,0.07960199004975124,5,0,False,
AP1G2,0.02663027991851169,0.0007626729838171563,0.0013693427569286783,0.21393034825870647,5,0,False,
PKIG,0.04583473255236943,0.0007625181192961652,0.0007759408681404471,0.05970149253731343,4,0,False,
ZNF503,0.06465842326482138,0.0007586279737856571,0.0007005469113835628,0.04477611940298507,2,6,False,
ACADM,0.02735656499862671,0.0007577922795423322,0.0015005028345364392,0.23383084577114427,6,0,False,
SNRNP27,0.033358941475550324,0.0007576520604531194,0.002061953937390628,0.31343283582089554,6,0,False,
ELOA,0.03398612638314566,0.0007563354071090647,0.001099512713071412,0.1691542288557214,6,0,False,
TRMT10C,0.021124618748823792,0.0007538031870980716,0.0010585977696687505,0.18407960199004975,6,0,False,
SLC25A11,0.02466290940841037,0.0007529645743585745,0.0017595691803750939,0.3482587064676617,6,0,False,
TPPP3,0.037108875811100006,0.0007529502332891955,0.002520156888414773,0.3383084577114428,5,0,False,
PKP4,0.031074918806552887,0.0007528705899365953,0.0019722308049597353,0.373134328358209,6,0,False,
SMG7,0.028735312322775514,0.0007520556560408585,0.0007831274836380199,0.06965174129353234,5,0,False,
WDR73,0.03566900889078778,0.000750703247896864,0.0008870838880492,0.12437810945273632,5,0,False,
HAGH,0.018157263596852602,0.0007500378747154703,0.0028856940988894026,0.38308457711442784,6,0,False,
AZIN1,0.015334819753964779,0.0007493421813468842,0.0023682130317271904,0.3681592039800995,6,0,False,
PFDN6,0.015654832124710055,0.0007487490838805189,0.003080145696690848,0.39303482587064675,6,0,False,
C1orf131,0.02116335928440094,0.0007482938940215926,0.00257592273009521,0.3781094527363184,6,0,False,
TIMM10,0.023227242132027953,0.0007474623522600928,0.003646272752587705,0.3880597014925373,6,0,False,
NPW,0.17060039564967155,0.000747253945620262,0.000664654566078843,0.04477611940298507,1,6,False,
FEZ2,0.03245714431007704,0.0007468588567596044,0.0007947424153087599,0.0945273631840796,6,0,False,
PNKP,0.02099758634964627,0.0007456395072857481,0.0017378721107543516,0.25870646766169153,6,0,False,
DCUN1D5,0.02358266214529675,0.0007452896107878746,0.0015900286013644383,0.26865671641791045,6,0,False,
HELLS,0.04439584414164227,0.000745122268253048,0.0014346049004481916,0.2537313432835821,4,0,False,
HPRT1,0.025199038287003817,0.0007441980026166768,0.0011011945689916374,0.19900497512437812,6,0,False,
IDH3B,0.018212931851545988,0.0007439725341696142,0.0019510594971150102,0.3681592039800995,6,0,False,
ATP2A3,0.05451790988445282,0.0007427384727297075,0.0016047751189298418,0.26865671641791045,5,0,False,
TMEM50B,0.027964534858862578,0.000741982670218768,0.001668656564260954,0.3034825870646766,6,0,False,
COQ10B,0.0227633093794187,0.000741061544928201,0.0020020824832127065,0.3482587064676617,6,0,False,
SORL1,0.09185602764288586,0.0007408492188968511,0.0007193896011401042,0.04477611940298507,1,6,False,
NARF,0.02881819506486258,0.0007404322552078554,0.0011028168640315028,0.1044776119402985,6,0,False,
COA8,0.019998860855897277,0.000740125961277575,0.001358400328063661,0.24875621890547264,6,0,False,
PUM2,0.0266063486536344,0.0007391817987048748,0.0014019100325561654,0.2835820895522388,6,0,False,
UBE2K,0.014028087258338928,0.0007384764894804744,0.005576810270414112,0.4577114427860697,6,0,False,
TFAM,0.025609557827313723,0.0007378640802100844,0.002004948160030051,0.31343283582089554,6,0,False,
PPP4R1,0.01983101914326349,0.0007374775656284055,0.0022577590517782573,0.3283582089552239,6,0,False,
CAPN7,0.04091624418894449,0.0007369837646141204,0.0013374121426935317,0.26865671641791045,5,0,False,
USP24,0.04252067084113759,0.0007364251352397744,0.0010493376930777267,0.21890547263681592,5,0,False,
LARP7,0.020719125866889954,0.0007349112083103336,0.0021711150239547786,0.3681592039800995,6,0,False,
ARRDC3,0.01896313950419426,0.0007346312480904236,0.0013235666859183072,0.21393034825870647,6,0,False,
SUPT20H,0.029786543299754442,0.0007337136721088658,0.0012748241212570748,0.24875621890547264,6,0,False,
TP53INP1,0.06167433907588324,0.0007319550684697128,0.001152399548539973,0.1890547263681592,3,0,False,
COPS3,0.03928754354516667,0.0007316291935257568,0.000767286878235963,0.08955223880597014,6,0,False,
RAB30-DT,0.025223664939403534,0.0007316221791202324,0.001717739442269757,0.2935323383084577,6,0,False,
KPNA3,0.033633578568696976,0.0007309178012488288,0.0009951212116428596,0.1691542288557214,6,0,False,
STX17,0.030191145837306976,0.0007306714243931159,0.001459464399180554,0.24875621890547264,6,0,False,
CMSS1,0.0369717280069987,0.0007297737691239951,0.0010726013382794423,0.20398009950248755,5,0,False,
NOL11,0.04098674034078914,0.0007293565260435239,0.0007645647248828806,0.07462686567164178,6,0,False,
NDUFAF2,0.025074933966000884,0.0007287503354326556,0.001612422003635158,0.3482587064676617,5,0,False,
ZNF652,0.0372599164644877,0.0007285526536973591,0.0010545236759239376,0.18407960199004975,6,0,False,
REV1,0.030468307435512543,0.0007279034589442553,0.0011499469484102162,0.17412935323383086,5,0,False,
SP3,0.021721305946509034,0.0007272475966096422,0.0011909411747698512,0.19900497512437812,6,0,False,
FNTA,0.03223987917105356,0.0007261732574990287,0.0007401060785460995,0.05970149253731343,6,0,False,
MKLN1,0.029431598881880433,0.0007260568233655713,0.0015013909744716343,0.2835820895522388,6,0,False,
CDC73,0.025524690747261047,0.0007255328433127228,0.0017273572389670448,0.34328358208955223,6,0,False,
ARMC10,0.03074589247504869,0.0007235788741669228,0.0010957034767304038,0.20398009950248755,6,0,False,
DEGS1,0.02933020517230034,0.0007231843942419225,0.001321736751026751,0.22885572139303484,6,0,False,
NOM1,0.028960850089788437,0.0007228921174482544,0.0013119118404451735,0.19900497512437812,5,0,False,
USE1,0.025332550207773835,0.0007226499236167494,0.0010296566518040193,0.14925373134328357,6,0,False,
RPRD1A,0.040182402978340775,0.0007217864813512229,0.0007802501597571417,0.06965174129353234,5,0,False,
GOLGA7,0.0250682880481084,0.0007217543387509544,0.0010258109019814859,0.11940298507462686,6,0,False,
TUFT1,0.03664081543684006,0.0007210053083641475,0.0012663044401888235,0.27860696517412936,6,0,False,
RRM1,0.05124404157201448,0.0007206187860070222,0.0011795457012610984,0.15422885572139303,4,0,False,
MACROD1,0.03921659290790558,0.0007200728173535374,0.0012206873027011708,0.208955223880597,6,0,False,
ATF7IP,0.017062311371167482,0.0007198617531529866,0.003274443014645113,0.4626865671641791,6,0,False,
CCPG1,0.024610628684361757,0.0007182610922332004,0.0030951715593186156,0.39303482587064675,6,0,False,
CBX4,0.01805727928876877,0.0007180617651100781,0.0031015675552525388,0.3582089552238806,6,0,False,
C3orf14,0.11039936697731416,0.0007176884656521431,0.0006139446255332907,0.01990049751243781,2,6,False,
ARPC5L,0.010977720220883669,0.0007155470858656273,0.008533052856963524,0.43781094527363185,6,0,False,
THAP9-AS1,0.027979078392187745,0.000715327628650879,0.001913896395568417,0.373134328358209,6,0,False,
PCMTD2,0.037232365459203734,0.0007150353762683196,0.0008731868854038273,0.0845771144278607,4,0,False,
MGRN1,0.03159439687927562,0.000715021685645428,0.0008991227941071913,0.11442786069651742,6,0,False,
NUP88,0.038776785135269165,0.0007146017775067201,0.0009462882354046974,0.16417910447761194,4,0,False,
CRY1,0.06635382026433946,0.0007141639871134906,0.0009172345749087927,0.12437810945273632,4,0,False,
MACO1,0.028801133235295595,0.0007139609166669892,0.0008985925685914832,0.17412935323383086,6,0,False,
DUSP8,0.034773136178652436,0.0007137391745693414,0.001207527705176039,0.12935323383084577,5,0,False,
CYTH1,0.02292903016010922,0.0007127610448544861,0.0027741565580061676,0.3781094527363184,6,0,False,
PFDN1,0.019924203554789244,0.0007119949464377382,0.00326593779806643,0.42786069651741293,6,0,False,
RCC2,0.027556714912255614,0.0007115478499542451,0.002125397305715595,0.31840796019900497,6,0,False,
DNAJB14,0.025310859084129306,0.0007108424268325428,0.001561219935877906,0.27860696517412936,6,0,False,
BRD8,0.026694556077321352,0.000709889889687732,0.0017160092047009783,0.3482587064676617,4,0,False,
SESTD1,0.0370251623292764,0.00070929807991616,0.0007765913281003422,0.11442786069651742,5,0,False,
SPECC1L,0.03717867905894914,0.0007087254185971581,0.0010663659791206952,0.1791044776119403,5,0,False,
JMJD8,0.03474394480387369,0.0007083186142325096,0.0010377595843159954,0.1691542288557214,6,0,False,
EML4,0.011949211359024048,0.0007076704061224281,0.004556221611250594,0.39303482587064675,6,0,False,
RABGAP1,0.030205884327491134,0.000707435048424539,0.0007004703429587964,0.05472636815920398,5,6,False,
RUNDC1,0.03937394171953201,0.0007060382196157055,0.0007303748173688774,0.05970149253731343,5,0,False,
TXNDC12,0.01885895182689032,0.0007060218361064091,0.002047594784129354,0.35323383084577115,6,0,False,
SMIM19,0.023426095644632994,0.0007059556003888125,0.002368707512851655,0.36318407960199006,6,0,False,
TTC1,0.02071442703406018,0.0007047009613981646,0.002736925102921687,0.39800995024875624,6,0,False,
SELENOT,0.015083899100621523,0.0007044193088194526,0.003158686786300668,0.39800995024875624,6,0,False,
NUP214,0.0388700490196546,0.0007043997319117933,0.0007255360948764457,0.06467661691542288,6,0,False,
MANBAL,0.02664043257633847,0.0007033135444278347,0.0012707692290951191,0.20398009950248755,6,0,False,
RARRES2,0.041741095172862216,0.0007030192038340151,0.0011996575008264376,0.14925373134328357,3,0,False,
PAGR1,0.029615066945552826,0.0007026666637085999,0.0013554839148122487,0.23880597014925373,6,0,False,
C11orf1,0.03697987273335457,0.000702101153217076,0.0009714166744081104,0.1044776119402985,5,0,False,
SHPRH,0.038788491239150374,0.0006998933642424834,0.0010888482067236292,0.16417910447761194,4,0,False,
DDX50,0.03169696902235347,0.0006997987235935834,0.0011515081376278799,0.24378109452736318,6,0,False,
C12orf45,0.02104712277650833,0.0006997855597310342,0.0015129413877094703,0.22885572139303484,6,0,False,
CDC16,0.03250666707754135,0.000699535177519528,0.0009817125626434347,0.21393034825870647,5,0,False,
BUB3,0.016982190310955048,0.0006993518204873583,0.00198905914970849,0.2537313432835821,6,0,False,
AZGP1,0.027738903959592165,0.0006988991740473917,0.004265199222172449,0.4626865671641791,4,0,False,
EHMT2,0.03683008874456088,0.0006987653325435325,0.0007824896816395455,0.1044776119402985,5,0,False,
PHLDB2,0.04819553717970848,0.0006986416610417481,0.0009579473175517798,0.14427860696517414,3,0,False,
CRBN,0.03140176584323248,0.0006985617418891277,0.0007422906519043928,0.07462686567164178,5,0,False,
FIP1L1,0.024787006278832735,0.0006981183660740456,0.0020832232537027974,0.373134328358209,6,0,False,
AC010642.2,0.043745581060647964,0.0006971935773414512,0.0008188104716822187,0.08955223880597014,6,0,False,
TSPAN15,0.021143729488054902,0.0006971447183840133,0.0029628201255548535,0.38308457711442784,6,0,False,
LGALS8,0.027788343528906523,0.0006965778685565248,0.0013187130376685334,0.21890547263681592,6,0,False,
NIT2,0.02352026601632437,0.0006964812347342094,0.0011779745686935103,0.19900497512437812,6,0,False,
DCTPP1,0.013769793013731657,0.0006952891827013493,0.004779817694071363,0.3781094527363184,6,0,False,
ERI3,0.036483620603879274,0.0006952876036661533,0.000838000051885042,0.11442786069651742,6,0,False,
CUL5,0.030289421478907258,0.0006951844384357231,0.0009967545380410497,0.18407960199004975,5,0,False,
BNIP3,0.09174425527453424,0.000695141718086994,0.0007590875535925053,0.0945273631840796,2,0,False,
TMEM106B,0.02986916651328403,0.0006950014473091422,0.001241370705544955,0.26865671641791045,6,0,False,
RPRD2,0.026662327349185944,0.0006944039964532967,0.001220005963652092,0.23880597014925373,6,0,False,
PIN4,0.019458418091138213,0.0006941703366215328,0.0025408847740226075,0.35323383084577115,6,0,False,
PHC2,0.035880325982968,0.0006925404041308544,0.001000436363594016,0.14925373134328357,6,0,False,
PAICS,0.02424392352501553,0.0006924169423397506,0.002182880191706699,0.3333333333333333,6,0,False,
HNF1A-AS1,0.06504037355383235,0.0006917444313423248,0.0010544762536138167,0.208955223880597,4,0,False,
MRPS23,0.024214354654153197,0.0006914953627845746,0.001507347077197004,0.3034825870646766,6,0,False,
NUDT16L1,0.025294976929823576,0.0006913980238817047,0.00127710986740172,0.24875621890547264,6,0,False,
AACS,0.04686001315712929,0.0006913343957385953,0.0008702189161015089,0.15422885572139303,4,0,False,
USP3,0.01956122616926831,0.000691066155983437,0.0022406736513648053,0.3582089552238806,6,0,False,
RRP12,0.04276956059038639,0.0006905988233586583,0.0007216975515723064,0.08955223880597014,5,0,False,
OSBP,0.029861564437548338,0.0006902814813975267,0.001705181538122196,0.36318407960199006,6,0,False,
CHRAC1,0.02306598921616873,0.0006888484378636797,0.0014005718383937418,0.26865671641791045,6,0,False,
XRRA1,0.04451004726191363,0.0006872883382124586,0.0016276396901684623,0.2935323383084577,3,0,False,
DDAH1,0.02044230947891873,0.0006872047857588202,0.002224622842865771,0.3482587064676617,6,0,False,
KBTBD2,0.030754684160153076,0.00068661298829802,0.0009326305781725952,0.1691542288557214,6,0,False,
NSFL1C,0.015934891998767853,0.0006865199217823288,0.0023869824749825964,0.39303482587064675,6,0,False,
SMNDC1,0.021559495478868484,0.0006855559506744882,0.0016553319843229644,0.32338308457711445,6,0,False,
NET1,0.010767628749211666,0.0006839852994180203,0.01137632195668162,0.5024875621890548,6,0,False,
RBM10,0.03507001077135405,0.0006832405826409391,0.0010170084671029362,0.13930348258706468,5,0,False,
GPAA1,0.014446564018726349,0.0006829360902420888,0.0030311580670990008,0.417910447761194,6,0,False,
TMEM18,0.026982252796490996,0.0006829020932294827,0.0013232254544475552,0.31343283582089554,6,0,False,
SART3,0.033099329719940826,0.0006821305038570597,0.0008455131546194107,0.11442786069651742,5,0,False,
COMMD2,0.02095943068464598,0.0006820805221010616,0.0013980869584046412,0.25870646766169153,6,0,False,
PACS1,0.03247444890439512,0.0006817463270398986,0.0007913666147816311,0.11940298507462686,6,0,False,
SRP72,0.013257309794425964,0.0006813653626901923,0.006197569981700565,0.46766169154228854,6,0,False,
U2AF2,0.02108570436636606,0.0006811673421013417,0.0020241845905947307,0.3333333333333333,6,0,False,
ZNRD2,0.015207923948764801,0.0006811649737134445,0.0015293445512262146,0.25870646766169153,6,0,False,
TRIM13,0.03449671715497972,0.0006810983343477435,0.0009313595090061166,0.13432835820895522,5,0,False,
MDN1,0.04084697117408116,0.0006810886324272453,0.0009605863918355904,0.15920398009950248,5,0,False,
TIMM50,0.03356625015536946,0.0006810677380193833,0.0010519679181239456,0.21890547263681592,6,0,False,
GON4L,0.0143742635846138,0.0006807429263007724,0.002911621466094237,0.38308457711442784,6,0,False,
DVL3,0.029538262635469437,0.0006806622538572079,0.000900059332991495,0.1691542288557214,6,0,False,
CCDC18-AS1,0.03993655120333034,0.0006801274584187044,0.0007694977503945554,0.07960199004975124,4,0,False,
RWDD4,0.046962421387434006,0.0006796027052700541,0.0007584493070499813,0.11442786069651742,5,0,False,
ZPR1,0.02639189859231314,0.0006781470882755243,0.0011942185109777455,0.2935323383084577,6,0,False,
TRIM2,0.024978508551915524,0.0006780540246667276,0.0021785867380168028,0.3781094527363184,6,0,False,
TFDP1,0.02795678625504175,0.0006770398462464239,0.0014773533630211377,0.2885572139303483,5,0,False,
TRAPPC5,0.007962872584660774,0.000676785412973551,0.010914854947620987,0.43781094527363185,6,0,False,
PKN2,0.009263788660367311,0.0006757664432335104,0.004882022624267855,0.40298507462686567,6,0,False,
SSH2,0.02557077631354332,0.0006751201059002313,0.0011169494568885427,0.16417910447761194,6,0,False,
TSR1,0.034621010224024446,0.0006748966805545176,0.001044862940305183,0.18407960199004975,5,0,False,
OTUB1,0.01783290257056558,0.0006742692629263226,0.002246584485199771,0.3383084577114428,6,0,False,
SPG21,0.028293860455354036,0.0006736777388608698,0.001011278483157646,0.19402985074626866,6,0,False,
F2RL1,0.032692523673176765,0.000672327837018948,0.003539815280634425,0.43283582089552236,6,0,False,
ZNF562,0.03403143336375555,0.0006711423314728642,0.0008600475282318376,0.0945273631840796,6,0,False,
EXOC3,0.03153945505619049,0.0006699447821879649,0.0009901197414268644,0.12437810945273632,6,0,False,
UPF2,0.014553278684616089,0.0006699253155744712,0.0035467821534396803,0.3781094527363184,6,0,False,
SUPT4H1,0.01935061812400818,0.0006691783128649257,0.001362572638280646,0.2736318407960199,6,0,False,
FKBP8,0.01375905672709149,0.0006690414769334114,0.005928347486338592,0.4427860696517413,6,0,False,
DEGS2,0.03439486771821976,0.0006686612267109255,0.001906674353478592,0.34328358208955223,4,0,False,
PSMC1,0.012022164960702242,0.000667385269424917,0.004984784871884856,0.48756218905472637,6,0,False,
CSPP1,0.03291498621304831,0.0006672560519259936,0.0007039138224194366,0.05970149253731343,4,0,False,
CMTM8,0.04038736720879871,0.0006666872204285215,0.001181658104024723,0.18407960199004975,6,0,False,
NKX6-3,0.1450787546734015,0.0006665295185565724,0.0007295064917587711,0.06467661691542288,2,0,False,
PPP2R2D,0.032806605100631714,0.0006657550975093637,0.000987859041304246,0.14925373134328357,6,0,False,
UBE2E3,0.021277017891407013,0.0006652281810964882,0.0012813784766650366,0.3283582089552239,6,0,False,
ATG3,0.01662053664525348,0.000664538045806902,0.0028502710978480987,0.39303482587064675,6,0,False,
GCNT1,0.02799958984057105,0.000664237795187793,0.002775580334711635,0.43781094527363185,5,0,False,
ZNF33A,0.02615759273370105,0.0006642150064532393,0.0017615115637783997,0.2935323383084577,6,0,False,
GNA13,0.029674477875232697,0.0006637717823528467,0.001446504725753008,0.3034825870646766,6,0,False,
EDEM3,0.022590006391207396,0.0006636000352328053,0.004809051588033769,0.4975124378109453,6,0,False,
THRA,0.02668477346499762,0.0006630106345834699,0.0018388209502635544,0.29850746268656714,5,0,False,
LRCH3,0.05198918903867403,0.0006629658486273671,0.0006685201370478653,0.07462686567164178,4,0,False,
MS4A8,0.160034991800785,0.0006619165419028193,0.00108828837219971,0.22885572139303484,1,0,False,
PLEKHF2,0.026595524201790482,0.0006603330108028559,0.0008302840766533134,0.15920398009950248,5,0,False,
IP6K2,0.014332830905914307,0.0006592442890329718,0.0024255919576862215,0.30845771144278605,6,0,False,
C12orf10,0.021549873054027557,0.0006592275832176811,0.0013029199525450162,0.2835820895522388,6,0,False,
SMU1,0.030410205324490874,0.0006592114706096845,0.0009902086571790699,0.19900497512437812,6,0,False,
CDK5RAP3,0.0184573580821355,0.0006591626194310307,0.0025441439224016815,0.3383084577114428,6,0,False,
SNX14,0.03624311089515686,0.0006589677306703126,0.0007065385796950648,0.0845771144278607,6,0,False,
PABPC4,0.010947729150454166,0.0006589258869416365,0.007304170505644705,0.44776119402985076,6,0,False,
SNHG17,0.019668810069561005,0.0006582057513449847,0.0011542504697122304,0.2736318407960199,6,0,False,
NEDD9,0.010063685476779938,0.0006580171992767235,0.008427396687852255,0.48258706467661694,6,0,False,
ESRP1,0.019905788203080532,0.000657815588331108,0.0030642931056963536,0.43283582089552236,6,0,False,
SLBP,0.025631658732891083,0.0006565511094272628,0.0017107582631058886,0.34328358208955223,6,0,False,
KIN,0.027822335561116546,0.0006546294890484557,0.0011683424003971004,0.15422885572139303,6,0,False,
PDXDC1,0.012195274233817999,0.0006546279746367668,0.00784327802657121,0.5024875621890548,6,0,False,
SEC14L1,0.019502751529216766,0.000654615576385312,0.0018357519096465025,0.3333333333333333,6,0,False,
DIPK2A,0.045008397350708634,0.0006545550252902935,0.001161919875107791,0.29850746268656714,5,0,False,
SH2D4A,0.01608899732430774,0.0006535587071426583,0.005737134230359262,0.4427860696517413,6,0,False,
NKAP,0.0240417942404747,0.0006534627869995989,0.0012401573380199063,0.19900497512437812,6,0,False,
FAM200B,0.0315056617061297,0.000653231211871078,0.0012768812516594443,0.26865671641791045,6,0,False,
FGFR1OP2,0.017488198975721986,0.0006528189124475196,0.0012380628597441796,0.2537313432835821,6,0,False,
MRPL47,0.01437908411026001,0.0006524679017167084,0.00262993530569295,0.36318407960199006,6,0,False,
CZIB,0.02857018510500592,0.0006522652346582182,0.0008693369510959839,0.15920398009950248,5,0,False,
CFAP20,0.03460870683193208,0.000651707935059024,0.0007521603053072227,0.0845771144278607,6,0,False,
MCM4,0.03576762601733208,0.0006511845306489397,0.0017250723902600812,0.29850746268656714,5,0,False,
DGKZ,0.020906691749890627,0.0006506886458623627,0.0017975097627813612,0.26865671641791045,6,0,False,
GTF2B,0.019781604409217834,0.0006502179692530963,0.0028782681807197727,0.30845771144278605,6,0,False,
PHC3,0.029935968418916076,0.0006499551650135614,0.00157643973295394,0.27860696517412936,5,0,False,
SMAD4,0.031615068515141814,0.000649785293759433,0.0008991305391722056,0.18407960199004975,5,0,False,
UBR3,0.03663706282774609,0.0006497723121148479,0.0007889303596672273,0.11442786069651742,5,0,False,
KDM6A,0.054605190952618926,0.0006495097832887863,0.0005802338958585821,0.04477611940298507,3,6,False,
ILKAP,0.03140359123547873,0.0006491517546249154,0.0009470928841326903,0.15920398009950248,6,0,False,
TCEAL8,0.047370423873265594,0.0006485636390892647,0.0012133891762806076,0.21393034825870647,5,0,False,
ZNHIT6,0.02894403412938118,0.0006485454519203706,0.001727655723315822,0.27860696517412936,5,0,False,
UPF1,0.024579741060733795,0.0006484314939271439,0.0012774105101661952,0.23383084577114427,6,0,False,
BTBD3,0.0344664566218853,0.0006476093432568147,0.0012876602668433082,0.2537313432835821,5,0,False,
MPHOSPH10,0.019978433847427368,0.0006469337961111583,0.0014153798870065242,0.2935323383084577,6,0,False,
PRKAG2,0.042673222720623016,0.0006467276932507113,0.0007804119416787357,0.09950248756218906,5,0,False,
FAM126B,0.032174237072467804,0.0006465455077949229,0.0009183662007749463,0.1044776119402985,5,0,False,
FAM3B,0.04474065701166785,0.0006459888760686587,0.0029206776635070453,0.4228855721393035,4,0,False,
ZNF430,0.0453424056371053,0.0006454168915319333,0.0008893625926750992,0.1044776119402985,4,0,False,
NMRAL1,0.026014370222886413,0.0006452514062520798,0.0011408243835880074,0.3034825870646766,6,0,False,
SDAD1,0.03402576968073845,0.0006446331715820426,0.0008786860889175823,0.11442786069651742,5,0,False,
ZNRF1,0.029957753916581453,0.0006444396567634747,0.0008986106805929828,0.14925373134328357,6,0,False,
DDX10,0.025746842225392655,0.0006436121220025938,0.0010407084816574973,0.1791044776119403,5,0,False,
MRNIP,0.06542032274107137,0.0006431340137557899,0.000890796049925558,0.11442786069651742,3,0,False,
AKAP17A,0.026308526595433562,0.0006424476330425472,0.0011796649394394641,0.19900497512437812,6,0,False,
DNAJC4,0.0362731491525968,0.0006419819154857489,0.000860711587534616,0.13432835820895522,5,0,False,
GTF2F1,0.01708480715751648,0.0006417474263525817,0.0034853194693437862,0.39800995024875624,6,0,False,
EPM2AIP1,0.04080865780512494,0.0006411128048763193,0.0008442184778335545,0.10945273631840796,6,0,False,
ABL2,0.029057824363311127,0.0006408440041874717,0.0006553060235341609,0.06467661691542288,6,0,False,
STT3B,0.02592701961596805,0.0006405820509127878,0.002062594316109774,0.3333333333333333,6,0,False,
SENP5,0.027712614585955947,0.0006403985747170772,0.0008708336504333158,0.12437810945273632,5,0,False,
SPCS2,0.005637168884277344,0.0006395429062844326,0.018603899035023446,0.5223880597014925,6,0,False,
FBXL3,0.03416196629405022,0.0006375647143160475,0.0006189426461202695,0.05472636815920398,5,6,False,
JARID2,0.026907838881015778,0.0006371110178352282,0.0008086621807344496,0.0945273631840796,5,0,False,
VPS53,0.030968541900316865,0.0006364723623098212,0.0012206954446893133,0.23383084577114427,6,0,False,
STOML2,0.010796904563903809,0.0006360134915385364,0.006794862080969639,0.4527363184079602,6,0,False,
GNB5,0.06694822075466315,0.0006358733291753338,0.0004919490778888692,0.009950248756218905,3,6,False,
RNF11,0.029580560823281588,0.0006353910274367052,0.0010531219252193204,0.1890547263681592,6,0,False,
CTDNEP1,0.01719053089618683,0.0006344583415887859,0.0026348109422601176,0.39800995024875624,6,0,False,
CYB5R1,0.04940961177150409,0.0006337424120317459,0.0006427698112005331,0.05970149253731343,6,0,False,
CEP63,0.03534594426552454,0.0006326327966067565,0.0008410363186386234,0.15920398009950248,4,0,False,
PLP2,0.007825523614883423,0.0006325330117732421,0.011009095692921928,0.48756218905472637,6,0,False,
ATP11B,0.022544888158639254,0.0006315478932099736,0.002235443941874841,0.3582089552238806,6,0,False,
AK3,0.03281729420026147,0.0006314881973531922,0.0010801582582833712,0.2537313432835821,6,0,False,
TMED8,0.08662217482924461,0.0006311372461871833,0.0006669969698812788,0.06467661691542288,3,0,False,
PTPMT1,0.023196777949730546,0.0006302124283510643,0.0014268536855164941,0.32338308457711445,6,0,False,
TIPRL,0.018562016387780517,0.0006292785138069178,0.0019032340948818074,0.3333333333333333,6,0,False,
ARHGAP26,0.016895865400632204,0.0006290600799631936,0.002888386695107582,0.3482587064676617,6,0,False,
YPEL3,0.02309940258661905,0.0006277797673086931,0.0017795171575638903,0.3383084577114428,6,0,False,
ODR4,0.022788333396116883,0.0006272803649975569,0.0014780605071007433,0.36318407960199006,6,0,False,
GMPS,0.020587449272473662,0.0006272711189674062,0.001706385540166482,0.36318407960199006,6,0,False,
CEBPZOS,0.02275111029545468,0.000627249457685098,0.0011903332238806996,0.27860696517412936,6,0,False,
P4HA2,0.03656251604358354,0.0006268637922535801,0.0007149492834985065,0.12437810945273632,6,0,False,
GPRC5C,0.024432197213172885,0.0006263038415943551,0.001734232651450525,0.31343283582089554,4,0,False,
SYP,0.1058328840881586,0.0006243148077655697,0.00055667033911323,0.024875621890547265,1,6,False,
CORO1C,0.025327979276577622,0.0006236563662694401,0.001876749578031847,0.3582089552238806,6,0,False,
AASDHPPT,0.032235607504844666,0.0006216573261712082,0.0008259414441822414,0.14427860696517414,5,0,False,
NCBP2AS2,0.017124712467193604,0.0006214366527655891,0.0014600358669078811,0.24378109452736318,6,0,False,
PAFAH1B1,0.01237922410170239,0.0006200890074504594,0.003889518073431188,0.44776119402985076,6,0,False,
ARFGAP2,0.026453482608000428,0.0006197860019189635,0.0008900410031536455,0.18407960199004975,6,0,False,
UPK3BL1,0.045067881544431046,0.0006195146090938612,0.0008921355149339423,0.1044776119402985,5,0,False,
RELL1,0.031685521205266326,0.0006193676773781268,0.0007610552213208278,0.15920398009950248,6,0,False,
CNOT6L,0.027131992081801115,0.0006187392195917773,0.0008229149566826926,0.10945273631840796,6,0,False,
MLH3,0.039813747008641556,0.0006184961585452725,0.0008183451719482262,0.12437810945273632,5,0,False,
CREB1,0.024736056725184113,0.000618482880882033,0.0013448619064897107,0.26865671641791045,6,0,False,
EPHX1,0.040918752551078796,0.0006161235650639918,0.0008408373416970984,0.16417910447761194,4,0,False,
ECT2,0.019746645043293626,0.0006153143089044223,0.0024470476693648916,0.3582089552238806,5,0,False,
SAV1,0.025202307850122438,0.0006151584134687179,0.001202613555294579,0.24875621890547264,6,0,False,
FMN1,0.03426723803083104,0.0006145599983145185,0.002081099824597498,0.3880597014925373,5,0,False,
POLR2K,0.008434176445007324,0.0006143313214642652,0.003699560766915942,0.43283582089552236,6,0,False,
SS18,0.033863261342048645,0.0006140616356650145,0.0006215405050077759,0.06467661691542288,5,0,False,
RAPGEF2,0.03853590289751688,0.0006130861552754021,0.0008288965027232824,0.09950248756218906,5,0,False,
LINC00667,0.045032044251759856,0.0006126002075128144,0.0008047945396820685,0.13432835820895522,6,0,False,
RBFA,0.028943439324696868,0.0006125293009158077,0.000739206928076892,0.12437810945273632,5,0,False,
DESI2,0.026543813447157533,0.000611887596187021,0.0010894195140512112,0.22388059701492538,6,0,False,
ARF3,0.01807554066181183,0.0006114407838418658,0.0015902186480675022,0.2736318407960199,6,0,False,
WLS,0.04318997884790102,0.0006112331495591706,0.0013183456092782154,0.263681592039801,5,0,False,
TPGS2,0.03479955345392227,0.0006107789317559628,0.0008762356140553164,0.16417910447761194,5,0,False,
SNX6,0.009845604499181093,0.0006098840302119232,0.004316389754758982,0.3781094527363184,6,0,False,
LRRC8B,0.05294107211132844,0.0006086723296840223,0.000636423426841779,0.07960199004975124,4,0,False,
RAB3B,0.15220102419455844,0.0006081423039429632,0.0005910537823881964,0.04975124378109453,1,6,False,
LITAF,0.014026843011379242,0.0006080932149442205,0.0046416028747682195,0.4427860696517413,6,0,False,
BIN3,0.03635839124520619,0.0006068945284237095,0.0008483860733984017,0.12935323383084577,6,0,False,
RDH11,0.019619671006997408,0.0006061868723563949,0.002692456634222178,0.39303482587064675,6,0,False,
CLIC3,0.03791271522641182,0.0006054772736848921,0.0021097892293721037,0.32338308457711445,5,0,False,
SYNJ2BP,0.02232035994529724,0.0006052179075814459,0.0015663256303042519,0.35323383084577115,6,0,False,
MED6,0.02986207231879233,0.0006038252311180133,0.0006249171534345174,0.07462686567164178,6,0,False,
VOPP1,0.027485616505146027,0.0006025670126098748,0.0007601346007308452,0.07960199004975124,6,0,False,
NAA16,0.03199433411161105,0.0006020750605167863,0.000608656107039607,0.05970149253731343,4,0,False,
PSMG4,0.01946569482485455,0.000600528713206597,0.001853180252141057,0.3383084577114428,6,0,False,
ANO1,0.021531887973348318,0.0006002464070918488,0.0038264338285543408,0.4228855721393035,5,0,False,
FAM98C,0.03631685053308803,0.0006001679575814219,0.0007579535384569086,0.11940298507462686,6,0,False,
ARL2BP,0.03026116763552031,0.0005999460238895196,0.0006357246122879888,0.05970149253731343,5,0,False,
AL121839.2,0.05065112809340158,0.0005995642464039072,0.0015444517510376035,0.3283582089552239,4,0,False,
DYNC1LI1,0.02318266530831653,0.0005988404675791969,0.001397343261844198,0.27860696517412936,6,0,False,
IQCE,0.026923822859923036,0.0005983822729279521,0.0011328486455065843,0.18407960199004975,6,0,False,
GSTO2,0.02891783167918524,0.0005968293321124356,0.0012735930302037845,0.26865671641791045,5,0,False,
DAXX,0.022718860457340867,0.000596509997653341,0.001175989109302416,0.2537313432835821,6,0,False,
ATXN7L3B,0.007482672731081719,0.0005958955185823214,0.013535421216576395,0.5124378109452736,6,0,False,
RRP1,0.0353424350420634,0.0005954679286863261,0.0006426729469222731,0.08955223880597014,5,0,False,
CHGB,0.4273162918786208,0.0005946717758380761,0.000683122063833465,0.11940298507462686,1,0,False,
SOAT1,0.07922902206579845,0.0005945185461081327,0.0006276044351581924,0.06467661691542288,1,0,False,
EXOSC10,0.026880957186222076,0.0005930872060126908,0.0010893694359943903,0.2736318407960199,5,0,False,
CHPT1,0.01590660959482193,0.0005927850881950546,0.004058231398470548,0.417910447761194,6,0,False,
SERTAD2,0.02154577771822612,0.0005925710606824972,0.001454078117177332,0.35323383084577115,6,0,False,
NAA35,0.03608290726939836,0.0005922308241198425,0.0006840857184558605,0.11442786069651742,5,0,False,
FOXO1,0.037505852058529854,0.0005919058212132248,0.0007321989905922385,0.12437810945273632,5,0,False,
EHMT1,0.016056329011917114,0.0005917153981735651,0.0019058830202860807,0.3582089552238806,6,0,False,
PRPSAP1,0.025519131372372328,0.0005914798803705666,0.0008572891798368724,0.16417910447761194,6,0,False,
ZNF580,0.04198678458730379,0.0005908987965980899,0.0006480241908518753,0.0845771144278607,5,0,False,
TUBGCP2,0.01844203472137451,0.0005908902853926467,0.0022133578465338482,0.3880597014925373,6,0,False,
MRPL23,0.019097882012526213,0.000590794460878057,0.0033912705379204014,0.36318407960199006,6,0,False,
ATP6V1C1,0.03271522745490074,0.0005903297973614036,0.0006683403256075433,0.09950248756218906,6,0,False,
ESCO1,0.02020680159330368,0.0005895881354083061,0.0014127855965918388,0.263681592039801,6,0,False,
RMND5A,0.029541506121555955,0.0005889007416845947,0.000703201490394477,0.10945273631840796,6,0,False,
PRPF19,0.03288416440288225,0.0005883831047692656,0.0009541596408908754,0.26865671641791045,5,0,False,
PIGP,0.03158067911863327,0.0005877520119798236,0.0006269559803658444,0.07960199004975124,6,0,False,
MRE11,0.037272315472364426,0.00058702483021981,0.0006182020854734557,0.0845771144278607,4,0,False,
SORD,0.035626201579968125,0.0005863897128801803,0.001440318653074943,0.35323383084577115,6,0,False,
ATG101,0.016211082537968963,0.0005859405263045574,0.0016322273012268572,0.40298507462686567,6,0,False,
MTSS1,0.0702639545003573,0.0005842117186548846,0.0005265390043010563,0.03980099502487562,2,6,False,
TOX3,0.03327796359856927,0.000584007221993336,0.0016784819400607754,0.373134328358209,5,0,False,
BSDC1,0.01950726161400476,0.0005823940500027178,0.0009554551847627212,0.16417910447761194,6,0,False,
SCG5,0.35033464680115384,0.0005822193897475641,0.0006165800259025548,0.08955223880597014,1,0,False,
CRTAP,0.03294477239251137,0.0005816187774079964,0.0008548489769206585,0.263681592039801,6,0,False,
PNRC2,0.007722025116284614,0.0005813857369523633,0.005067407354662891,0.44776119402985076,6,0,False,
ATP6V1D,0.012459789713223757,0.0005811303959162943,0.0037352010483379,0.4577114427860697,6,0,False,
ARL14EP,0.04241574183106424,0.0005809743647311802,0.0007210564770214686,0.12437810945273632,5,0,False,
MRPL4,0.010607972741127014,0.0005806964740805318,0.004932088446053359,0.44776119402985076,6,0,False,
FIBP,0.01325519879659015,0.0005793931703199674,0.0019828651841072146,0.32338308457711445,6,0,False,
FMOD,0.09080473830302556,0.000578425283572598,0.0006704438116294908,0.09950248756218906,1,0,False,
LETMD1,0.033535785973072066,0.0005778471763810409,0.0005688610470148686,0.05472636815920398,5,6,False,
SUN2,0.030498949189980834,0.000577551629436378,0.0006751329217771076,0.08955223880597014,5,0,False,
TAF1,0.03539060056209564,0.0005775166092925452,0.0007875043542382747,0.1691542288557214,5,0,False,
CEP170,0.033185140540202454,0.0005770107810982015,0.0007972189077623803,0.14925373134328357,5,0,False,
PPTC7,0.02970975637435913,0.0005761715913614207,0.0009838377949233097,0.20398009950248755,4,0,False,
WDFY1,0.0303705595433712,0.0005757927873371398,0.0009481187783567453,0.208955223880597,5,0,False,
GATA6-AS1,0.08437355111042658,0.0005756965247533904,0.0005159140073323745,0.03980099502487562,3,6,False,
LFNG,0.034703128039836884,0.0005750697941336973,0.001652968857689509,0.38308457711442784,4,0,False,
MTHFR,0.037532330801089614,0.0005749067359546263,0.0018339523354505172,0.35323383084577115,5,0,False,
SOS1,0.026880500217278808,0.000574904306097217,0.001283882049868564,0.31343283582089554,6,0,False,
TWISTNB,0.02798450862367946,0.0005742839470757946,0.000635396299606485,0.1044776119402985,6,0,False,
PSMG3,0.019199001292387635,0.0005741770872618822,0.0027578307772609086,0.4228855721393035,6,0,False,
WDR61,0.03019710381825766,0.0005737587894713189,0.0008585695249389246,0.1791044776119403,6,0,False,
CSNK1G2,0.020010173320770264,0.0005730340404516152,0.0013993298384980281,0.24378109452736318,6,0,False,
ELK3,0.01949174577991168,0.000572941811949867,0.0012042263407209047,0.263681592039801,5,0,False,
KHDC4,0.01973705490430197,0.0005716418579503961,0.0012333893365398152,0.21890547263681592,6,0,False,
ERGIC2,0.023502019544442476,0.0005714910465579386,0.0008449549984630839,0.1791044776119403,6,0,False,
RBMS1,0.030426974097887666,0.0005713235515030945,0.0012451521324340048,0.30845771144278605,4,0,False,
SZRD1,0.015700606008370754,0.0005710928730942003,0.0024595758978896215,0.4129353233830846,6,0,False,
RCOR3,0.03354708229502043,0.000570111028351397,0.0009905633171043207,0.208955223880597,4,0,False,
DGKH,0.015954791257778794,0.0005696510338482951,0.002061776107316552,0.32338308457711445,6,0,False,
SC5D,0.05348232636849087,0.0005694228047750827,0.0007016628088404137,0.12935323383084577,5,0,False,
JMJD6,0.02030981332063675,0.0005691208642776599,0.0015285283887696126,0.2885572139303483,6,0,False,
CDK5RAP2,0.029344243307908385,0.0005689679145573315,0.0010553536599328906,0.24378109452736318,5,0,False,
SIL1,0.01523640751838684,0.0005688856277700566,0.0036322725694227184,0.4427860696517413,6,0,False,
TYW3,0.03213675941030186,0.000568860366580933,0.0008030320896777336,0.14925373134328357,5,0,False,
UBE2D2,0.007891188065210997,0.0005688152428017469,0.004354884504164353,0.4129353233830846,6,0,False,
FAF1,0.032784091929594666,0.0005684663629447669,0.0006826821104054671,0.0845771144278607,5,0,False,
CLOCK,0.03378313283125561,0.0005684220183958301,0.0010375721367516823,0.18407960199004975,5,0,False,
RIOK1,0.02883414675792058,0.0005684177407399177,0.0008001436184585185,0.14427860696517414,6,0,False,
LIN7C,0.023535077770551027,0.0005676692953981235,0.0013436383875202642,0.31840796019900497,6,0,False,
CLN3,0.0235290564596653,0.0005675177407693582,0.0013855403225752764,0.3383084577114428,6,0,False,
TASOR,0.029814593493938446,0.0005674085636553565,0.0010955381503132276,0.263681592039801,6,0,False,
SCRN1,0.07322482454280058,0.0005673262577155834,0.0006475941374997641,0.11442786069651742,2,0,False,
SF3A1,0.024386597176392882,0.0005669592416233543,0.0007645732828456576,0.19402985074626866,6,0,False,
BOLA2,0.018319517374038696,0.0005647356215586999,0.0019203328957968712,0.4527363184079602,6,0,False,
QKI,0.030460512886444732,0.0005641457494408645,0.0008325585837730089,0.13930348258706468,4,0,False,
PDLIM5,0.011916711926460266,0.0005640751500141236,0.004729788705463483,0.4427860696517413,6,0,False,
CLUAP1,0.039821781218051897,0.00056406190646804,0.0006302518111442462,0.06467661691542288,5,0,False,
TOP2A,0.02471308410167694,0.0005628708583149035,0.002343784747128354,0.35323383084577115,5,0,False,
B3GAT3,0.03554565707842508,0.0005625342317348765,0.0005939357189794034,0.07462686567164178,6,0,False,
CDK2AP1,0.013286714752515139,0.0005625222265278594,0.004586428278978862,0.46766169154228854,6,0,False,
RBM42,0.015137225389480563,0.0005625195639139891,0.00216200919815379,0.38308457711442784,6,0,False,
APBB2,0.03204833095272383,0.0005616592743987749,0.0005729357440741092,0.06965174129353234,5,0,False,
CDK9,0.02762397502859433,0.000560364598422798,0.0007467012525948669,0.10945273631840796,5,0,False,
AC060780.1,0.03837323561310768,0.0005603204424364557,0.0006737531111099493,0.07960199004975124,4,0,False,
ZBTB21,0.04352404177188873,0.0005600032816405023,0.0009436333228245795,0.19402985074626866,4,0,False,
ESYT2,0.022848715384801238,0.0005597485268820782,0.001082358595845207,0.23880597014925373,6,0,False,
RPRD1B,0.029880740369359657,0.0005591362954928229,0.0005941780082922466,0.07462686567164178,5,0,False,
ATP11A,0.02664731567104657,0.0005583842538425241,0.0008126111637314821,0.19900497512437812,5,0,False,
VPS13D,0.023717033366362245,0.0005579886820125805,0.001369128687946404,0.3482587064676617,5,0,False,
ALKBH5,0.03115395704905194,0.000557957682547885,0.0007364579911112147,0.11940298507462686,6,0,False,
RBM6,0.011247898141543089,0.0005579298731040435,0.0033772482877920743,0.36318407960199006,6,0,False,
APPBP2,0.04441736141840616,0.000557877782237808,0.0006103223021139829,0.06467661691542288,5,0,False,
ARHGEF9,0.0337046943604946,0.0005576674363214648,0.0009042796569562868,0.23880597014925373,5,0,False,
ARFGEF1,0.013355769217014313,0.0005574541465238462,0.003048761656623359,0.417910447761194,6,0,False,
BMERB1,0.08182764674226443,0.0005567246420602802,0.0004686302320061381,0.009950248756218905,1,6,False,
CHGA,0.7062113086382549,0.0005556956474570597,0.000516169489240099,0.03482587064676617,1,6,False,
GMCL1,0.024989783763885498,0.0005555795401526638,0.001169232683689045,0.23383084577114427,5,0,False,
FAM20B,0.04803455124298732,0.0005553316461133257,0.0005712667567790688,0.06467661691542288,5,0,False,
SLC29A1,0.054821231712897614,0.0005552572860823168,0.0006970687820044449,0.12437810945273632,5,0,False,
VARS,0.028662649293740572,0.0005523446386800535,0.0012237501891070323,0.23880597014925373,6,0,False,
IRF6,0.02540741115808487,0.0005522080295753402,0.0008285635110172131,0.21890547263681592,6,0,False,
AKAP1,0.01013452559709549,0.0005521669801356211,0.005261774770838246,0.43781094527363185,6,0,False,
PTAR1,0.03858089074492456,0.0005515467854124976,0.0005859229575686366,0.07960199004975124,4,0,False,
MOB2,0.024755491564671203,0.0005510823181764572,0.0007755766084932628,0.12935323383084577,6,0,False,
CYB5D1,0.06607697345316409,0.0005507906581991183,0.0008719181275864121,0.263681592039801,3,0,False,
THOC7,0.011418633162975311,0.0005501986995864374,0.0036036505248333095,0.4527363184079602,6,0,False,
NOB1,0.017547094573577254,0.0005497228489588541,0.0014581759334665728,0.3283582089552239,6,0,False,
MYRF,0.0368846133351326,0.0005481182294700138,0.000942123923741206,0.23880597014925373,5,0,False,
SRSF8,0.02268247057994205,0.0005480820130640616,0.0009191594953394366,0.25870646766169153,5,0,False,
MAFK,0.025640931601325676,0.0005480422777316223,0.0014694693797334957,0.31840796019900497,6,0,False,
EPC2,0.02698564777771631,0.0005466685388504425,0.0011509533425019067,0.18407960199004975,5,0,False,
ATR,0.021947988619407013,0.0005463300199975636,0.0011673724077470719,0.23880597014925373,6,0,False,
ACIN1,0.008544544378916441,0.0005460953358555998,0.005684779500445257,0.48756218905472637,6,0,False,
WDR11,0.030538391321897507,0.0005459260176453522,0.0008086174861991179,0.21890547263681592,4,0,False,
DNAJC9,0.02276139333844185,0.0005458924423402166,0.001634559791167412,0.3283582089552239,6,0,False,
CDC37L1,0.034620455155769975,0.0005458485254343637,0.0007077582853661691,0.14427860696517414,6,0,False,
RRP15,0.022982686758041382,0.0005454309680855263,0.0009901610022342183,0.22388059701492538,6,0,False,
KIAA0586,0.04014006008704504,0.0005446027126189492,0.0005831953803511459,0.06965174129353234,4,0,False,
MCM3,0.02412544439236325,0.000544481552094952,0.002265088823520548,0.3880597014925373,6,0,False,
PLS3,0.020903183768192918,0.0005432848877964207,0.0017245394706391964,0.3880597014925373,6,0,False,
KANSL1L,0.03831618279218675,0.0005429503781704311,0.0006572065628443726,0.12437810945273632,4,0,False,
THOC1,0.029647884890437126,0.0005425948187477005,0.0008017058341103149,0.18407960199004975,6,0,False,
CSAD,0.03979606181383133,0.0005421989063196533,0.0006353318737873936,0.07960199004975124,5,0,False,
ZNF335,0.03141029986242454,0.000541761240142868,0.0005499950316572068,0.06467661691542288,5,0,False,
PPP3CB,0.045980536689360946,0.0005414952487998178,0.0005115737445604293,0.03482587064676617,3,6,False,
C19orf48,0.019585014631350844,0.0005412125882542056,0.0011727678440966898,0.2885572139303483,6,0,False,
LTN1,0.02954707791407904,0.0005405753556305105,0.0009646821414314058,0.25870646766169153,6,0,False,
METTL23,0.021979165573914855,0.0005405210032898451,0.0008648281592929677,0.14427860696517414,6,0,False,
GOLGA3,0.013329687217871311,0.0005396390601877834,0.004029849093378458,0.417910447761194,6,0,False,
MTR,0.03236216741303603,0.0005390285836580284,0.0007841629274160391,0.1791044776119403,4,0,False,
FTSJ3,0.027072763691345855,0.0005380838704826141,0.0008370925727155993,0.14427860696517414,6,0,False,
AARSD1,0.025159761309623718,0.0005375522105133552,0.0008330992409172715,0.19402985074626866,5,0,False,
RNF167,0.02208872139453888,0.0005372298837829921,0.0011318820478993885,0.2935323383084577,6,0,False,
TMEM179B,0.011475125948588072,0.0005359066894755169,0.003375788284469184,0.4527363184079602,6,0,False,
INO80,0.02841925248503685,0.0005354515366502569,0.001245645849641352,0.263681592039801,5,0,False,
TRIM37,0.03943491851290068,0.0005353451057295907,0.000513584819495387,0.05472636815920398,4,6,False,
CSNK1G1,0.03067312017083168,0.00053500950888723,0.0006847908873907193,0.13432835820895522,5,0,False,
GOLGA8B,0.03086284237603347,0.000534708309798556,0.0014289802686023342,0.43781094527363185,5,0,False,
NR4A3,0.033350493138035134,0.0005320294422651751,0.0021360597733229613,0.34328358208955223,4,0,False,
TMEM30B,0.033144695063432095,0.0005319372261758774,0.001456045754180492,0.3482587064676617,5,0,False,
DPP8,0.02567223086953163,0.0005304238807558319,0.0006484646702470478,0.12935323383084577,5,0,False,
ECI2,0.027711165448029845,0.0005291629165591579,0.000965457724494868,0.24875621890547264,6,0,False,
HTT,0.02536302929123241,0.0005287970933394153,0.0010106905886659693,0.24378109452736318,5,0,False,
PIK3C2G,0.10097737858692804,0.000527972149626975,0.0007709950086771516,0.13432835820895522,2,0,False,
NPLOC4,0.017004569371541323,0.0005279457937803253,0.0008820159086427423,0.20398009950248755,6,0,False,
PIBF1,0.02863037462035814,0.0005278497788291029,0.0011663578166937665,0.25870646766169153,6,0,False,
SBF2,0.03340966751178105,0.0005274096666754223,0.0005450318821248175,0.05970149253731343,5,0,False,
RCN1,0.012457887331644685,0.0005268950866921645,0.0033694725723768483,0.4577114427860697,6,0,False,
KDM3A,0.02885382622480394,0.0005263519436206285,0.0006542034233531971,0.07462686567164178,6,0,False,
USP38,0.029800201455752046,0.0005257494790992254,0.0012569116525680555,0.31840796019900497,5,0,False,
NUP98,0.025814426441987365,0.0005256853683372587,0.0009610384601809139,0.21890547263681592,6,0,False,
COQ8A,0.052540053923924745,0.0005255718616429873,0.0006265910544171727,0.13432835820895522,4,0,False,
DEPTOR,0.04273901383082074,0.0005241631117210057,0.000971619634962054,0.24875621890547264,4,0,False,
LYRM4,0.03310773770014444,0.0005241304200922215,0.000589715924389462,0.07462686567164178,5,0,False,
CWF19L2,0.02412223070859909,0.0005240329244404414,0.0018821774958688957,0.3880597014925373,5,0,False,
RNF220,0.02696545422077179,0.0005240306990551584,0.0006453181137165704,0.0845771144278607,6,0,False,
DNALI1,0.06701807181040445,0.0005239079090016523,0.0004520967394382001,0.029850746268656716,3,6,False,
PCSK7,0.011235937476158142,0.0005237520988093435,0.005612747025650404,0.4527363184079602,6,0,False,
FLYWCH2,0.023199102530876814,0.0005235955529081271,0.0009776717551039107,0.14925373134328357,6,0,False,
DDX19A,0.03345627958575885,0.0005233788054103624,0.0005357248497776354,0.06467661691542288,5,0,False,
DCTN1,0.020206707219282777,0.000523168166774639,0.0018658800054318927,0.373134328358209,6,0,False,
RNF103,0.018994073073069245,0.0005229548315331275,0.00146682490173062,0.31840796019900497,6,0,False,
VASP,0.007598529259363773,0.0005229489763026772,0.010992302555942732,0.472636815920398,6,0,False,
SLF2,0.03956576809287071,0.0005229204317653109,0.0007976773898739636,0.1791044776119403,4,0,False,
PITRM1,0.02543999254703523,0.0005226821151468183,0.0008699374663255954,0.25870646766169153,6,0,False,
CNOT9,0.03026491155227025,0.0005221872456966488,0.0006110252961283407,0.12935323383084577,6,0,False,
EXOSC8,0.01654278983672461,0.0005219754548632164,0.001350106925931386,0.3283582089552239,6,0,False,
PRCP,0.02735674381256105,0.0005219309496795001,0.0006380163773999604,0.1044776119402985,6,0,False,
XPC,0.03118861590822536,0.0005217513430977546,0.0010193733207976491,0.27860696517412936,5,0,False,
INTS11,0.016949663559595762,0.0005214521532992632,0.0016751156453232846,0.3283582089552239,6,0,False,
RBM14,0.031140717367331178,0.0005212868564734342,0.0007306527161681749,0.19900497512437812,5,0,False,
FBXW4,0.024583118657271058,0.0005207775345919912,0.0011787445170905176,0.3880597014925373,4,0,False,
VPS29,0.006649752457936586,0.0005204455782548772,0.00752706190483293,0.43781094527363185,6,0,False,
C12orf65,0.029946966717640564,0.0005197419130700636,0.0007886280583836606,0.20398009950248755,5,0,False,
DNASE2,0.020428468783696502,0.0005197161256064353,0.001089546432427816,0.19900497512437812,6,0,False,
SDF2,0.014362379908561707,0.0005192571258566562,0.0014395084952814668,0.24378109452736318,6,0,False,
MRPS6,0.017040168245633452,0.0005188354484698947,0.001255912750719172,0.23880597014925373,6,0,False,
PEX1,0.027900587767362595,0.0005188235418419963,0.0006844521290843852,0.13432835820895522,4,0,False,
TSN,0.022535507877667726,0.0005184271833020095,0.0010370235779697849,0.25870646766169153,6,0,False,
RNASEH1,0.02081336329380673,0.0005183832924608075,0.0010422409029565208,0.27860696517412936,6,0,False,
TMED1,0.02485386903087297,0.000518227496800548,0.0005802335872027977,0.0845771144278607,5,0,False,
HSDL2,0.02383474881450337,0.0005182006867442339,0.0014247175943126163,0.2935323383084577,6,0,False,
CCDC32,0.04309010381499927,0.0005180489672297211,0.0005041554918294505,0.05472636815920398,5,6,False,
USP6NL,0.02644739920894304,0.0005171620296072735,0.0008282432486175992,0.208955223880597,5,0,False,
GKAP1,0.07880018651485442,0.0005163379018625605,0.0004674838806737324,0.01990049751243781,3,6,False,
STK40,0.03687582351267338,0.0005160946604119978,0.000652083156050624,0.14427860696517414,4,0,False,
PLEKHA6,0.018872936566670717,0.0005160127862976503,0.001381732995538351,0.32338308457711445,5,0,False,
PPME1,0.022978426267703383,0.00051482542711367,0.0008291883915585235,0.18407960199004975,6,0,False,
THAP12,0.0225442573428154,0.0005143634836696056,0.0010407854823659482,0.23383084577114427,6,0,False,
PROX1,0.11191720515489581,0.0005139752038121985,0.0005606888448926867,0.06965174129353234,2,0,False,
KAT5,0.026544152448574693,0.0005137543603363668,0.0005572725737471604,0.0845771144278607,5,0,False,
SEPTIN11,0.019724001487096132,0.0005136327602377206,0.00263760007058245,0.38308457711442784,6,0,False,
RUVBL1,0.021506006518999726,0.0005126083092416569,0.0015053676949100946,0.3383084577114428,6,0,False,
MRPS31,0.02084207038084665,0.000512146278555535,0.001088276960519129,0.25870646766169153,6,0,False,
NEBL,0.06865292849640052,0.000512129308358527,0.000496938111316532,0.03980099502487562,1,6,False,
KLHDC2,0.01926174759864807,0.0005119563235208655,0.0012687121574427877,0.2935323383084577,5,0,False,
MRPL50,0.017650480071703584,0.0005117184716248971,0.0012593767567629082,0.3283582089552239,6,0,False,
EML2,0.02299196397264798,0.0005111905109440997,0.0007656791659292688,0.1691542288557214,6,0,False,
C6orf58,0.3092083980639775,0.000511148509697526,0.0006664913868793301,0.08955223880597014,1,0,False,
SRRT,0.017765524486700712,0.0005111205257286217,0.0017012190664706989,0.3582089552238806,6,0,False,
STAG1,0.01786404848098755,0.0005108808609489736,0.0011059163318042557,0.22388059701492538,6,0,False,
NAB1,0.029446963220834732,0.000510602310125954,0.0010210293211917305,0.2736318407960199,6,0,False,
RNF114,0.008118711411952972,0.0005095951389489444,0.00309451270424853,0.35323383084577115,6,0,False,
UNC13B,0.035737747947374984,0.0005095614165926687,0.0006585100139585572,0.11442786069651742,5,0,False,
CNTRL,0.03459923714399338,0.00050901884378543,0.0007613308874033338,0.15422885572139303,4,0,False,
POGK,0.039687846476833016,0.0005087777356999464,0.0006864819436338943,0.13432835820895522,6,0,False,
TMEM223,0.021665330976247787,0.0005083490448080499,0.0007362925837803958,0.17412935323383086,6,0,False,
VPS54,0.03909529993931453,0.0005077300882326285,0.000539008373285799,0.06965174129353234,4,0,False,
TIMM17B,0.017944082617759705,0.0005064516501302047,0.0013730667554126203,0.29850746268656714,6,0,False,
VPS41,0.027587246149778366,0.000506391893033337,0.0006553953311977083,0.13432835820895522,6,0,False,
CLK3,0.024447176605463028,0.000505324821793022,0.0007680458723367654,0.11940298507462686,6,0,False,
PRPF4B,0.005645424127578735,0.0005050100996442546,0.013572985206423813,0.5223880597014925,6,0,False,
TSPYL4,0.043445336321989686,0.0005047309009860905,0.0006434331877646987,0.11940298507462686,3,0,False,
TP53I13,0.020907947172721236,0.0005046650450511831,0.0012050898219589914,0.29850746268656714,6,0,False,
IMPDH1,0.030752860009670258,0.0005045409894873301,0.0018141132782923967,0.4079601990049751,6,0,False,
EPS15,0.02297616998354593,0.0005043419359867698,0.001180003315347286,0.3034825870646766,6,0,False,
ARL5A,0.015126151343186678,0.0005039132192411974,0.0016693925151647251,0.3880597014925373,6,0,False,
C8orf82,0.019695608566204725,0.0005027806051787993,0.0008782512423495001,0.2537313432835821,6,0,False,
PRKACB,0.0462358295917511,0.0005024763912729899,0.0012654854113596666,0.3283582089552239,2,0,False,
CPSF7,0.02749454478422801,0.0005023347057850736,0.0005130828212685633,0.07462686567164178,4,0,False,
PGM2L1,0.01459564392765364,0.0005022003489711333,0.0012007714132041699,0.23383084577114427,6,0,False,
SCAP,0.032261105875174195,0.0005021124074988529,0.0006632781553526191,0.10945273631840796,5,0,False,
HEXD,0.03604178627332051,0.0005015745212094099,0.0006523144871071115,0.12935323383084577,5,0,False,
SH3BGRL2,0.02161445220311481,0.0005013234301783111,0.003086841434281536,0.4626865671641791,6,0,False,
SP1,0.018627822399139404,0.0005013224932449525,0.0017489829785208998,0.38308457711442784,6,0,False,
FOXA1,0.048566266894340515,0.0005004683875540399,0.0007002446201738684,0.12935323383084577,3,0,False,
QTRT2,0.024885303651293128,0.0004998398963587795,0.0007294225822255154,0.19402985074626866,5,0,False,
GCN1,0.026123036940892547,0.0004996086716725955,0.0009472307621982255,0.26865671641791045,5,0,False,
STAT5B,0.03163381914297739,0.0004988477515961245,0.0005517603894370487,0.09950248756218906,5,0,False,
EIF4EBP1,0.009564317762851715,0.0004987983441361091,0.00380505203823919,0.43781094527363185,6,0,False,
USP42,0.03231319040060043,0.0004980706168068642,0.0005028697619208879,0.05970149253731343,5,0,False,
STK25,0.01709108551343283,0.0004978329671321577,0.001083541745372238,0.2835820895522388,6,0,False,
AC092683.1,0.04153972367445627,0.000497548324014784,0.0006670210259657168,0.0945273631840796,3,0,False,
RAB3GAP1,0.02266790345311165,0.0004974825877521806,0.0007421052096833984,0.20398009950248755,6,0,False,
MACC1,0.00950697809457779,0.000497015998935142,0.007977238906251986,0.47761194029850745,6,0,False,
RPN2,0.005900020400683159,0.0004966422917950268,0.015231780736389337,0.5024875621890548,6,0,False,
NEO1,0.053539800147215516,0.0004965053700862271,0.0004972626623006559,0.05970149253731343,4,0,False,
DCTN4,0.024111332992712647,0.0004957905393606636,0.001056828904969529,0.3034825870646766,5,0,False,
ATP5F1A,0.006621450185775757,0.0004954154416350776,0.017022436151251128,0.4626865671641791,6,0,False,
FGD6,0.020530747870604188,0.0004952661692644252,0.0009325245741524158,0.19900497512437812,6,0,False,
PTPN1,0.013553153723478317,0.0004951127068361802,0.001402686835337102,0.3383084577114428,6,0,False,
MLLT10,0.027751949926217392,0.0004942534373564427,0.0005251423712506969,0.0945273631840796,4,0,False,
DOCK7,0.029601278404394776,0.0004938458258482851,0.0010064274317154493,0.31343283582089554,4,0,False,
TARBP1,0.033697053790092454,0.0004936807699305587,0.0005394269672752644,0.06965174129353234,4,0,False,
SPATS2,0.023859653621912003,0.0004936335802683683,0.000703001681939976,0.12437810945273632,5,0,False,
AQR,0.03208179771900177,0.0004933544940510985,0.0007836745591667006,0.20398009950248755,5,0,False,
PPIE,0.0266121911505858,0.0004923950447991718,0.0007237809531002207,0.13432835820895522,6,0,False,
FBXO32,0.016427713135878236,0.0004922178262386021,0.0024363318449417254,0.35323383084577115,6,0,False,
THOC6,0.024802708377440766,0.0004918099011039366,0.0007510516941966541,0.20398009950248755,5,0,False,
CAMSAP1,0.03996511797110239,0.0004915191879529931,0.0005943319896245477,0.11442786069651742,4,0,False,
SIRT2,0.025094925115505873,0.0004912912108094501,0.001156911859775398,0.32338308457711445,6,0,False,
ATAD2,0.02466204824546972,0.000490977352650011,0.0010754440186783885,0.23880597014925373,5,0,False,
PRKRIP1,0.026399893065293625,0.0004909475302917838,0.0007623579338384955,0.16417910447761194,5,0,False,
MED16,0.027708493173122406,0.0004908766621352948,0.0009348481115359464,0.21890547263681592,6,0,False,
YIPF2,0.02097247913479805,0.0004903609298567917,0.0012047122488471024,0.34328358208955223,6,0,False,
DCTN6,0.017614250381787627,0.0004900557737104183,0.0009756995009146156,0.23880597014925373,6,0,False,
MAN1B1,0.027562672893206283,0.0004898662583953435,0.0008241762536890686,0.18407960199004975,6,0,False,
COMMD1,0.015973890821139036,0.0004894958009590636,0.001571417048499506,0.35323383084577115,6,0,False,
DAPK3,0.025200996547937393,0.0004891019267799093,0.0007904948053479711,0.15422885572139303,5,0,False,
RNF139,0.029595209906498582,0.000489071376012736,0.0009352603231962087,0.2537313432835821,4,0,False,
ZCCHC10,0.020384229719638824,0.0004887919790448039,0.0013289965500116036,0.31343283582089554,6,0,False,
TRIO,0.032848617682854325,0.0004885596877301074,0.0004890063287488586,0.05472636815920398,5,0,False,
RELB,0.02216294563064973,0.0004885372154116074,0.0010860977262061625,0.25870646766169153,6,0,False,
MRPL9,0.015402842313051224,0.000488290079440412,0.001312431772474782,0.2935323383084577,6,0,False,
MEF2D,0.01826436569293341,0.00048823082302745725,0.0012008377036247088,0.2935323383084577,6,0,False,
SLC6A6,0.03778885553280513,0.0004868292097020188,0.0006546713383980903,0.13432835820895522,5,0,False,
CRLS1,0.014590616027514158,0.0004866705908375451,0.0015407560292297804,0.39800995024875624,6,0,False,
AP1S2,0.04913448231915633,0.0004865035118538937,0.00047341633985326505,0.05472636815920398,2,6,False,
ALG2,0.027599881092707307,0.0004852442857365827,0.000808428818075839,0.23880597014925373,5,0,False,
SPATA6,0.054042612512906374,0.00048508655584033315,0.0005649032763444985,0.09950248756218906,3,0,False,
MTF2,0.018192286292711884,0.00048443894776805047,0.0007149955985431206,0.13432835820895522,6,0,False,
SNHG15,0.009443456927935273,0.0004844066970151974,0.001357111624836004,0.22885572139303484,6,0,False,
LSM6,0.01736444979906082,0.00048384505683468946,0.0013401903609195124,0.31343283582089554,6,0,False,
AEBP2,0.02972709635893503,0.0004836712008766491,0.00047561083271184073,0.05472636815920398,4,6,False,
UBAC1,0.018964933852354676,0.00048324404183348646,0.00170250316039823,0.3582089552238806,6,0,False,
RFXANK,0.017145339399576187,0.00048270072705402427,0.0012897256361761123,0.3383084577114428,6,0,False,
MCF2L,0.03462965786457062,0.0004826496936419422,0.0006343936835772621,0.11442786069651742,4,0,False,
MCMBP,0.024305620541175202,0.0004823615573011109,0.0009567711192199271,0.26865671641791045,6,0,False,
NFKB2,0.013894167418281242,0.00048137057761951803,0.0015643743808536677,0.35323383084577115,6,0,False,
FAM174A,0.037145348886648805,0.00048133959941474425,0.0005880678397682529,0.12437810945273632,5,0,False,
BICD1,0.036777551596363395,0.00048118335947431337,0.0006082748672549708,0.11940298507462686,2,0,False,
ADIPOR1,0.018362894654273987,0.00048113029012259063,0.0007924091508429896,0.263681592039801,6,0,False,
SLC25A13,0.023407238225142152,0.00048081842596730325,0.000839936037990358,0.1890547263681592,6,0,False,
XPO6,0.02173707882563275,0.00048077132171614505,0.0006548954700614781,0.1691542288557214,6,0,False,
MFSD1,0.02410739908615747,0.00048073203067938844,0.0007949515829497898,0.22885572139303484,5,0,False,
BCR,0.03392028932770094,0.0004800297050638175,0.0005960179804549266,0.11940298507462686,5,0,False,
TMEM50A,0.0066592494646708356,0.0004784733026725592,0.007503335106538228,0.46766169154228854,6,0,False,
RFC1,0.013203124205271421,0.0004782399728290161,0.0027715952901987747,0.42786069651741293,6,0,False,
C12orf49,0.026446327567100525,0.0004782336823461503,0.001395685132241071,0.40298507462686567,6,0,False,
UCHL3,0.010098174214363098,0.00047784717553269666,0.0037571047288936003,0.472636815920398,6,0,False,
IFT22,0.029713585972785936,0.0004771268711678787,0.0005307409590540903,0.08955223880597014,5,0,False,
MAOB,0.1626386332015196,0.00047673399751155005,0.0005370147205600702,0.0845771144278607,0,0,False,
C2orf49,0.022520088901122393,0.0004757946612661696,0.00123531715473398,0.30845771144278605,5,0,False,
MTURN,0.04171520099043846,0.00047525160271497016,0.0006195541525312729,0.14925373134328357,4,0,False,
NDUFV1,0.008365844686826107,0.00047492996119376897,0.007676233214339215,0.4626865671641791,6,0,False,
CWC22,0.022621799260377884,0.00047428009125204704,0.0006708737055979057,0.1791044776119403,4,0,False,
ATP6V1B2,0.03397626181443533,0.00047383388096806196,0.00047105279571544483,0.05472636815920398,6,6,False,
C4orf19,0.03158516933520636,0.00047377330209464425,0.001176593380164515,0.35323383084577115,5,0,False,
PKNOX1,0.040616660068432495,0.0004734773483029041,0.00047088548184206954,0.05472636815920398,5,6,False,
MYSM1,0.018605093161265074,0.0004733590393373437,0.0010708902597372592,0.2885572139303483,5,0,False,
MYO9A,0.029757748047510788,0.00047235806062793397,0.0005622041712966255,0.11940298507462686,4,0,False,
NFYB,0.02564667786161104,0.00047163533627936273,0.000658248100265501,0.15422885572139303,6,0,False,
METTL7A,0.04102983574072522,0.00047040452158911663,0.0014398289213508131,0.3880597014925373,4,0,False,
TIMM10B,0.02034490555524826,0.00047013909152181395,0.0007549463791818821,0.23880597014925373,5,0,False,
ATF7,0.02097314347823459,0.00046988754093787056,0.0007538696047183789,0.1791044776119403,6,0,False,
PCNX1,0.029026442517836898,0.00046895380481294256,0.0006138985049175987,0.08955223880597014,5,0,False,
HIST2H2BE,0.03593061057229836,0.00046867042696913737,0.0005443721355535302,0.11940298507462686,3,0,False,
DNMT3A,0.030013224730889007,0.000468458048100996,0.0006636048810689506,0.17412935323383086,5,0,False,
CALCOCO1,0.020903846869866044,0.00046824081580337725,0.0007497826450106563,0.18407960199004975,5,0,False,
MBD3,0.04412561903397244,0.0004678022731562878,0.0006975344642504657,0.13432835820895522,5,0,False,
CUEDC2,0.02928895130753517,0.00046756598861112805,0.0007305141800756463,0.15920398009950248,6,0,False,
RAB4B,0.02527630825837454,0.0004674215634740739,0.0006509712854939547,0.14427860696517414,6,0,False,
TM7SF3,0.023014552891254425,0.00046718784964195606,0.0009919309665232265,0.31840796019900497,5,0,False,
ARFGAP1,0.01666233688592912,0.00046654446125641603,0.001052002638683819,0.20398009950248755,6,0,False,
LINC00261,0.11848714823524159,0.0004664883100894374,0.0010402799463757604,0.2537313432835821,1,0,False,
PRDX3,0.0125388503074646,0.0004656724256987049,0.0033846681654426036,0.43283582089552236,6,0,False,
DUSP3,0.024835082391897828,0.00046549753399021364,0.0006696756751776178,0.1791044776119403,6,0,False,
HSF1,0.011761785795291274,0.00046535534429925304,0.0015029110300290526,0.3880597014925373,6,0,False,
TOPBP1,0.02317892760038376,0.00046517998875073886,0.0012154306055183679,0.30845771144278605,5,0,False,
UBALD1,0.0324771317342917,0.0004641294628442247,0.0006585520100612277,0.13432835820895522,4,0,False,
NUS1,0.021379674474398286,0.0004639470080260215,0.0018277183114047224,0.40298507462686567,6,0,False,
NUSAP1,0.020441425343354552,0.0004637156598584869,0.0019729106304578665,0.3482587064676617,5,0,False,
ATXN1,0.022504538297653198,0.0004633792574817944,0.0009215849686261944,0.263681592039801,5,0,False,
C21orf58,0.07731680696209271,0.0004633581996319327,0.0005595051097591711,0.12437810945273632,1,0,False,
HAP1,0.21160563671340546,0.0004633505287779877,0.0005091313888669431,0.08955223880597014,0,0,False,
TCF20,0.018187669416268676,0.00046314971710851997,0.0006641490686256903,0.15920398009950248,4,0,False,
IRF2BPL,0.04684435203671454,0.0004630307750429767,0.00045357380625158365,0.05472636815920398,3,6,False,
SPPL3,0.023374482989311218,0.0004628892474137484,0.0004954883784046798,0.07960199004975124,6,0,False,
SPATA33,0.027338193108638137,0.0004625033103249651,0.0005220171974294509,0.0945273631840796,5,0,False,
PDPK1,0.020742955307165772,0.000462120781714466,0.0008821332092427397,0.24378109452736318,6,0,False,
SMARCD1,0.024652173121770232,0.0004619474664295654,0.0006871337213759305,0.16417910447761194,6,0,False,
HPS4,0.02105579649408658,0.0004615148455417498,0.0006623495133115194,0.13432835820895522,5,0,False,
UBE2E1,0.025691418598095567,0.00046087418363724864,0.0008144745048071039,0.26865671641791045,6,0,False,
SNRK,0.015040295819441496,0.00046039361035046756,0.0012207220947657686,0.21890547263681592,6,0,False,
FOXK1,0.022733652343352645,0.00046023063973583614,0.0005530411526070704,0.11442786069651742,6,0,False,
FNBP1,0.03342210004727045,0.0004600930211658492,0.00112457139244392,0.22388059701492538,2,0,False,
AKR7A2,0.015936593214670836,0.00045966823246879204,0.0015553742893390436,0.3383084577114428,6,0,False,
KLHDC10,0.03907532741626103,0.00045966314747060725,0.0005018305251125151,0.0845771144278607,4,0,False,
SCAMP3,0.024153097222248718,0.0004595522639103197,0.0005720696799482513,0.21890547263681592,6,0,False,
CDC42SE2,0.013372917970021547,0.00045955011105651395,0.0015094031349523573,0.31840796019900497,6,0,False,
ST6GAL1,0.03358256071805954,0.0004592265400774917,0.0005088791160629512,0.0945273631840796,4,0,False,
PPIL4,0.020111318677663803,0.0004583654037995248,0.0010559441487369631,0.34328358208955223,6,0,False,
NOC3L,0.022954742734630898,0.00045740069166330145,0.000843204881861835,0.22388059701492538,5,0,False,
RNF34,0.026863154023885727,0.00045671467599062306,0.0006118936553402848,0.12437810945273632,5,0,False,
BIK,0.016798389454682677,0.00045629733000458967,0.0013762166319809404,0.35323383084577115,4,0,False,
DDI2,0.03080705429116884,0.0004562688046955862,0.0005453259062096008,0.11442786069651742,4,0,False,
SEC23IP,0.025714619706074388,0.00045579463793064053,0.0012645824172077898,0.373134328358209,6,0,False,
PHKB,0.014003833134969057,0.0004555361863598113,0.0018985102863705954,0.3781094527363184,6,0,False,
IGF2R,0.01916274180014929,0.0004554441541388692,0.0013725043689987236,0.30845771144278605,6,0,False,
ZBED5,0.04414578899741173,0.00045522627820683803,0.0005434130262793094,0.09950248756218906,4,0,False,
BRAT1,0.034859487786889076,0.00045507212311757706,0.00060160001916062,0.12437810945273632,4,0,False,
SPATC1L,0.07299320275584857,0.00045486425794836615,0.0004369426207480165,0.03482587064676617,2,6,False,
RTL8A,0.01647772267460823,0.00045457035050282756,0.0006482874093202732,0.12935323383084577,5,0,False,
PIP5K1A,0.01937765131394069,0.00045404395099023426,0.001106188522905487,0.2736318407960199,6,0,False,
PSMD6,0.01261111597220102,0.000454038483572303,0.0020501684588475734,0.4079601990049751,6,0,False,
TLNRD1,0.023416884243488312,0.0004535222528793246,0.001330363290985285,0.3681592039800995,6,0,False,
MRPL38,0.01194790005683899,0.0004534886484294676,0.0025863678511170956,0.43283582089552236,6,0,False,
TLN2,0.02551533281803131,0.0004524960233236083,0.0016974801504196786,0.373134328358209,5,0,False,
FBXO25,0.03180756295720735,0.00045240761884772404,0.0005439598163363669,0.11442786069651742,4,0,False,
RAP1GAP2,0.07492358982563019,0.0004521814406903898,0.0004195862008652011,0.03482587064676617,3,6,False,
STT3A,0.026365648955106735,0.00045215968659136253,0.0013133262190825638,0.3880597014925373,6,0,False,
RIPK4,0.047621265053749084,0.0004516818575844597,0.0006979203473617457,0.263681592039801,4,0,False,
PDE4D,0.018927236398061126,0.0004515327056166114,0.001039223429225034,0.29850746268656714,5,0,False,
WFS1,0.06826697538296382,0.00045151632125173973,0.0004448479122584356,0.04477611940298507,2,6,False,
B3GALNT2,0.03204481055339177,0.0004513536811208333,0.0004587550833392652,0.05970149253731343,5,0,False,
SCGN,0.27170882994929946,0.0004512646128589859,0.0004073479176166917,0.009950248756218905,1,6,False,
NSUN5,0.027647115290164948,0.00045117146913055834,0.0006098500015306133,0.12437810945273632,5,0,False,
MLXIPL,0.08972018615653118,0.00044998845904000936,0.0004333026256536444,0.04477611940298507,1,6,False,
ABHD17A,0.012475483119487762,0.0004499811460792238,0.0022764865550194704,0.38308457711442784,6,0,False,
C8orf33,0.014665479461352049,0.0004498219285094412,0.0022223793255564464,0.3781094527363184,6,0,False,
GALNT12,0.04414947827657065,0.00044924368403893096,0.0007871346445687472,0.2736318407960199,3,0,False,
SMG6,0.01439385364452997,0.00044835973613311633,0.0015874130162854781,0.3681592039800995,6,0,False,
AAMP,0.01173321157693863,0.0004475645280138527,0.004032797891292723,0.47761194029850745,6,0,False,
WRN,0.03209318717320761,0.00044696659885472213,0.0007019964218189325,0.22885572139303484,4,0,False,
RING1,0.030999133984247848,0.00044690070922642,0.0005695308517444781,0.11940298507462686,5,0,False,
SCRIB,0.02408885831634204,0.0004468508172959415,0.0006212436854244844,0.16417910447761194,6,0,False,
ZRSR2,0.0398285345484813,0.0004468019973926416,0.0005518225931308022,0.09950248756218906,5,0,False,
ACTR10,0.018484371403853117,0.00044620309299627935,0.000868871496140422,0.23383084577114427,6,0,False,
BCAR1,0.014916891853014619,0.00044542097680407434,0.0020691900061007382,0.373134328358209,6,0,False,
GPRC5B,0.04051243544866641,0.0004452749078722904,0.001022978567254122,0.3482587064676617,4,0,False,
MBIP,0.03312036581337452,0.0004451336234565276,0.000578155791673561,0.12437810945273632,5,0,False,
TRMT6,0.018553285549084336,0.00044425131637442807,0.0005317450185859944,0.09950248756218906,6,0,False,
TRNT1,0.02023135994871457,0.00044423555438781947,0.0011700404829950734,0.3034825870646766,5,0,False,
CADPS2,0.030188370496034622,0.00044407477443778704,0.0011918744240707545,0.34328358208955223,4,0,False,
KCTD20,0.023454464972019196,0.000443106968754303,0.0005890724462299325,0.15422885572139303,6,0,False,
ILK,0.014797059198220552,0.0004429056777542468,0.0016488135646578308,0.34328358208955223,6,0,False,
ASXL2,0.02300766482949257,0.00044275536641014644,0.0007653582406394964,0.23383084577114427,5,0,False,
DPM1,0.010272434602181135,0.00044275114974933675,0.00193494896621928,0.43283582089552236,6,0,False,
ING2,0.016723229239384324,0.0004426417776206527,0.0010574792740723911,0.2885572139303483,5,0,False,
IFT74,0.03845285996794702,0.00044262242435309573,0.0005906407884005289,0.12935323383084577,5,0,False,
TRAF3IP2,0.0390286979575952,0.00044244546429787887,0.0006093013939419869,0.13432835820895522,5,0,False,
SNX17,0.0179215669631958,0.0004415814888479396,0.0015302527697830122,0.36318407960199006,6,0,False,
FARP2,0.016212061047554016,0.000441492224829943,0.0011770846400518586,0.3383084577114428,6,0,False,
CCDC66,0.028986743340889604,0.00044095402488880247,0.0007442246365942738,0.1890547263681592,4,0,False,
SS18L2,0.015257716178894043,0.0004407469945768665,0.001094725031490174,0.2736318407960199,6,0,False,
SNX13,0.019045119484265655,0.00044067711646166984,0.0009227926475095004,0.24875621890547264,5,0,False,
CHMP4B,0.005253707369168581,0.0004405569055586776,0.008720581578283789,0.4626865671641791,6,0,False,
MAP2K7,0.03320510437091191,0.0004402477754977576,0.0005067511948760962,0.0945273631840796,4,0,False,
CAPN2,0.008040589590867397,0.0004399363880337624,0.010304208688917085,0.4577114427860697,6,0,False,
NBAS,0.032269664108753204,0.0004397592594047818,0.000459098788094811,0.07960199004975124,5,0,False,
PDE12,0.0302595968047778,0.0004386017096480698,0.0006822974938262765,0.19900497512437812,5,0,False,
SYTL1,0.03123449037472406,0.0004385893407590442,0.0011581301009531307,0.3681592039800995,5,0,False,
KAT8,0.028878779460986465,0.0004383805815072701,0.0006049897987629712,0.12935323383084577,5,0,False,
USP37,0.040742472435037286,0.0004379752562117872,0.0005315335955970854,0.09950248756218906,4,0,False,
NUP50,0.016788634161154448,0.00043752678092146967,0.0024409225666295583,0.4079601990049751,6,0,False,
TMEM51,0.027034271508455276,0.00043705411519778835,0.000785641212439945,0.21890547263681592,4,0,False,
BMI1,0.015115268528461456,0.00043702876365984316,0.0011032996242520896,0.36318407960199006,6,0,False,
THYN1,0.01987395683924356,0.0004365712448318378,0.000692152611934405,0.14925373134328357,5,0,False,
GOLPH3,0.01701604574918747,0.00043645435787708167,0.0015435433966105943,0.39303482587064675,6,0,False,
UBE4A,0.018152753512064634,0.0004362545287883529,0.0016416762787776476,0.39303482587064675,6,0,False,
ACVR1C,0.10298891427616279,0.00043600242863681534,0.0004342938460485339,0.05472636815920398,1,6,False,
RBMX2,0.020676472534736007,0.000435894672961079,0.0005701157137941294,0.11442786069651742,6,0,False,
HELB,0.03613638505339621,0.0004358154417892381,0.0008464186867747887,0.2736318407960199,4,0,False,
BCKDHA,0.037470407783985124,0.0004357289178435807,0.0005311418482710392,0.15422885572139303,5,0,False,
CXADR,0.014131615559260069,0.00043557107419906946,0.002842578033293703,0.43283582089552236,5,0,False,
JMY,0.026252583911021546,0.0004353215152222257,0.0004439852454479336,0.05970149253731343,4,0,False,
RPF2,0.016852042327324568,0.0004346627146968018,0.0014219876086548878,0.34328358208955223,6,0,False,
FBXO3,0.032353327920039504,0.0004346525529519376,0.0005560030287944323,0.11940298507462686,5,0,False,
ZNF75A,0.04127968288958073,0.0004345704680996823,0.0004412548051128344,0.06965174129353234,4,0,False,
PLEKHM2,0.03041195248564084,0.0004341567912403782,0.000671805742319517,0.1691542288557214,6,0,False,
APIP,0.021528545767068863,0.0004341560707597102,0.0011784641856978772,0.263681592039801,6,0,False,
EGLN3,0.021356082210938127,0.00043397090954519154,0.001858510629956022,0.39303482587064675,6,0,False,
DDX49,0.022927265614271164,0.0004336653986251297,0.0008400058645982472,0.21393034825870647,6,0,False,
TCHP,0.021679531782865524,0.00043354839702224057,0.0010532096738477268,0.263681592039801,5,0,False,
MAPKAPK2,0.015202050407727541,0.0004333343900409167,0.0015910911903185717,0.3582089552238806,6,0,False,
UBAP1,0.022916318227847426,0.0004333280577621,0.000932599957931504,0.3034825870646766,6,0,False,
IMMP1L,0.03555642565091449,0.00043325660430903773,0.0004438520276735974,0.06965174129353234,5,0,False,
R3HCC1,0.02918138230840367,0.00043319306551156965,0.00046438117848522723,0.06965174129353234,6,0,False,
METTL5,0.008447115619977297,0.0004330492403397614,0.0026787141249036187,0.4228855721393035,6,0,False,
SPG11,0.02472954491774243,0.0004330471359300385,0.0008919860099710652,0.2885572139303483,6,0,False,
SF3B4,0.01483373468120891,0.00043298563905678046,0.001315474751032623,0.3034825870646766,6,0,False,
GALNT10,0.03594198822975159,0.00043214452544867185,0.0012050770224173212,0.373134328358209,4,0,False,
MSL1,0.018333027760187776,0.00043186219471188613,0.0008970420388489148,0.2736318407960199,6,0,False,
MAP4K3-DT,0.013279999295870454,0.0004317715531428516,0.0025518278708097585,0.44776119402985076,6,0,False,
ZNF622,0.015007091065247863,0.00043078747290390903,0.0013920497838998066,0.3283582089552239,6,0,False,
PANK2,0.020086987564961106,0.0004307553474744727,0.0005418566704709106,0.09950248756218906,6,0,False,
FAN1,0.0378049189845721,0.0004306715624861878,0.00046975859579763944,0.0845771144278607,4,0,False,
ALYREF,0.018036590268214553,0.00043059653283464625,0.0016548069925674878,0.3383084577114428,6,0,False,
KDM3B,0.021072654674450547,0.00043051901493855373,0.0007567037699468495,0.26865671641791045,5,0,False,
TDG,0.01081596314907074,0.0004300013554262229,0.0029664607849064985,0.39800995024875624,6,0,False,
NELFB,0.017796050757169724,0.0004295826497504397,0.0011015634895704717,0.32338308457711445,6,0,False,
GOT2,0.018988882501920074,0.000429519424731363,0.0021447510179735205,0.417910447761194,5,0,False,
GRWD1,0.025225408375263214,0.00042941982270352586,0.0005553907089668921,0.15920398009950248,6,0,False,
GSK3A,0.020394002397855132,0.0004291898967648441,0.001138454582160765,0.31343283582089554,6,0,False,
TP53,0.03360407675306003,0.0004289725047929194,0.0006584869666363082,0.21393034825870647,5,0,False,
SAE1,0.020309951156377792,0.0004289110034276823,0.0011637420103380672,0.35323383084577115,6,0,False,
ZNF121,0.025952483216921493,0.0004287950197549975,0.0004867549756538703,0.08955223880597014,5,0,False,
SLC4A2,0.02186666429042816,0.00042830074867549275,0.0006824287062177905,0.23880597014925373,5,0,False,
CDC37,0.005069166421890259,0.00042792598449229824,0.011010198954580242,0.43781094527363185,6,0,False,
CREBL2,0.03829323748747508,0.0004278759331936138,0.00045624640237955263,0.08955223880597014,4,0,False,
MGAT1,0.013209549089272826,0.000427451758318064,0.0014469436571967404,0.35323383084577115,6,0,False,
GAREM1,0.03223561868071555,0.00042712591999206364,0.0010371714139999686,0.31840796019900497,4,0,False,
PWWP2A,0.022247691949208587,0.0004255564732799393,0.0010788085340180274,0.32338308457711445,5,0,False,
FAM13B,0.033957920968532576,0.0004255106113933789,0.0004903727488237826,0.07462686567164178,4,0,False,
TRRAP,0.022237665951251998,0.00042465031852922995,0.0006837127308962146,0.12437810945273632,5,0,False,
COPS7A,0.025082475195328385,0.00042442803189605125,0.0007020668337126141,0.19402985074626866,5,0,False,
NFATC2,0.044606556495030716,0.0004243808572180314,0.0004694913026621327,0.06467661691542288,3,0,False,
CPSF2,0.025293216109275818,0.00042426276946931987,0.000978533690989067,0.2835820895522388,4,0,False,
ZNF431,0.02699710552891095,0.0004240953974529541,0.0005803166953134539,0.0945273631840796,4,0,False,
CHKB,0.02639205008745192,0.0004239845193873922,0.0008488507525444373,0.19402985074626866,5,0,False,
HIVEP1,0.013731802503267929,0.00042363903583832196,0.0011976950038392212,0.29850746268656714,5,0,False,
MIER1,0.00984429319699609,0.0004223633251692917,0.0041713769490733625,0.48756218905472637,6,0,False,
MTA1,0.02368629102905591,0.0004220422179114076,0.0008962757606994206,0.1791044776119403,5,0,False,
RFX1,0.03312148960928123,0.0004218716474053675,0.000576071567378196,0.15422885572139303,4,0,False,
ADIPOR2,0.011234417557716342,0.0004218674452188266,0.00306853023326279,0.4527363184079602,6,0,False,
THAP7,0.026548848797877625,0.0004214010032312319,0.0006303945763588377,0.14925373134328357,5,0,False,
HEATR1,0.025523046031594276,0.000421177712258504,0.0005469197873160032,0.1691542288557214,6,0,False,
ZMIZ1,0.02988903969526291,0.00042053439493674766,0.0007675973346443067,0.3034825870646766,4,0,False,
PIAS4,0.036895802865425736,0.000419662879746058,0.00039662771752501844,0.029850746268656716,3,6,False,
ZNF664,0.016048409044742584,0.0004179623523773814,0.0009519569552643521,0.23880597014925373,6,0,False,
NOL10,0.02317807575066884,0.0004177976634063725,0.0006702643663113063,0.23880597014925373,6,0,False,
DR1,0.015620733300844791,0.0004176643269440735,0.002135457205437243,0.373134328358209,6,0,False,
MORC3,0.026207649459441484,0.0004174535360392924,0.0008374515584013006,0.2736318407960199,5,0,False,
UNC45A,0.02254665022095044,0.00041736347061432997,0.0005362608514630607,0.17412935323383086,6,0,False,
CCDC57,0.020123800883690535,0.00041732633220169083,0.0006199778137793292,0.15920398009950248,5,0,False,
MSH3,0.020649604499340057,0.0004167844289336433,0.0008513208233192963,0.22885572139303484,5,0,False,
KIAA0895,0.05009653139859438,0.00041646977778177365,0.000495870817181369,0.0845771144278607,4,0,False,
PPAN,0.017823372036218643,0.000415735356724239,0.0007964806718870112,0.24378109452736318,5,0,False,
MFSD14C,0.026856442292531327,0.0004156837662301435,0.0005401941740753756,0.17412935323383086,5,0,False,
ZBTB41,0.0385206565260887,0.00041561666269276476,0.0006111193262623376,0.17412935323383086,4,0,False,
TBC1D17,0.03979230672121048,0.00041542645668225255,0.00045957827831487715,0.07960199004975124,4,0,False,
ATF2,0.026566664377848326,0.0004153386520765757,0.0005218173892410523,0.07960199004975124,4,0,False,
TBL3,0.0289796901245912,0.0004153188529992698,0.0006977120047025055,0.24875621890547264,6,0,False,
FBXO7,0.014727666974067688,0.00041492233806437605,0.0008102017577260317,0.2835820895522388,6,0,False,
SLC36A4,0.036713911841313035,0.00041462263058532903,0.0003869871581803393,0.05472636815920398,3,6,False,
CCZ1,0.01797576993703842,0.00041439267643417373,0.001260928171682675,0.3034825870646766,6,0,False,
ZSCAN16-AS1,0.05512728976706663,0.0004140736829201716,0.0005584809190564647,0.12437810945273632,2,0,False,
ARMCX6,0.029296078408757836,0.0004129023614951436,0.0004041022397088936,0.05472636815920398,5,6,False,
MAP9,0.08416524281104407,0.00041289733491894746,0.000498557479418432,0.09950248756218906,1,0,False,
RPS6KA5,0.029126666486263275,0.0004126974698172599,0.0007170269006026269,0.208955223880597,4,0,False,
CCDC82,0.016215860843658447,0.00041239169753148913,0.0010908264230071484,0.32338308457711445,6,0,False,
TICAM1,0.023150535921255738,0.0004122169200531006,0.001432977882525276,0.3383084577114428,6,0,False,
NABP2,0.019395536432663618,0.00041198180883275155,0.0009976887114935336,0.31840796019900497,6,0,False,
DPYSL2,0.018441750357548387,0.00041177794318217635,0.0017554710035622026,0.417910447761194,6,0,False,
SEH1L,0.02564357655743757,0.00041176438888124514,0.000571952543460424,0.17412935323383086,5,0,False,
NRDE2,0.02582277109225592,0.0004115024802601829,0.0005877754280808595,0.15920398009950248,5,0,False,
REXO4,0.020399308453003556,0.000411287904188235,0.0014719596716863859,0.3383084577114428,6,0,False,
BLOC1S2,0.018687628209590912,0.00041116076120352484,0.0007197978812272367,0.19402985074626866,6,0,False,
CIZ1,0.02625143527984619,0.0004106757051663103,0.0004516029815641318,0.09950248756218906,6,0,False,
ZCCHC2,0.02165865898132323,0.00041062991678072515,0.0007354404390958414,0.208955223880597,4,0,False,
DYRK2,0.015233993530273465,0.0004104713917787491,0.0009520146809738642,0.2736318407960199,5,0,False,
PLXNA3,0.027190083637833595,0.00041028382746158504,0.0005296557499697998,0.0845771144278607,6,0,False,
FAM172A,0.029221232980489717,0.00040879349502379633,0.00059111923531224,0.1691542288557214,5,0,False,
PRR14,0.021143293008208275,0.00040876904800525273,0.0006586670705707,0.18407960199004975,5,0,False,
RNF40,0.02044948190450667,0.0004087048115302113,0.0006697597404138781,0.22388059701492538,6,0,False,
KPNA1,0.020847280820210756,0.00040859115062276646,0.00097971107742386,0.3034825870646766,6,0,False,
G6PC3,0.03036743837098281,0.00040846531910483636,0.0004254568553214086,0.06965174129353234,5,0,False,
OXA1L,0.011398951212565123,0.00040836418333430155,0.004036751856817145,0.48258706467661694,6,0,False,
SPNS1,0.020591291909416526,0.0004083113629277426,0.0006205327801575618,0.19900497512437812,6,0,False,
PLPP2,0.00740562379360199,0.0004082306935329868,0.007490921321076683,0.48756218905472637,6,0,False,
ZNF322,0.02137457455197969,0.00040790853682190237,0.0008448804898262198,0.23880597014925373,6,0,False,
TRIM52,0.02609335506955783,0.0004073529862268827,0.0005690915629743747,0.11442786069651742,5,0,False,
TENT4B,0.02600575610995294,0.00040710547558801493,0.0005220159655104208,0.11940298507462686,4,0,False,
GTF2H1,0.023441273719072342,0.00040697443811923495,0.0006574509587276662,0.1890547263681592,5,0,False,
SCG3,0.29922620207071304,0.00040677178696409296,0.00038730903500686044,0.05472636815920398,1,6,False,
ISY1,0.013343653331200273,0.00040610459015677275,0.0013544106812746794,0.34328358208955223,6,0,False,
COLCA1,0.038711698725819574,0.00040603081579476924,0.0005803894385478055,0.20398009950248755,4,0,False,
SPDEF,0.04373300385971865,0.0004059061165699631,0.0007286001833520416,0.2835820895522388,2,0,False,
MOAP1,0.034388937056064606,0.00040562861124958556,0.0004314656171836008,0.08955223880597014,5,0,False,
MZF1,0.035902405778567,0.00040501554394630824,0.0004688766288430313,0.07462686567164178,4,0,False,
ARMC1,0.023986755559841783,0.0004045090414699948,0.0005823180105154048,0.18407960199004975,6,0,False,
COMMD3,0.013584844768047333,0.0004044783143843766,0.0009511666845517204,0.24378109452736318,6,0,False,
ABHD14B,0.01345999042193094,0.0004042841497501723,0.0015138705121124057,0.43283582089552236,5,0,False,
LPCAT3,0.022193344930807768,0.00040373512183700035,0.0012035853617549832,0.36318407960199006,5,0,False,
PLEKHB1,0.051884512106577546,0.0004036983770838682,0.00048190348326916654,0.10945273631840796,2,0,False,
SLC37A3,0.03158053196966648,0.0004036461251997586,0.0005321944390108162,0.18407960199004975,5,0,False,
CNNM3,0.04280687123537065,0.00040322240907988765,0.0004363944299417569,0.0945273631840796,4,0,False,
TRIM4,0.023615537832180664,0.0004029854069073477,0.0007095780652967004,0.19900497512437812,5,0,False,
SENP7,0.03598823522528012,0.00040289840643067205,0.0005972920807296213,0.1791044776119403,3,0,False,
CLUH,0.0213015116751194,0.0004027126053301293,0.0009864919934786977,0.30845771144278605,5,0,False,
KIAA0355,0.020510801424582795,0.0004023816883896624,0.0006463230205653033,0.1791044776119403,5,0,False,
UBE2V2,0.01058924198150632,0.00040229821971789117,0.0020481885954156966,0.4626865671641791,6,0,False,
N4BP2,0.05164978529016176,0.0004022415749930418,0.0004545291068976401,0.07960199004975124,2,0,False,
POLR2C,0.017829236884911864,0.0004021746787316588,0.0009551501726551407,0.2885572139303483,6,0,False,
TMEM176B,0.006521689395109831,0.00040214651360741553,0.007582293979823293,0.42786069651741293,6,0,False,
ICMT,0.025666794429222733,0.00040160617618291373,0.0008709250598573368,0.2835820895522388,6,0,False,
AC016831.5,0.01591963941852252,0.0004015844372014585,0.0016634774792698421,0.3681592039800995,6,0,False,
RANBP3,0.02863448299467565,0.0004008112711222744,0.0005741678660644537,0.15422885572139303,4,0,False,
UBP1,0.02650090555349985,0.0004007914874454227,0.0006077483797693926,0.15422885572139303,6,0,False,
PTPN18,0.01867416004339853,0.0004007307881620109,0.001257037140372087,0.29850746268656714,5,0,False,
IPO8,0.034809168428182616,0.00040011035839663796,0.0005190514512997844,0.14427860696517414,4,0,False,
FKBP14,0.03171631259222825,0.0003993421888107812,0.0005402114672970892,0.19900497512437812,5,0,False,
GLRX3,0.011609834929307311,0.00039930297096432124,0.0025833474162005664,0.43283582089552236,6,0,False,
SESN3,0.04967900117238362,0.0003988909356560052,0.0005445758785657235,0.1791044776119403,0,0,False,
PTBP2,0.03395900006095569,0.0003988331442537148,0.00047345280424020717,0.0945273631840796,4,0,False,
NHLRC2,0.029813196510076523,0.000398048450274861,0.0006914353097035343,0.18407960199004975,4,0,False,
ADK,0.0192512609064579,0.0003980084087347789,0.0009077085667764633,0.3034825870646766,6,0,False,
COG7,0.025670751929283142,0.0003974182927117929,0.0005068342216550174,0.14925373134328357,5,0,False,
FAM241A,0.021119794497887284,0.0003971369862570081,0.0014149481275430704,0.43781094527363185,6,0,False,
REPIN1,0.018482476472854614,0.00039699402902589227,0.000756782599011361,0.21890547263681592,6,0,False,
TBC1D9B,0.020270489156246185,0.0003967993846835208,0.0006887878160939991,0.208955223880597,6,0,False,
PILRB,0.018423493951559053,0.00039663995645031474,0.0009339515521248547,0.22885572139303484,5,0,False,
CREBZF,0.011706702411174774,0.0003964420730153272,0.0019011430454427473,0.38308457711442784,6,0,False,
FLCN,0.033163685351610184,0.0003964149884414221,0.0006136152063027346,0.13930348258706468,4,0,False,
MOSMO,0.05297860627373059,0.0003952292413425903,0.00048490117122928627,0.07960199004975124,4,0,False,
ITFG1,0.02028715362151462,0.00039521222070362826,0.0005923496991585872,0.12935323383084577,6,0,False,
CPEB4,0.0142878343661626,0.000395035396662787,0.001855033295836919,0.3383084577114428,6,0,False,
SDE2,0.02249581863482794,0.00039461626994002024,0.0005764793056929144,0.12935323383084577,6,0,False,
CTDSPL,0.034976000587145506,0.00039443289311646404,0.0006362004314435795,0.16417910447761194,4,0,False,
TMEM33,0.014348298311233493,0.000394111050123536,0.0017765808272273208,0.4228855721393035,6,0,False,
TRAF5,0.02978276088833809,0.00039406396977631345,0.00039237099215292754,0.05472636815920398,4,6,False,
CUL1,0.019793841987848282,0.00039398985325180675,0.0009683353844541006,0.3681592039800995,6,0,False,
PPP5C,0.023294411599636078,0.0003934949399348129,0.0006811829494001326,0.21890547263681592,5,0,False,
EZH1,0.030047450214624405,0.0003933274326213162,0.0004657367077407852,0.10945273631840796,4,0,False,
AFF1,0.020696446299552917,0.00039264249699095296,0.0007532002567361978,0.2537313432835821,4,0,False,
DDX54,0.01417445888121921,0.00039243510069159157,0.0017609696128026273,0.4228855721393035,6,0,False,
PPP2R1B,0.03379938627282779,0.0003917228078980523,0.00044578951675104786,0.10945273631840796,4,0,False,
NKIRAS2,0.022283204520742103,0.0003915608995724442,0.00047164032644212637,0.11442786069651742,5,0,False,
MALSU1,0.014140515277783067,0.00039102895074584536,0.0012725778325210256,0.3383084577114428,6,0,False,
RNF2,0.03935035442312558,0.00039092435338331503,0.0004095376316882247,0.07960199004975124,4,0,False,
ATP6V1H,0.016815707087516785,0.0003899983649326221,0.0006596741392424399,0.14925373134328357,6,0,False,
ZDHHC24,0.015486111243565873,0.0003899103407618424,0.0006417853682219117,0.21890547263681592,6,0,False,
HAX1,0.007145809630552891,0.00038962588113826836,0.004113314870900944,0.472636815920398,6,0,False,
RNF10,0.009361781179904938,0.00038925226196295044,0.0018551653329979111,0.373134328358209,6,0,False,
OSBPL9,0.016281219820181547,0.0003884029721097798,0.001370855269922096,0.38308457711442784,6,0,False,
ETFRF1,0.02678193276127179,0.0003881611140353278,0.0004831354463145345,0.1044776119402985,5,0,False,
SAMD8,0.02891712635755539,0.0003875993318602876,0.0004575100304416453,0.0845771144278607,5,0,False,
ZDHHC2,0.05049531534314157,0.00038758773688027316,0.0003789952922530643,0.029850746268656716,3,6,False,
MARCH9,0.04334315781792006,0.0003867420479212656,0.00039119042331000714,0.06467661691542288,2,0,False,
PCIF1,0.0184534452855587,0.00038616413903128663,0.0004722842218768587,0.14925373134328357,5,0,False,
MFF,0.01097076137860617,0.00038614707504858685,0.0013443689561244523,0.31840796019900497,6,0,False,
CEP95,0.019039249668518707,0.0003860549013086573,0.0006326849410276842,0.19900497512437812,5,0,False,
METTL2B,0.021711366871992738,0.0003857639667454477,0.0006908184761562228,0.23880597014925373,6,0,False,
ELP4,0.03533173352479935,0.0003857220572608096,0.0006579255115054824,0.26865671641791045,3,0,False,
ZDHHC9,0.01720561583836873,0.0003856693515239569,0.0009513021219249309,0.3283582089552239,6,0,False,
NAA25,0.024962107340494796,0.000385638998495344,0.0004225604080898402,0.0845771144278607,4,0,False,
RDH10,0.013931597272555024,0.00038556059146536634,0.002932059593863245,0.44776119402985076,6,0,False,
HSF2,0.05317770627637704,0.0003853163716604005,0.0003514052316199932,0.014925373134328358,2,6,False,
NAGK,0.018448856969674438,0.00038486126500560775,0.0007470508574309184,0.2835820895522388,6,0,False,
TIMM9,0.01597300668557486,0.00038447930179877376,0.0009275211780986141,0.3681592039800995,6,0,False,
SGK3,0.025758201877276107,0.00038437777352198825,0.0004369720430544696,0.08955223880597014,5,0,False,
PSMD3,0.009170355896155058,0.00038425608916348506,0.0026413819016996905,0.4626865671641791,6,0,False,
SAMD5,0.0625818396608035,0.0003840628087963334,0.0006041408980267833,0.2537313432835821,2,0,False,
TCEAL9,0.01546323423584306,0.00038396277974373714,0.004497803894329352,0.4626865671641791,6,0,False,
ACAP3,0.04301243896285693,0.0003831376756260775,0.0003710429545062288,0.03482587064676617,2,6,False,
R3HDM1,0.019890074928601564,0.0003826270919102308,0.0006667723828162048,0.208955223880597,6,0,False,
SLC44A1,0.007618501782417297,0.00038255735611417456,0.00650092726574545,0.5024875621890548,6,0,False,
SNW1,0.008607879281044006,0.00038252559239177646,0.003225657809511613,0.4527363184079602,6,0,False,
GARS-DT,0.01827676718433699,0.0003823300014603073,0.0008062420070517227,0.2537313432835821,5,0,False,
LARP4,0.011734428505102784,0.00038155526703434613,0.0020513174602815633,0.4079601990049751,6,0,False,
CRIPT,0.011074801286061614,0.00038086433613569997,0.0008975106800298186,0.2835820895522388,6,0,False,
NAPG,0.01311589280764261,0.00038072593340747913,0.001679055958518849,0.43781094527363185,6,0,False,
TRIP12,0.007507378856341063,0.00038022752115955043,0.0038961555719556162,0.4626865671641791,6,0,False,
DIP2B,0.02232616643110913,0.00037925426400104687,0.0006866421405848522,0.2537313432835821,5,0,False,
ELF1,0.005869656801223755,0.0003789247001244903,0.006308119327963816,0.46766169154228854,6,0,False,
AXIN1,0.022508852183818817,0.0003788333368394128,0.00043776009230671076,0.1044776119402985,5,0,False,
GPCPD1,0.014855107913414628,0.00037877973887327126,0.0011775856467468521,0.36318407960199006,6,0,False,
BCAP29,0.010950855910778046,0.0003781742478498651,0.0018915717075974922,0.36318407960199006,6,0,False,
HIRIP3,0.03239262600739798,0.0003770863272581234,0.0004990228095226329,0.13930348258706468,5,0,False,
YAP1,0.02383691382904847,0.0003762219531039557,0.0007580347101379464,0.3283582089552239,6,0,False,
ATPAF1,0.03063898409406343,0.00037619646241347917,0.0004396303969285056,0.09950248756218906,4,0,False,
CCDC174,0.01814370354016623,0.00037609945133371874,0.0009081795517719734,0.26865671641791045,6,0,False,
SUMO3,0.01059944430987042,0.00037585388396820223,0.0023310338328475103,0.43283582089552236,6,0,False,
MYO19,0.021050979693730668,0.0003756751063788672,0.0006664836868166487,0.22388059701492538,5,0,False,
ELAVL1,0.018022579451402038,0.0003756321956945828,0.0009880358647038428,0.3681592039800995,6,0,False,
BCAT2,0.03854592330753803,0.00037512313918149206,0.00039960262826504897,0.07462686567164178,5,0,False,
ZC3H6,0.03707779323061307,0.00037511703341081037,0.0006776193140406771,0.25870646766169153,4,0,False,
RNF130,0.024753786623477936,0.0003750266004631705,0.0006437979251912537,0.25870646766169153,6,0,False,
TMEM101,0.019654040535291045,0.00037487420997034935,0.00063466109424462,0.24378109452736318,5,0,False,
OTULIN,0.01577761396765709,0.0003743743726401058,0.0008574409144115631,0.2537313432835821,6,0,False,
RAB22A,0.007337282101313264,0.000373702870189574,0.002746024600863876,0.39303482587064675,6,0,False,
CERK,0.030322694530089706,0.00037365877071283217,0.0006613978298230006,0.23383084577114427,4,0,False,
ELOF1,0.016387590517600387,0.00037357554734847304,0.0008483028547631331,0.3383084577114428,6,0,False,
PACS2,0.027662520607312516,0.000373361168691314,0.00038175387333131826,0.05970149253731343,5,0,False,
UTP3,0.023397131512562425,0.0003726692606835396,0.0005683926394477374,0.1791044776119403,5,0,False,
MAPK8,0.02239871025085448,0.00037264688878789666,0.0005108655571848834,0.0945273631840796,6,0,False,
LRRC42,0.032790085921684906,0.00037262770984343175,0.0004540351447801369,0.12437810945273632,5,0,False,
MAGT1,0.014304744700590788,0.0003724233499767147,0.0019734398910917997,0.47761194029850745,6,0,False,
CDK19,0.027715367575486496,0.000372359511056757,0.00042793919709666387,0.0945273631840796,4,0,False,
SDHAF2,0.018925068279107393,0.0003723417541356476,0.0008446573859764583,0.23880597014925373,6,0,False,
IFNAR1,0.009608847399552672,0.00037199967795704253,0.002143314536443089,0.42786069651741293,6,0,False,
CARM1,0.019399397075176225,0.00037185922337198605,0.0007197291781904483,0.2736318407960199,6,0,False,
NXT1,0.010245560357968017,0.00037140793417197353,0.0010883694054090833,0.3383084577114428,6,0,False,
EFHC1,0.03559063126643498,0.00037110000377008133,0.00039208547976823526,0.08955223880597014,4,0,False,
EXOC6,0.019918291519085557,0.000370697265364801,0.0004941840528788264,0.15422885572139303,6,0,False,
MKNK2,0.010689082245031956,0.00037056835176668625,0.002478883643305778,0.3781094527363184,6,0,False,
TMEM41B,0.015268685917059599,0.0003700884101694399,0.0011963322102540677,0.3880597014925373,6,0,False,
ZNF32,0.021230413268009826,0.00036956805264221223,0.00046825059866726157,0.08955223880597014,5,0,False,
ARL16,0.01250159740447998,0.00036943554157122264,0.001118237450781781,0.30845771144278605,6,0,False,
TMEM167B,0.018044379850228637,0.00036938912727802023,0.0006181950750011266,0.2537313432835821,6,0,False,
PDRG1,0.017986678828795746,0.0003693072268469972,0.0005799154419434133,0.1691542288557214,6,0,False,
PPP1R13B,0.01812359814842543,0.0003692902361112116,0.0009212967205695802,0.31343283582089554,4,0,False,
DCP2,0.01826869820555052,0.00036903088724399774,0.0010758743430353758,0.32338308457711445,5,0,False,
TMEM63A,0.008849696566661208,0.00036899695770094146,0.002234038110623015,0.39303482587064675,6,0,False,
TRIB2,0.01655006284515062,0.0003688233971263905,0.0006999163265441384,0.19900497512437812,5,0,False,
DCAF16,0.02610645815730095,0.0003682494070373878,0.0005217551490623496,0.15422885572139303,5,0,False,
DENND11,0.03507592901587486,0.00036728338511382114,0.0005037674619189661,0.1691542288557214,4,0,False,
TPP1,0.017122410237789154,0.00036711336062896253,0.0007206180089117379,0.23880597014925373,6,0,False,
COLGALT1,0.01618364080786705,0.00036710768986753764,0.000849224896827236,0.2736318407960199,5,0,False,
PRPF3,0.017127325137456254,0.0003669561882011459,0.0005470145755371917,0.15920398009950248,6,0,False,
PHKG2,0.017336415747801467,0.0003664636650743522,0.0008680547668053374,0.34328358208955223,5,0,False,
YBEY,0.034523071100314454,0.0003663207355389048,0.0009521998676743796,0.2736318407960199,4,0,False,
PDCD2,0.013772249221801758,0.00036594115931618725,0.001045125900704907,0.32338308457711445,6,0,False,
ANKZF1,0.025255110114812837,0.00036569818220071645,0.000500551909823158,0.14427860696517414,5,0,False,
EIF2B4,0.02376554347574711,0.0003639518406471897,0.0007489693337384102,0.26865671641791045,5,0,False,
AATK,0.02999950821201007,0.0003639291185058933,0.0008845641168977855,0.27860696517412936,4,0,False,
UROS,0.019924428313970566,0.00036375762530031514,0.001138896069608934,0.3482587064676617,6,0,False,
ZC3H4,0.023840822279453278,0.00036371589962082436,0.00042453486638904765,0.0845771144278607,4,0,False,
RILPL2,0.015386536096533135,0.00036345763380121716,0.0008699599825568192,0.24875621890547264,6,0,False,
ORAI1,0.01782748227318126,0.00036335428435457974,0.0005965395436188169,0.263681592039801,6,0,False,
SNHG30,0.021476169427235917,0.00036333120956723574,0.00048602123728158165,0.13930348258706468,5,0,False,
METTL16,0.024874565502007798,0.0003632237065276823,0.0003800677216784475,0.07462686567164178,5,0,False,
PRPS2,0.023762545237938568,0.0003628655900875055,0.0008546060286634816,0.3333333333333333,6,0,False,
GPATCH8,0.01055404543876648,0.0003628211937653105,0.0011636544098478799,0.31840796019900497,6,0,False,
SPART,0.04181887675076723,0.0003625907983818685,0.0004742589560722809,0.12935323383084577,1,0,False,
EPB41,0.012333499888579014,0.0003623512283824484,0.0025921137658756806,0.5124378109452736,6,0,False,
FLOT2,0.031506381928920746,0.0003616660690555568,0.00046719557013694883,0.11442786069651742,6,0,False,
TP53RK,0.013526360193888337,0.00036142389622814534,0.0009273899317869581,0.3283582089552239,6,0,False,
MED31,0.021993315468231828,0.0003612175038628575,0.0006724139950878452,0.16417910447761194,5,0,False,
IAH1,0.011874523013830185,0.00036064598061164347,0.0008121827639681242,0.22885572139303484,6,0,False,
DMAC2L,0.0214135485390822,0.0003605374671861823,0.000538131635334779,0.12935323383084577,6,0,False,
UHRF2,0.024213314056396484,0.00036016454254172406,0.0004385025933167047,0.12437810945273632,5,0,False,
EEF1E1,0.010429543753464998,0.000360142284806362,0.0022074928985127682,0.4626865671641791,6,0,False,
RFFL,0.027923545489708587,0.00036006304058165196,0.0006940693628717413,0.3034825870646766,4,0,False,
MAP1S,0.025368786106506988,0.00035928778498239594,0.000449694801484199,0.11442786069651742,5,0,False,
GAA,0.04309712226192157,0.0003585000463146742,0.00035690307147449635,0.05472636815920398,3,6,False,
KIF1BP,0.026979668686787278,0.00035806118941872,0.000581045317052192,0.23383084577114427,5,0,False,
SRP19,0.0062605241934458045,0.0003577174992592407,0.004769151968796877,0.4427860696517413,6,0,False,
BMP2,0.010721332083145796,0.0003576954937566149,0.002641106951786246,0.46766169154228854,6,0,False,
FOXN3,0.01669793079296744,0.0003574277406020282,0.0012563296094568294,0.3333333333333333,5,0,False,
LRRC41,0.020376496016979218,0.0003573762181144785,0.0005755731893399697,0.24378109452736318,6,0,False,
IL17RE,0.01861407235264778,0.00035732104557872706,0.0009145731029046853,0.263681592039801,5,0,False,
PI4KB,0.0178791508078575,0.00035665500191256146,0.0004890239004769726,0.14427860696517414,6,0,False,
WDR54,0.041484810411930084,0.00035616339769720443,0.00030139763090272065,0.029850746268656716,3,6,False,
UBR4,0.015188290427128465,0.00035616303293024387,0.0007563101726806554,0.25870646766169153,6,0,False,
FLVCR1,0.043346529205640166,0.0003561284379944333,0.00046241896426605093,0.13432835820895522,4,0,False,
NTPCR,0.015756523857514082,0.00035604497588870917,0.0007244904539457152,0.24875621890547264,6,0,False,
UFL1,0.019228282074133518,0.00035570835415845456,0.0012306287604733307,0.38308457711442784,6,0,False,
ACO1,0.02090084801117581,0.00035512462468793925,0.0016448603909286603,0.42786069651741293,6,0,False,
PWP1,0.014223165810108185,0.000354831047563562,0.0014796075455133298,0.43283582089552236,6,0,False,
HNRNPH2,0.012966354688008608,0.0003546753566291649,0.001088397368373011,0.3582089552238806,6,0,False,
DMXL1,0.022827035437027632,0.0003542356263737745,0.0007205386631653137,0.23880597014925373,5,0,False,
ECSIT,0.014985260864098848,0.00035421059091716696,0.0015552837394304155,0.42786069651741293,5,0,False,
C12orf43,0.025011585404475525,0.00035405162572501236,0.0004814507171243172,0.14427860696517414,5,0,False,
ABL1,0.020944740623235703,0.00035401157432160714,0.00047424279323025843,0.14427860696517414,5,0,False,
RABGEF1,0.02276250099142392,0.00035397664679462533,0.00074286871791653,0.31343283582089554,5,0,False,
UBQLN2,0.021628512690464674,0.0003539526243908981,0.000557805858840244,0.18407960199004975,6,0,False,
DRAM2,0.018865447491407394,0.00035358767677633,0.0005248937945440262,0.15920398009950248,6,0,False,
INO80E,0.016446390499671282,0.0003535113231471717,0.0006564038870014384,0.2835820895522388,6,0,False,
RALGAPB,0.015103995800018297,0.00035294922368569787,0.0005788519323281753,0.2537313432835821,6,0,False,
PRPF4,0.027014234413703278,0.00035288354673830205,0.0003711931009298646,0.07462686567164178,5,0,False,
ADAM10,0.00801372031370795,0.00035259422131888034,0.0032924712987505954,0.4527363184079602,6,0,False,
ATN1,0.015888663629690797,0.00035239980895271296,0.0008456088866531898,0.14925373134328357,5,0,False,
KLHL18,0.020105514675378813,0.0003523120382479541,0.0006399503146633574,0.2537313432835821,5,0,False,
KLHL9,0.033754580964644745,0.00035226108458846794,0.0004502976472341541,0.12935323383084577,4,0,False,
OTULINL,0.046466055636604636,0.0003519886081058132,0.0006452933689032294,0.26865671641791045,0,0,False,
SECISBP2L,0.021534221867720277,0.0003514266058455269,0.0007609472939484771,0.27860696517412936,5,0,False,
DNAJB11,0.005555063486099243,0.0003512968233725551,0.006812347634892151,0.48258706467661694,6,0,False,
GRINA,0.011934885134299592,0.0003500538795638046,0.0008565392646473693,0.25870646766169153,6,0,False,
USP5,0.026361058155695602,0.0003499869964994192,0.0005565275415259811,0.22885572139303484,4,0,False,
SART1,0.017107937484979643,0.00034963987444083203,0.0006668661399144324,0.25870646766169153,6,0,False,
PWWP2B,0.03344694152474402,0.00034956049818561066,0.0003912432912811393,0.0845771144278607,4,0,False,
ZNF330,0.023319227000077547,0.00034941523084842225,0.0005091185784990239,0.15422885572139303,5,0,False,
CEP104,0.02345883722106616,0.0003492381587286369,0.00047137143816296424,0.1691542288557214,4,0,False,
UBR1,0.02373102679848671,0.0003490404129513413,0.0005407369993013244,0.15422885572139303,4,0,False,
CCDC137,0.014812006304661451,0.0003488566888587693,0.0011805905689427363,0.31840796019900497,6,0,False,
BRIX1,0.010636842499176652,0.00034878918953147874,0.0014565704604965772,0.4228855721393035,6,0,False,
NTMT1,0.010531365871429443,0.0003486022232258793,0.0014104231739460503,0.3383084577114428,6,0,False,
FAM76A,0.029061098893483475,0.0003485980042284072,0.00042256575750809007,0.08955223880597014,4,0,False,
CDCA7L,0.03262732612589994,0.0003485401361958786,0.000594288895021928,0.25870646766169153,4,0,False,
LRRC8A,0.013504624366760254,0.0003485198953928529,0.0014586456367933316,0.4577114427860697,6,0,False,
MRPS30,0.014955837279558182,0.00034687345713813197,0.0006605211019863391,0.2736318407960199,6,0,False,
BFAR,0.009933243195215852,0.00034672622736128334,0.001787091249249745,0.40298507462686567,6,0,False,
NT5DC1,0.020955835779507964,0.00034656527959545916,0.0007619530225431539,0.29850746268656714,5,0,False,
SDCBP,0.004628191391626957,0.0003465127249143733,0.013822039273795467,0.47761194029850745,6,0,False,
NGDN,0.016240551446874932,0.0003464044482599587,0.00039459815804181576,0.0945273631840796,5,0,False,
ZCCHC8,0.014652470747629792,0.00034635188179369335,0.0007742867152367185,0.31840796019900497,5,0,False,
PPP1R12A,0.006518463293711307,0.0003461316970187068,0.003264857549918964,0.4577114427860697,6,0,False,
NTN4,0.05289854295551778,0.00034606944170737685,0.00048196789083923856,0.15920398009950248,0,0,False,
ZNF407,0.02160617709159851,0.0003457328668454744,0.000861405915292724,0.29850746268656714,5,0,False,
MFN1,0.018125243484973907,0.0003455091258577343,0.0010110859536376488,0.3383084577114428,6,0,False,
MNT,0.01300345485409099,0.0003452998696208407,0.0013003295888293135,0.3781094527363184,4,0,False,
WIPF2,0.01062952478726703,0.00034479212280217534,0.0014743840893679725,0.42786069651741293,6,0,False,
SMARCB1,0.012504289547602326,0.0003445160910769111,0.0013929475678276912,0.35323383084577115,5,0,False,
DOT1L,0.0278770513832569,0.00034377135677048326,0.0006977561223007266,0.263681592039801,5,0,False,
DZIP3,0.06098862985769908,0.0003436246812950814,0.00038743721356747406,0.1044776119402985,2,0,False,
PHF2,0.03648776312669119,0.0003423219772331625,0.0003599847986222607,0.05970149253731343,4,0,False,
KLHDC3,0.02342958375811577,0.0003419974335940011,0.000481155002494881,0.13930348258706468,5,0,False,
ENOPH1,0.022198746601740524,0.00034191747453041427,0.00044394443495697283,0.16417910447761194,5,0,False,
ANAPC7,0.019366242612401635,0.0003410482878593499,0.0006021547924172779,0.21393034825870647,5,0,False,
MED10,0.007220680514971406,0.00034087235507727063,0.002098327193090599,0.4228855721393035,6,0,False,
CD2BP2,0.012894221891959518,0.0003407438470649336,0.0009338154190421226,0.36318407960199006,6,0,False,
CTBS,0.02293552334109944,0.0003404939079436169,0.0006992367001685081,0.19900497512437812,5,0,False,
MYO1C,0.008596388002236666,0.00034024120842647706,0.0031187241320331177,0.43283582089552236,6,0,False,
MLST8,0.019817290206750243,0.0003397634682180278,0.0006839721968747987,0.2537313432835821,6,0,False,
SNRPA,0.012544520199298859,0.0003395758595187014,0.001872832984498139,0.48258706467661694,6,0,False,
CWC27,0.017388708889484406,0.0003391373232203541,0.0007845545085458999,0.29850746268656714,5,0,False,
TXNDC15,0.02149125188589096,0.00033894990151551866,0.0006855494105333396,0.23880597014925373,6,0,False,
KAT7,0.02205506712198259,0.000338935099914707,0.00038498771125605513,0.08955223880597014,4,0,False,
CHKA,0.010852505763371795,0.00033876392800195085,0.0011057303394653773,0.39303482587064675,6,0,False,
DIS3L2,0.021751726667086288,0.0003386593837522209,0.0004227133042676849,0.10945273631840796,5,0,False,
LINC01184,0.0225942867497603,0.0003384177054558449,0.0007616537349159637,0.3283582089552239,5,0,False,
PRR12,0.030110902463396386,0.00033798911062246525,0.0005213565764747031,0.19402985074626866,4,0,False,
MED30,0.015315862993399293,0.0003378927080877354,0.0006338863825323009,0.21890547263681592,6,0,False,
TRIQK,0.021464597433805466,0.0003375487041494332,0.0005286492969149447,0.208955223880597,5,0,False,
ZFPL1,0.013053799668947846,0.0003372239239884737,0.0007590897168598646,0.2935323383084577,6,0,False,
MOK,0.01725474993387857,0.00033708086255376563,0.0006021442316651561,0.19900497512437812,5,0,False,
GFM1,0.01315830647945404,0.00033696969085680303,0.0016698221026219884,0.4228855721393035,6,0,False,
FUBP3,0.019731951256593078,0.0003369638794855932,0.0006394310698433565,0.24378109452736318,5,0,False,
NOP2,0.01788591345151265,0.00033663437482853,0.0005393589549186659,0.208955223880597,5,0,False,
CUL4B,0.02939607699712117,0.00033657923721117837,0.0004914438709430723,0.17412935323383086,5,0,False,
MET,0.010069196422894805,0.0003364468066354064,0.0025722597262628514,0.44776119402985076,6,0,False,
TAF6,0.019022168591618538,0.00033620786512227844,0.0003972029788884351,0.13432835820895522,5,0,False,
MMGT1,0.022393465042114258,0.0003357919611882256,0.0004298177438181723,0.14427860696517414,5,0,False,
RASSF3,0.019124511629343033,0.00033572299681430747,0.0005466872609978699,0.23383084577114427,6,0,False,
PPP6C,0.017940399547417968,0.00033549438487894684,0.0007130656120446522,0.2935323383084577,6,0,False,
OLA1,0.007367680470148741,0.0003352786456440474,0.0035830214485877516,0.4427860696517413,6,0,False,
TMEM109,0.01804382602373758,0.0003350784448892788,0.0006933752268750049,0.31840796019900497,6,0,False,
SPOPL,0.02035965273777643,0.00033443187267095974,0.0005939592602144376,0.19900497512437812,4,0,False,
TPRA1,0.0225181176016728,0.00033442336626747737,0.0004944394840248456,0.1691542288557214,6,0,False,
SHB,0.02077205665409565,0.00033428378778825704,0.0005313558035001457,0.14427860696517414,6,0,False,
RBM7,0.015216859678427397,0.00033421003636739693,0.0009474575621393628,0.3333333333333333,6,0,False,
HYI,0.0168618286649386,0.00033357262510867204,0.0011309726353943435,0.31343283582089554,6,0,False,
HIBCH,0.016772054135799408,0.0003332023392750677,0.0006783615464053479,0.22885572139303484,6,0,False,
RAD54L2,0.028007935111721352,0.00033290082051631674,0.0003512107758587183,0.06965174129353234,4,0,False,
EMC8,0.01392773042122522,0.00033244261180392546,0.0011587635010152364,0.36318407960199006,6,0,False,
NKAPD1,0.015195439259211213,0.00033232858596546247,0.0005956598904770963,0.19900497512437812,5,0,False,
DDX55,0.021462764590978622,0.0003322448312790013,0.0004808852045500809,0.12935323383084577,5,0,False,
DOP1B,0.04431191831827161,0.00033214399961371257,0.0004419684958559401,0.15920398009950248,3,0,False,
ASPSCR1,0.01574072614312172,0.00033203745986092276,0.0006418900191989464,0.23383084577114427,5,0,False,
TTF2,0.01886209286749363,0.00033194185864382936,0.0006287230539627985,0.23880597014925373,4,0,False,
DRG1,0.02000312134623529,0.00033174856620839547,0.0005335783215475537,0.22388059701492538,5,0,False,
C6orf226,0.023671112954616547,0.00033168744596331835,0.0004039889423337375,0.11442786069651742,5,0,False,
PGM3,0.015917455156644195,0.0003311756951931345,0.0017299347273582626,0.47761194029850745,6,0,False,
EAF1,0.027021294459700584,0.000330919700564828,0.00044370512058525865,0.08955223880597014,5,0,False,
PIGQ,0.02801855032642682,0.00033068978185794205,0.0003599227722007403,0.07960199004975124,4,0,False,
EFTUD2,0.017655601104100554,0.00033059345413169304,0.0007993758963000528,0.31343283582089554,5,0,False,
GABPB2,0.02391275266806285,0.0003305133804086673,0.0004586620680036475,0.12437810945273632,4,0,False,
NR2C2AP,0.023548665146032974,0.00033035315140208263,0.00033719674966456746,0.06965174129353234,5,0,False,
EXPH5,0.02708680244783561,0.00033005133251925664,0.0006444283662769032,0.26865671641791045,4,0,False,
NDRG2,0.02622932071487108,0.00032961299192360853,0.0004988686063755822,0.22388059701492538,5,0,False,
RHOQ,0.026000994568069785,0.00032954459704602875,0.0004658457498895593,0.21393034825870647,6,0,False,
ENDOV,0.02430814256270726,0.0003293520561880939,0.0004048742188788936,0.11442786069651742,5,0,False,
CCNK,0.009099575380484254,0.00032820769496353074,0.0026149492612680776,0.4577114427860697,6,0,False,
MRPS17,0.00858921433488527,0.00032772324415672287,0.00178077120585549,0.39303482587064675,6,0,False,
AKAP8,0.01293919856349629,0.0003275926232767629,0.0009521802126240338,0.3383084577114428,6,0,False,
FURIN,0.017997228850921004,0.00032722320961630865,0.0008560269831468792,0.3333333333333333,6,0,False,
VSIG1,0.02290777613719308,0.00032638949959431325,0.004610484525497633,0.4925373134328358,3,0,False,
CA8,0.06445262767374516,0.00032607804286013855,0.00033368228515274405,0.07462686567164178,2,0,False,
BBIP1,0.02399529019991556,0.00032557119052065034,0.000401117959525057,0.12437810945273632,6,0,False,
RAD17,0.024639913191397994,0.0003254141701758336,0.0004829229065383102,0.1791044776119403,4,0,False,
MTMR3,0.028868569682041795,0.000325021060059774,0.0003497745325987715,0.0845771144278607,4,0,False,
GLTP,0.018012460321187973,0.00032494183438140113,0.0008205146255823297,0.31840796019900497,5,0,False,
GNA12,0.02775297065575917,0.00032454827954414274,0.0003938889034632206,0.09950248756218906,5,0,False,
LRIG3,0.025318451225757585,0.0003243380352335449,0.000748370295414772,0.24378109452736318,4,0,False,
PRR34-AS1,0.01800974706808725,0.0003243136808870898,0.0012808810937333269,0.39303482587064675,5,0,False,
C9orf72,0.03058233608802159,0.0003229056249903406,0.0003120138292676004,0.04975124378109453,3,6,False,
HSPA2,0.01860095684727031,0.00032261765309672425,0.0010436669312757368,0.29850746268656714,4,0,False,
MIGA1,0.019293172905842454,0.0003224316938429864,0.000605048022472757,0.22388059701492538,5,0,False,
FBXL18,0.060440331697464,0.0003224136487862332,0.0004501343644245892,0.13930348258706468,1,0,False,
RBMXL1,0.028616959849993392,0.0003216956049134101,0.0003230824148268473,0.06467661691542288,4,0,False,
ZNF688,0.026868492364883423,0.0003214030345394354,0.0006712071332342499,0.2537313432835821,5,0,False,
UGGT1,0.016594869395097106,0.00032127465743714213,0.001328304708969007,0.43283582089552236,5,0,False,
CPSF6,0.01135834554831186,0.0003211659218441209,0.0014298821800957523,0.39303482587064675,6,0,False,
ZNF770,0.022119078785181046,0.0003210687740972342,0.0006094871817000815,0.25870646766169153,4,0,False,
FRA10AC1,0.01504659652709961,0.0003202300161261732,0.0016092679436681746,0.3681592039800995,5,0,False,
CLASRP,0.023227117955684648,0.0003197639815281114,0.00036737764622336643,0.09950248756218906,5,0,False,
CNOT1,0.00736489643653232,0.0003197072112965924,0.003004721602984864,0.417910447761194,6,0,False,
GAR1,0.017601847648620605,0.0003195855882893146,0.0007802322987479574,0.3283582089552239,5,0,False,
FAM136A,0.006036018331845583,0.00031956718835677775,0.005039481214560605,0.46766169154228854,6,0,False,
ERVK3-1,0.009361311793327332,0.0003195219973769276,0.000730285329291732,0.36318407960199006,6,0,False,
PPP1R37,0.034203844144940376,0.00031938675603883956,0.0004275871502885443,0.15920398009950248,5,0,False,
AKR1B1,0.029836151128013938,0.0003191996177317204,0.0003897108376017253,0.10945273631840796,3,0,False,
CDYL,0.012438826262950897,0.0003190262658893374,0.0009584170220035443,0.31343283582089554,6,0,False,
CREM,0.007304448634386063,0.0003183310836376189,0.00522894281404471,0.417910447761194,6,0,False,
RNF138,0.02340382710099219,0.00031727278376463214,0.0006002353806367533,0.24875621890547264,4,0,False,
APOOL,0.020140408227841064,0.00031720956869126833,0.0004126707829072445,0.14925373134328357,6,0,False,
BCL7A,0.03261985008915265,0.00031715061898895085,0.00039236043726937573,0.10945273631840796,4,0,False,
WAC-AS1,0.017934385687112808,0.0003170949584173565,0.0007091437651898608,0.23383084577114427,6,0,False,
LATS1,0.022730336834986986,0.00031700629994435125,0.0004109501253155099,0.17412935323383086,4,0,False,
SLC12A9,0.018393245215217277,0.0003162948638175512,0.000379507882086115,0.0945273631840796,5,0,False,
TPGS1,0.017469576249519975,0.0003161669065570486,0.0006679420140955916,0.20398009950248755,6,0,False,
GFOD2,0.03671543672680856,0.0003159799608351241,0.00033257342715737215,0.07462686567164178,3,0,False,
HINT3,0.024044763296842575,0.00031567181434789707,0.0004494429227567923,0.19900497512437812,5,0,False,
PTPN4,0.019582241773605347,0.0003155428463074279,0.00044894165616462644,0.1691542288557214,4,0,False,
ZDHHC7,0.015177155534426362,0.0003153506634872139,0.0012019211814719892,0.38308457711442784,5,0,False,
RNF20,0.021386678020159394,0.00031514402551577613,0.0007212224669109407,0.3034825870646766,4,0,False,
DCLRE1C,0.021337033559878676,0.00031500783522378495,0.0003396850489746679,0.06467661691542288,5,0,False,
B4GALT3,0.018411195526520416,0.00031460035701238163,0.0006305129202962696,0.15920398009950248,6,0,False,
MARCH8,0.034896201143662126,0.00031459247447357814,0.00033241408880600834,0.07462686567164178,4,0,False,
FAM193A,0.015225481241941452,0.0003145721926854034,0.0005382386128738896,0.18407960199004975,5,0,False,
PBX3,0.05768452460567157,0.00031403894628311696,0.00031134393094389213,0.05472636815920398,1,6,False,
POLR3D,0.02104426920413971,0.0003139302452893725,0.00041966427236059527,0.12437810945273632,6,0,False,
MTHFD1,0.019336967418591172,0.00031375946981945254,0.0009461796612072195,0.3383084577114428,4,0,False,
ANKRD36B,0.02456374031802018,0.0003136507446484062,0.0005509532818128234,0.1691542288557214,3,0,False,
PTPRJ,0.027415058265129744,0.0003136424954126841,0.000482390595447067,0.20398009950248755,4,0,False,
ST5,0.022256350765625627,0.00031335884968131155,0.0006203226081140098,0.24378109452736318,4,0,False,
ZDHHC13,0.027424865712722138,0.00031292194942727743,0.00043486054387754903,0.14427860696517414,5,0,False,
NCOA6,0.013051234185695648,0.0003128251985901816,0.0009197404976311017,0.3333333333333333,6,0,False,
SLC25A32,0.022267506768306092,0.00031271598811406727,0.00032651188201817164,0.06467661691542288,6,0,False,
CLK4,0.019523927321036652,0.0003125249999100171,0.0003194515414470113,0.06467661691542288,5,0,False,
SGCB,0.028928734362125397,0.0003124022252053005,0.00039231742896880546,0.1044776119402985,5,0,False,
TMUB2,0.016778076688448593,0.0003121441625860416,0.0005571645386249473,0.21393034825870647,5,0,False,
BACE1,0.07899208863576254,0.0003117510899527308,0.00027429899267745794,0.009950248756218905,0,6,False,
PRKD3,0.026582898572087288,0.0003116843693306725,0.0003941566646448079,0.15920398009950248,4,0,False,
ARHGAP10,0.04899854430307944,0.0003116427479898048,0.00032076535066704877,0.0845771144278607,1,0,False,
GARS,0.009132906794548035,0.0003107739760173557,0.0033151681639634273,0.46766169154228854,6,0,False,
PLEKHM1,0.022093916311860085,0.00031060423044968876,0.00033532057745563096,0.07462686567164178,5,0,False,
SIN3B,0.014077239980300263,0.00031057835848405195,0.0005117437068944924,0.13432835820895522,5,0,False,
NFYC,0.024907746662696198,0.0003105126538799045,0.00039955578136980545,0.16417910447761194,4,0,False,
POLR2B,0.010724355777104705,0.00031027491818729847,0.0011006666387036257,0.373134328358209,6,0,False,
TRNAU1AP,0.01656369244058925,0.00030995210607459746,0.0006550346427510559,0.2537313432835821,5,0,False,
TM9SF4,0.01222472389539081,0.00030928738859016904,0.000912175262155201,0.3383084577114428,6,0,False,
BCOR,0.022993169724941254,0.0003091374797659466,0.0003340553653266748,0.08955223880597014,4,0,False,
CMTM4,0.034567296504974365,0.0003090755946441449,0.0006063911314887084,0.263681592039801,4,0,False,
DIP2A,0.01481322447458902,0.0003088720034641453,0.0010554091119788862,0.3283582089552239,5,0,False,
RAB11FIP2,0.030553605407476425,0.0003081224311049619,0.00045271367936109146,0.19900497512437812,4,0,False,
HMG20B,0.012130809326966613,0.0003081170280355435,0.0013411431504993861,0.3781094527363184,6,0,False,
ACACA,0.020143525054057435,0.0003080906839138855,0.0005732574670587631,0.22388059701492538,5,0,False,
ERG28,0.012016070385773986,0.0003080874478746618,0.0011390790164543293,0.3880597014925373,6,0,False,
KIFAP3,0.027901165187358842,0.00030804530243318587,0.0005449828278655272,0.19402985074626866,4,0,False,
PRCC,0.014542082945505769,0.0003078428538850741,0.0009916603828206327,0.373134328358209,6,0,False,
NAF1,0.026942674070596695,0.0003076406559506442,0.0003790886014077469,0.12935323383084577,4,0,False,
KIF22,0.015700941284497588,0.00030757230802336277,0.000591934823978625,0.22388059701492538,6,0,False,
NEPRO,0.021395718057950333,0.00030706149420778306,0.00036109273605033996,0.10945273631840796,5,0,False,
ZNF507,0.02488131696979204,0.00030706094687691987,0.00047246044473890235,0.208955223880597,4,0,False,
QTRT1,0.015636658295989023,0.00030699602753968096,0.0006247738923406715,0.208955223880597,5,0,False,
ZNF410,0.023198922475179046,0.0003065632342986876,0.00039880485262043226,0.0945273631840796,5,0,False,
THUMPD3,0.014114523927370726,0.0003064371479117907,0.0008751359194887862,0.35323383084577115,6,0,False,
FRY,0.06334589421749115,0.00030634229434914036,0.00047167110803506365,0.14427860696517414,1,0,False,
EMG1,0.012066603948672594,0.0003063418261527233,0.000978677028438821,0.3283582089552239,6,0,False,
HNRNPUL2,0.007987986008326231,0.0003056824557161931,0.003602358921097626,0.472636815920398,6,0,False,
KATNBL1,0.010145525137583405,0.0003054387427272044,0.0012414788148709362,0.3781094527363184,6,0,False,
TRPM7,0.019415033360322326,0.00030532721177906985,0.0007528810596409656,0.30845771144278605,4,0,False,
FZD3,0.041720521325866386,0.0003047810024327523,0.0004163817802955114,0.1691542288557214,3,0,False,
GAPVD1,0.011397399008274078,0.00030435198797124454,0.0007473413717448669,0.3283582089552239,6,0,False,
ARHGAP1,0.017863288521766663,0.00030429929467073135,0.0006863952223101072,0.2885572139303483,6,0,False,
ITPRID2,0.005780741572380066,0.0003042512672806099,0.005779774941781723,0.48258706467661694,6,0,False,
RNGTT,0.02129855069021383,0.0003040714505116531,0.00039165095057874626,0.11940298507462686,4,0,False,
MRPS2,0.01679877812663713,0.0003034879483662594,0.000957151172320225,0.3681592039800995,6,0,False,
ZNF394,0.009848169982433319,0.00030339129591091927,0.0007766978080722323,0.2736318407960199,6,0,False,
SPRYD3,0.030172331879536315,0.0003032694810164508,0.0003766168643143241,0.19402985074626866,4,0,False,
XAB2,0.031478362778822586,0.00030232609987010134,0.00035065681049811456,0.08955223880597014,4,0,False,
SGMS1,0.017233045150836318,0.00030205059911688495,0.0007496559878934331,0.29850746268656714,5,0,False,
TMTC2,0.02658780664205551,0.0003019908885967198,0.00044583392488311337,0.1791044776119403,4,0,False,
MPZL2,0.018743957082430512,0.0003019557802254099,0.0013456781284076306,0.47761194029850745,6,0,False,
SORT1,0.026315931230783463,0.00030186024559156405,0.0006198344434480028,0.2935323383084577,5,0,False,
WBP1,0.022775533298651382,0.0003018478919358936,0.00041540705257296976,0.15422885572139303,5,0,False,
DCUN1D3,0.03826186433434487,0.00030157439528726753,0.0004929074936692748,0.14925373134328357,3,0,False,
PIKFYVE,0.023013483732938766,0.000300698740512219,0.00043772573953706107,0.16417910447761194,4,0,False,
H6PD,0.024035092443227768,0.00030058051282980455,0.0005600788152580436,0.21393034825870647,5,0,False,
SLC30A7,0.01569979637861252,0.00030034383058464295,0.0014411576686123918,0.4427860696517413,6,0,False,
MZT1,0.014032226055860506,0.0003003375281660594,0.0005070757029135355,0.26865671641791045,6,0,False,
NUP54,0.018605923901001603,0.00030005498247809797,0.0005029394181202896,0.208955223880597,5,0,False,
PAK1IP1,0.014159550269444779,0.0002998843539236616,0.0005949365483638718,0.25870646766169153,6,0,False,
SUGT1,0.004986032843589783,0.00029980500467459415,0.0051525224816623685,0.5323383084577115,6,0,False,
CTDSP2,0.013824621836344392,0.0002997745874203765,0.00046327672815187353,0.15920398009950248,6,0,False,
AKNA,0.0258842371404171,0.00029970248898849547,0.0004419880894526207,0.13432835820895522,4,0,False,
FAAH,0.027760939051707595,0.0002996108381614537,0.00033617949039393074,0.1044776119402985,4,0,False,
DHRS4L2,0.015712165584166826,0.0002994539681036361,0.0011982520484211249,0.3781094527363184,5,0,False,
SMC2,0.018240333845218004,0.0002988978638958795,0.0011377453480415148,0.34328358208955223,5,0,False,
GPN2,0.01946326717734337,0.0002988496319263963,0.0004241671792228089,0.14427860696517414,4,0,False,
DNAJB12,0.009380802512168884,0.00029866264118351285,0.00059794024559745,0.31840796019900497,6,0,False,
PSMG1,0.01877019554376602,0.00029850966323818776,0.0005902088467593392,0.263681592039801,6,0,False,
GLA,0.015681870902578027,0.0002977546478565916,0.0008806492598441976,0.2537313432835821,6,0,False,
ZDHHC14,0.0295614277323087,0.00029746437011901746,0.000372419697595738,0.09950248756218906,4,0,False,
TXNRD2,0.027593269323309272,0.00029739096546721336,0.0004127850224467246,0.12437810945273632,3,0,False,
DBR1,0.03165829926729202,0.0002970241931547254,0.00046359850508882153,0.11940298507462686,3,0,False,
SEC24D,0.020250417292118073,0.0002970153836066923,0.0013769265367600965,0.4577114427860697,6,0,False,
SPINT1-AS1,0.013583737115065248,0.00029687141448126993,0.0008250582076299338,0.31343283582089554,6,0,False,
SDR39U1,0.02844960118333499,0.00029686825076499746,0.00037042952620238443,0.12437810945273632,5,0,False,
CRIM1,0.012418522189060852,0.00029676682001752026,0.0008724787084318678,0.3283582089552239,6,0,False,
TRAPPC9,0.017800770079096154,0.0002965642120262606,0.00045275315614261275,0.17412935323383086,4,0,False,
NAIP,0.046244956552982316,0.00029645648981831314,0.00032494383035575985,0.0845771144278607,1,0,False,
SLC39A11,0.022024624049663544,0.00029622993359725046,0.000876917984661328,0.3781094527363184,5,0,False,
RECQL,0.015847019851207733,0.0002951869425389967,0.0007434053677776804,0.25870646766169153,5,0,False,
TCTEX1D2,0.029342694828907653,0.0002941846264317425,0.0003664801142878881,0.11940298507462686,4,0,False,
ETV6,0.009796845416227967,0.0002941739985014445,0.0014875542966878107,0.4129353233830846,6,0,False,
TAB2,0.020641926676034927,0.00029410534688639517,0.0005152684754235951,0.24378109452736318,4,0,False,
SMPD1,0.036909201492865876,0.0002938632444155587,0.00035247383989696525,0.11940298507462686,2,0,False,
PFDN4,0.006041973829269409,0.00029385203802071173,0.0022055490491870973,0.44776119402985076,6,0,False,
C2CD4B,0.017184083660443633,0.0002938514036601809,0.0019561706568816074,0.3681592039800995,3,0,False,
PDCD11,0.01698203260699907,0.0002935395020142559,0.0010066458595989966,0.34328358208955223,5,0,False,
RBBP5,0.0209970586001873,0.00029352054226379335,0.0003343809350060786,0.10945273631840796,5,0,False,
DEXI,0.022533851365248367,0.00029307789733500804,0.00043454737929291345,0.16417910447761194,6,0,False,
TRAPPC8,0.023156130065520614,0.0002929544213599077,0.00036318747300063226,0.12437810945273632,4,0,False,
RPF1,0.012944315870602935,0.000292890923961485,0.0012158450543092818,0.3781094527363184,6,0,False,
STAM,0.018310540666182845,0.0002928368935439689,0.00047999084719549547,0.22885572139303484,5,0,False,
PES1,0.017342166354258864,0.00029228125501704576,0.0006602336690682039,0.2835820895522388,5,0,False,
DMAP1,0.019941425571839005,0.00029177675837851623,0.00044312953290769525,0.18407960199004975,5,0,False,
SHC1,0.009700345496336624,0.0002917140727853427,0.0012648915117428289,0.4228855721393035,6,0,False,
XPOT,0.016835784539580345,0.000291582286868078,0.0006226249325720276,0.25870646766169153,5,0,False,
RGP1,0.02341963723301886,0.00029155013868919697,0.00042822461571764294,0.15422885572139303,5,0,False,
MBD5,0.016501748313506426,0.0002907053243201421,0.0004251199033205066,0.13930348258706468,5,0,False,
B4GALNT3,0.023333800335725158,0.0002904553942821396,0.0009306124609212175,0.3781094527363184,4,0,False,
RB1,0.008062291890382767,0.00029028423570273074,0.0018476928733483489,0.4427860696517413,6,0,False,
USP4,0.019916813820600524,0.00028942270182125504,0.00039671818243179347,0.1791044776119403,5,0,False,
MSANTD3,0.022231529156366975,0.0002893235828826978,0.00042192199822546487,0.12935323383084577,6,0,False,
FOPNL,0.01890694350004196,0.0002892630443040277,0.0003597571490133895,0.14925373134328357,4,0,False,
LAS1L,0.018935880313316986,0.0002890782593851561,0.0005153024373920834,0.24378109452736318,6,0,False,
RNF168,0.011206001043319702,0.00028868506666639474,0.0007722980402738338,0.3333333333333333,6,0,False,
SH3BGRL,0.007436921199162783,0.00028864610721386,0.00251310024453845,0.43283582089552236,6,0,False,
TFCP2L1,0.027890991419553757,0.00028854763995607256,0.0007728122678009477,0.38308457711442784,3,0,False,
AASS,0.04040529578924179,0.0002884669307315655,0.00032221781038216835,0.0945273631840796,2,0,False,
YEATS4,0.01947736864288649,0.00028703572953383107,0.0005088633378770197,0.24875621890547264,5,0,False,
TMA16,0.013015317420164735,0.0002869700421793929,0.0009853283099786195,0.3582089552238806,6,0,False,
PHF21A,0.028557535260915756,0.00028671118668675594,0.00034113942383372204,0.1691542288557214,2,0,False,
LRP11,0.028336075445016234,0.0002867042337275205,0.0004898293218962756,0.21393034825870647,5,0,False,
ADSL,0.015356288601954787,0.0002865747567998342,0.0007479579438440839,0.373134328358209,6,0,False,
MFSD14B,0.02300740778446199,0.00028652356357625013,0.00047240672392332816,0.23880597014925373,5,0,False,
NUP188,0.022681926687558487,0.0002862392830107977,0.0004008108385112965,0.13930348258706468,5,0,False,
GET3,0.00852965066830319,0.0002857969198998641,0.002120693436024557,0.4427860696517413,6,0,False,
SLC39A10,0.017133601009845734,0.000285637000490173,0.0007289811680342213,0.2835820895522388,6,0,False,
NELFA,0.022643366207679108,0.00028563242759195074,0.0003204656347546037,0.08955223880597014,5,0,False,
PIGM,0.03353504526118438,0.00028532733661052855,0.0002493173525295283,0.03482587064676617,3,6,False,
C15orf61,0.013536021113395691,0.0002850501731844937,0.0005255653035167921,0.24378109452736318,6,0,False,
UTP14A,0.013293399165074021,0.0002849151355136501,0.0008772702790165976,0.32338308457711445,6,0,False,
PFKFB2,0.01838491732875505,0.0002849100340480155,0.0007908096347389235,0.2885572139303483,5,0,False,
TSNAX,0.010586512585481017,0.0002848087402682523,0.0009283228246894255,0.36318407960199006,6,0,False,
CGGBP1,0.008246185878912626,0.0002845063517631544,0.001602555736977989,0.4577114427860697,6,0,False,
BEND7,0.024124212563037872,0.00028444131387573847,0.0008255705913047038,0.31840796019900497,4,0,False,
NOL12,0.01677930355072023,0.0002844090361519648,0.0005145626300725578,0.22388059701492538,6,0,False,
LYAR,0.012188551326592773,0.00028411902801130963,0.0011810979613199922,0.34328358208955223,6,0,False,
EXOC4,0.01062454531590143,0.00028275757133402503,0.0008455802297620093,0.3333333333333333,6,0,False,
MROH1,0.008987559626499803,0.00028227451500367816,0.000916039248405347,0.3482587064676617,5,0,False,
ARL8A,0.013265361388524369,0.0002822576490394221,0.0006736149212511267,0.208955223880597,6,0,False,
ABTB1,0.016107600182294846,0.0002815928848249888,0.0004303953825732746,0.17412935323383086,5,0,False,
CCDC91,0.01329768200715381,0.0002815708549370159,0.0006392313297953631,0.2885572139303483,6,0,False,
PAK4,0.01892015462120375,0.0002815241183122016,0.00047136054839752844,0.1890547263681592,6,0,False,
STK3,0.011235454430182784,0.000281499771623377,0.0004297828358418898,0.16417910447761194,6,0,False,
THADA,0.01870812786122164,0.0002814682844488194,0.0003623411621480028,0.11442786069651742,4,0,False,
CNOT3,0.015266610930363328,0.0002814513662298979,0.0006350243110044027,0.22885572139303484,6,0,False,
SLC35C2,0.009439829736948013,0.00028138607114604213,0.0010031025075523062,0.3333333333333333,6,0,False,
TRIM56,0.007473473747571346,0.00028105969625546177,0.0016349232995171744,0.40298507462686567,6,0,False,
GUSB,0.011775940656661987,0.00028096270060477303,0.0013292801030740232,0.417910447761194,6,0,False,
GXYLT1,0.03144801904757817,0.0002807633635186531,0.00040175507719040316,0.14925373134328357,4,0,False,
GNL3L,0.009449931482474028,0.0002805807856767395,0.0016666662530466032,0.42786069651741293,6,0,False,
TMEM170A,0.01315779983997345,0.0002805098385289251,0.0005455320912437548,0.1791044776119403,6,0,False,
RPIA,0.014489054679870605,0.000280437274395516,0.0008025901652567661,0.417910447761194,6,0,False,
NCOA1,0.01229635626077652,0.000280417605782708,0.0008799251053735642,0.32338308457711445,6,0,False,
LSM14B,0.018369603902101517,0.0002798401633790574,0.0005295333244755241,0.22885572139303484,4,0,False,
RAE1,0.01268382867177327,0.00027976547766421256,0.00039685447234710607,0.19402985074626866,6,0,False,
RUSC1,0.009617512424786895,0.0002794391373665276,0.0010596724496037572,0.3582089552238806,6,0,False,
POU2F1,0.014236542085806547,0.00027933828496401643,0.0006803134030011566,0.26865671641791045,5,0,False,
NUDCD2,0.009551972150802612,0.00027932077233265725,0.0015621188848686837,0.3582089552238806,6,0,False,
PI4KA,0.021067760884761824,0.0002791869367621395,0.00035013232047204264,0.07960199004975124,5,0,False,
STARD7,0.007546119391918182,0.00027901471099689055,0.0025646025517228575,0.46766169154228854,6,0,False,
EZH2,0.015664346516132355,0.0002785250619686615,0.001033616369047537,0.35323383084577115,5,0,False,
AC008124.1,0.02799512383838494,0.00027849074538758667,0.00035163134345242805,0.16417910447761194,4,0,False,
RIT1,0.012948092073202133,0.0002778964919401179,0.0006023240185075822,0.30845771144278605,6,0,False,
ZBTB38,0.009563003977139772,0.0002778127883514944,0.0012824548035589634,0.4228855721393035,6,0,False,
HCFC2,0.04031943964461486,0.0002772270067518754,0.00040101252174520413,0.1691542288557214,2,0,False,
ZNF83,0.020562106743454933,0.00027722578647264095,0.0004948795596115538,0.1791044776119403,4,0,False,
TMEM203,0.01835642009973526,0.0002770430887427646,0.0005298146638823193,0.208955223880597,6,0,False,
COG5,0.021710728605588273,0.000276479316532769,0.00039763818997512446,0.12935323383084577,4,0,False,
HMCES,0.01841709017753601,0.00027635778291830215,0.0004031648166657638,0.14925373134328357,5,0,False,
RP9,0.022974827016393348,0.00027626134165741246,0.00038019836573587344,0.13432835820895522,5,0,False,
MAP2K4,0.023297689855098738,0.00027608173735745495,0.00038399080387174794,0.11442786069651742,5,0,False,
STX8,0.012645348906517029,0.0002758835850578612,0.0005701647814032298,0.23383084577114427,6,0,False,
STEAP2,0.029079314942161247,0.0002758312148721843,0.0003591356844402308,0.13432835820895522,4,0,False,
FUT9,0.12517655765016872,0.0002753391938572431,0.000328119493023358,0.11442786069651742,1,0,False,
SAMD12,0.01129815975824991,0.00027513417655626403,0.0016428596407047672,0.4577114427860697,6,0,False,
KLF16,0.019870343307654068,0.00027508203637714853,0.0007889834274437596,0.31840796019900497,5,0,False,
ELAC2,0.015862057606379182,0.0002746701655945757,0.0008142179013676462,0.3482587064676617,5,0,False,
LARP4B,0.009511962532997104,0.0002745313484815631,0.0020930558480752245,0.40298507462686567,6,0,False,
RPARP-AS1,0.05636096249024074,0.0002742569753349971,0.00026304929198211937,0.01990049751243781,3,6,False,
SLC18B1,0.02978262056907019,0.00027378799486100364,0.00033685060877983847,0.1044776119402985,4,0,False,
PNPT1,0.011195118228594453,0.0002737393166471244,0.0011924696902121076,0.3333333333333333,6,0,False,
MTERF2,0.03653876110911369,0.0002735319623306824,0.0002523740934918207,0.04477611940298507,3,6,False,
ANKRD49,0.01708834494153659,0.0002731314419189819,0.000570812487051761,0.24378109452736318,5,0,False,
MED24,0.02034660056233406,0.00027268750441392537,0.0010053284649109895,0.417910447761194,4,0,False,
TBC1D23,0.014730468392372131,0.0002720803594042586,0.00041589520690989,0.18407960199004975,6,0,False,
NAPA,0.006606477002302824,0.0002718000188235807,0.003825048913071443,0.48756218905472637,6,0,False,
PSMD10,0.017616399874289826,0.00027178384614786493,0.00032969864513693336,0.08955223880597014,6,0,False,
MVB12A,0.007928000142176928,0.0002711431423778564,0.0020989989487396003,0.4626865671641791,6,0,False,
AP1AR,0.010858527074257524,0.0002710743629057,0.0016239323356075604,0.42786069651741293,5,0,False,
MARK2,0.010535200436909975,0.00027044401554176926,0.001043615593390302,0.3781094527363184,6,0,False,
RETREG3,0.0199293966094653,0.00027019347142613804,0.0003711731291392189,0.11940298507462686,5,0,False,
OTUD7B,0.014518755177656828,0.00027007997660874304,0.00041391630332079823,0.1691542288557214,5,0,False,
AATF,0.008517997960249601,0.00026977953874485314,0.0012308885770315502,0.4577114427860697,6,0,False,
SVIL,0.011063020676374422,0.00026966862326943854,0.0012004435334828627,0.38308457711442784,6,0,False,
RARS2,0.01740282028913498,0.00026941669925583707,0.00048204332274020477,0.24378109452736318,6,0,False,
RC3H2,0.015374915053447097,0.0002690973792788905,0.0006345332120352062,0.3283582089552239,5,0,False,
NCBP1,0.022078732649485275,0.0002685295649450338,0.0005362151375597481,0.21890547263681592,4,0,False,
ACTL6A,0.010623411585887282,0.0002684625090816663,0.001058023633203803,0.3781094527363184,6,0,False,
CTDSP1,0.011541170378526061,0.0002680171313352809,0.0011379422184964265,0.39303482587064675,6,0,False,
LMNB2,0.023075386881828322,0.00026797942451169175,0.0007046286889926466,0.30845771144278605,4,0,False,
TSPAN17,0.026490286613504083,0.00026742400120937423,0.00029843869529830997,0.07960199004975124,3,0,False,
TBCC,0.012383895615736634,0.0002674221289437351,0.0010394625096554666,0.3880597014925373,6,0,False,
NIPSNAP3A,0.018164929002523422,0.00026738502334418393,0.00038948011295254363,0.17412935323383086,4,0,False,
GAST,1.3214170907934508,0.0002672972207181553,0.0002652761940092028,0.04975124378109453,1,6,False,
RDH14,0.016302517304817854,0.00026715973199970135,0.0008206588792906396,0.3034825870646766,6,0,False,
IGF2BP2,0.01058409114678699,0.0002669830095007784,0.0016377458343091987,0.4427860696517413,6,0,False,
NPIPB15,0.04461138074596724,0.0002668464244349685,0.0004343643912953055,0.1044776119402985,2,0,False,
RUVBL2,0.00844980279604593,0.00026648576916275726,0.0019189254254106457,0.4427860696517413,6,0,False,
WASHC4,0.01239717130859691,0.0002664018218531179,0.00047164611198214837,0.23383084577114427,5,0,False,
ATG4B,0.011698452134927095,0.0002662270762715347,0.0010387443319500348,0.2935323383084577,6,0,False,
GNPAT,0.013246032098929078,0.0002660397230940932,0.0004660456732779993,0.18407960199004975,6,0,False,
NECTIN2,0.004362128674983978,0.0002658334426901062,0.005969773734473974,0.48756218905472637,6,0,False,
TOLLIP,0.013901727894941956,0.00026574923634996154,0.0005986552558600978,0.3034825870646766,5,0,False,
CARS2,0.01272210975488025,0.00026554964464228347,0.0008865249267434478,0.373134328358209,6,0,False,
DELE1,0.02189662307500838,0.0002650474932369427,0.0003344359226522989,0.11442786069651742,5,0,False,
KIF12,0.03833263553678988,0.00026444760765729504,0.0003320789934988664,0.12437810945273632,2,0,False,
MAU2,0.022043002148469285,0.0002642484958722221,0.0002907734586418807,0.09950248756218906,4,0,False,
CMTR2,0.017904748519261673,0.0002641730528561765,0.0003954224594445161,0.1044776119402985,5,0,False,
AP1S3,0.015767089401682213,0.00026410883289946987,0.0008668129480599335,0.373134328358209,6,0,False,
ZNF3,0.01862879345814386,0.00026403451944041637,0.0003440644547617114,0.12437810945273632,5,0,False,
SH3RF2,0.018067017818490655,0.0002639998949227622,0.0011077715207480638,0.39303482587064675,4,0,False,
TPP2,0.010887804130713163,0.00026351219098032664,0.0010327302052040863,0.4079601990049751,6,0,False,
PTRHD1,0.006850431362787901,0.00026326615200644385,0.0027859658442853977,0.4626865671641791,6,0,False,
DRG2,0.017372651646534606,0.0002632228293931446,0.0004335495823907374,0.20398009950248755,6,0,False,
PRKRA,0.012162630756696075,0.0002631455357741707,0.0006000702270496361,0.22388059701492538,5,0,False,
MARF1,0.013950018833080918,0.00026276001587776705,0.0006812834957460669,0.3383084577114428,5,0,False,
LAMTOR3,0.011490439375241607,0.00026242838738674555,0.0010370072633558236,0.36318407960199006,6,0,False,
C2CD5,0.02527563770612079,0.000262304675816024,0.0004673454202080993,0.21890547263681592,4,0,False,
WASHC2A,0.013777239869038255,0.0002618295843503399,0.0007774421335921692,0.32338308457711445,5,0,False,
WASHC1,0.010869720329840987,0.0002616400207737954,0.0007101120092103774,0.31343283582089554,5,0,False,
SBNO2,0.01487511396408081,0.0002609852966288989,0.0008465951783797034,0.31840796019900497,6,0,False,
SMCR8,0.026583021506667137,0.0002606171899270718,0.0003257734040233856,0.12437810945273632,4,0,False,
ZC3H7B,0.014512604723374053,0.00026043173011711064,0.0006359514989664886,0.31840796019900497,5,0,False,
FAM98B,0.018551891048749297,0.0002599514470942038,0.0005486712490810812,0.32338308457711445,4,0,False,
TMEM41A,0.009029836704333633,0.0002594575022832153,0.002114705057224739,0.4129353233830846,6,0,False,
GPALPP1,0.02249760801593463,0.00025900944660669367,0.0004561856354603595,0.22885572139303484,4,0,False,
LRRC57,0.01994353284438452,0.0002589868461851183,0.0003002974415608296,0.12935323383084577,4,0,False,
THEM4,0.017359479020039245,0.00025897570043634444,0.0005128401832209169,0.17412935323383086,6,0,False,
DTWD1,0.018034242093563094,0.00025882939087527304,0.0005709229348340004,0.263681592039801,5,0,False,
BLZF1,0.011126010368267686,0.0002586100497700087,0.001415384674096587,0.417910447761194,5,0,False,
IRGQ,0.023274213075637804,0.0002585561703556555,0.00028285535403272234,0.07960199004975124,4,0,False,
KLHL24,0.009271621704101562,0.00025806608489552306,0.001083600161258306,0.35323383084577115,6,0,False,
RBM19,0.02185627197225888,0.00025800004622950594,0.0002713404274318211,0.07960199004975124,4,0,False,
B3GNT2,0.012705973039070756,0.0002579562783789937,0.0012330959204463413,0.3781094527363184,6,0,False,
NLRC5,0.010444348367551967,0.0002575341043638786,0.0014024193518071316,0.39800995024875624,5,0,False,
ITGAE,0.010657037297884614,0.0002571861226560394,0.0008255830611452133,0.2835820895522388,6,0,False,
CADPS,0.060284215956926374,0.00025664007770904757,0.00043183000621829017,0.27860696517412936,2,0,False,
PIGF,0.014601465314626694,0.00025625951054264397,0.0004480471528219718,0.15920398009950248,5,0,False,
PRKACA,0.018117879827817276,0.00025624340909511956,0.00045229231885530563,0.20398009950248755,5,0,False,
ZNF787,0.016671163340409606,0.00025619020168285206,0.0006618416542880512,0.31840796019900497,5,0,False,
BRWD3,0.01628422985474269,0.00025578292114286107,0.0005112849774647793,0.23880597014925373,4,0,False,
SPPL2B,0.013216234743595151,0.0002556743079830565,0.0007954128213498822,0.26865671641791045,4,0,False,
FAM217B,0.023027631143728897,0.00025526054875619434,0.0005171526634469505,0.23880597014925373,4,0,False,
SYDE2,0.027545734619100884,0.00025499139587171446,0.00040002052094236505,0.17412935323383086,4,0,False,
SYK,0.022308167070150375,0.00025482673243638876,0.0007490635355893516,0.3383084577114428,4,0,False,
MFAP1,0.011669387420018495,0.0002544423341161163,0.0012323810767397678,0.39303482587064675,6,0,False,
SNRNP48,0.013057354837656021,0.0002532083659263964,0.0003944298837276288,0.1691542288557214,5,0,False,
UBE2W,0.01630782087643942,0.000252993601077228,0.00042285626296417343,0.19900497512437812,6,0,False,
GPX2,0.0016508201758066443,0.0002529717334836703,0.06604778525457866,0.46766169154228854,6,0,False,
C22orf39,0.012881293892860413,0.00025295035232426747,0.0005713169750931088,0.2537313432835821,6,0,False,
ZYG11B,0.021295744925737395,0.00025256114139070535,0.00037189252225368043,0.19402985074626866,4,0,False,
DENND4C,0.013123432795206696,0.0002525480890886062,0.0007921554963492791,0.36318407960199006,5,0,False,
AMACR,0.03854215765992801,0.0002523831300786063,0.000257522525139457,0.06467661691542288,3,0,False,
ATG13,0.017817335824171707,0.0002522365674963095,0.0005275431772738497,0.31840796019900497,5,0,False,
ABCC1,0.014823324978351593,0.000251924800525254,0.0005932455794991692,0.2935323383084577,4,0,False,
EMC4,0.007115239898363712,0.0002506046455411316,0.001798135249654399,0.44776119402985076,6,0,False,
RBM12B,0.02118661751349768,0.0002500832628344207,0.0004075017519189681,0.22388059701492538,4,0,False,
MTRF1L,0.018447930614153535,0.0002500388666284144,0.0005540152773967388,0.22388059701492538,5,0,False,
DUSP18,0.020682470252116517,0.0002498142332043524,0.00028086218271899173,0.0845771144278607,4,0,False,
FAM221A,0.02205142254630725,0.00024946448542534334,0.00043156531550138865,0.18407960199004975,4,0,False,
PHF12,0.017453407247861236,0.00024926063647354537,0.0004563444658308803,0.2885572139303483,4,0,False,
SFXN4,0.015237443769971534,0.0002486797900786183,0.00048520212186579996,0.22885572139303484,5,0,False,
NFX1,0.0163570779065291,0.0002481306386902742,0.0005547401432804829,0.22885572139303484,6,0,False,
TYW1,0.015282951916257545,0.000247100915170622,0.000379968674979078,0.13432835820895522,5,0,False,
ZFAND2B,0.011129101117451995,0.0002470986360569702,0.0009082746065461609,0.3283582089552239,6,0,False,
ASNSD1,0.020088214427232742,0.0002467421742062349,0.0002603204304510423,0.06467661691542288,5,0,False,
NCAPH2,0.01958472530047098,0.00024671888311812707,0.0003449557994387335,0.16417910447761194,4,0,False,
PKDCC,0.012896160284678146,0.00024648609823630334,0.0008285717649508603,0.263681592039801,5,0,False,
CASD1,0.035782404243946075,0.0002460331334960189,0.00029461815679207066,0.14925373134328357,2,0,False,
EIF2AK3,0.024862051010131836,0.0002459659325671777,0.0006690145512035221,0.35323383084577115,4,0,False,
KIAA0930,0.02540074661374092,0.00024589411191897515,0.0002808236631149033,0.07462686567164178,4,0,False,
ITPR3,0.006516069173812866,0.00024574359299742437,0.003445726854186215,0.4626865671641791,6,0,False,
TNIP2,0.008034097651640593,0.00024534882976591217,0.0016862697424518288,0.3482587064676617,6,0,False,
ZDHHC17,0.024180492386221886,0.00024491454163581014,0.0003565825162208322,0.13930348258706468,3,0,False,
PDE8A,0.017684092124303177,0.0002448264917071926,0.00044290667609262857,0.2935323383084577,5,0,False,
VBP1,0.0065160791079203195,0.0002448134730973888,0.0020108842646330985,0.48258706467661694,6,0,False,
TFF2,0.0063064942757289355,0.0002448089535547996,0.02755960814168481,0.527363184079602,4,0,False,
ZNF462,0.03634495101869106,0.0002447470008359415,0.00020535438944583004,0.029850746268656716,2,6,False,
AP5Z1,0.01432379210988681,0.0002445138702757713,0.0004963018239282163,0.1691542288557214,4,0,False,
SLC2A13,0.03270156184832254,0.00024433658485660027,0.0002902018934093154,0.0945273631840796,4,0,False,
TLK2,0.009767224391301482,0.00024414585224412225,0.00108320764088401,0.38308457711442784,6,0,False,
EXOSC9,0.018419522792100906,0.00024411147385040936,0.00032421327484208774,0.14427860696517414,5,0,False,
RPA2,0.020241594562927887,0.0002438946829941142,0.0003920165272436482,0.18407960199004975,4,0,False,
PPM1A,0.014265107611815125,0.00024385386670765875,0.0003850533109133103,0.14925373134328357,6,0,False,
AHCY,0.005199956397215488,0.00024330225137360583,0.004257777605004351,0.47761194029850745,6,0,False,
STRBP,0.010284985105196626,0.00024292053116755058,0.0009979587807032208,0.3482587064676617,6,0,False,
PIK3R2,0.024769466370344176,0.00024285633360899086,0.0004106162522222158,0.21890547263681592,5,0,False,
PRKAA1,0.010130703449249268,0.00024269262263893225,0.0010961496157196888,0.44776119402985076,6,0,False,
PICK1,0.020205931117137282,0.00024266194732940999,0.0003249492511947239,0.13930348258706468,4,0,False,
TMEM43,0.013896770154436425,0.00024256001028912644,0.0004890514735777809,0.25870646766169153,6,0,False,
KLHL23,0.015249334275722504,0.00024253120587589742,0.00046514906582804385,0.25870646766169153,5,0,False,
RGMB,0.04523702214161555,0.00024251995611742106,0.00024292173853075825,0.05970149253731343,1,0,False,
CPQ,0.02316096673409143,0.0002424720399873203,0.000580936147504252,0.2935323383084577,4,0,False,
ZNF654,0.018566019212206214,0.00024213997289817342,0.0003753302932582307,0.21890547263681592,5,0,False,
ENTR1,0.02188575143615404,0.0002418893903106918,0.00037936480032477426,0.15920398009950248,5,0,False,
MAP3K1,0.014498993754386902,0.0002418739441840813,0.0005998785989799379,0.29850746268656714,5,0,False,
KIF3B,0.006025917828083038,0.00024177086095431865,0.001945805849882544,0.4527363184079602,6,0,False,
TAF8,0.019421785448988274,0.000241432805925792,0.0003202917378431373,0.11940298507462686,5,0,False,
GNPDA1,0.015284238383173943,0.000241300104822327,0.0005572204642026765,0.24378109452736318,6,0,False,
UPF3B,0.010965981831153215,0.00024093787414982884,0.0005813106296684098,0.25870646766169153,6,0,False,
TRAPPC3,0.008224350710709899,0.0002404728062844655,0.0013846024900613094,0.43283582089552236,6,0,False,
CFAP410,0.029539689421653734,0.0002403422681334184,0.0004036001628137679,0.17412935323383086,2,0,False,
TDRD3,0.013403867681821169,0.00024001657166064809,0.0006104932799762353,0.31840796019900497,4,0,False,
ELL,0.026303723454475403,0.00023992787097211734,0.00031549476772972624,0.14427860696517414,4,0,False,
HAT1,0.010950926691293716,0.0002396239320240952,0.000748142930600029,0.3880597014925373,6,0,False,
GNAI1,0.0428723997126023,0.00023937689476415737,0.0005823125857607721,0.27860696517412936,1,0,False,
GABPB1-IT1,0.01478320236007373,0.0002391659328169178,0.0006361962513249009,0.2885572139303483,5,0,False,
DAZAP2,0.002644479274749756,0.0002390000897362644,0.008078665532809684,0.48756218905472637,6,0,False,
HDGF,0.002329776684443119,0.00023870994958776463,0.01648982514561167,0.43781094527363185,6,0,False,
DHX38,0.009493781874577195,0.00023772425890197687,0.0009330415739869067,0.3582089552238806,6,0,False,
SLC4A1AP,0.01342119897405307,0.0002377201111104576,0.0005678045596280182,0.32338308457711445,6,0,False,
SOX2,0.11807367950677872,0.0002369809938391409,0.00033497055782992274,0.18407960199004975,1,0,False,
ZMPSTE24,0.009756094465653092,0.000236944057089085,0.001353000013549371,0.4577114427860697,6,0,False,
MAP3K7,0.021253379061818123,0.0002368706709959521,0.000322278636445028,0.13930348258706468,4,0,False,
NIPAL2,0.02524956874549389,0.00023682453531178286,0.0003045028335308395,0.11442786069651742,3,0,False,
CCDC130,0.009324826300144196,0.00023679513955805076,0.0007783032937627095,0.3333333333333333,6,0,False,
EXOC5,0.017214649667342513,0.0002366794572610144,0.0006254644796733513,0.2885572139303483,5,0,False,
C2orf69,0.029605764274795845,0.00023638563113563825,0.0002001877465460697,0.03482587064676617,3,6,False,
DMTF1,0.018398956706126526,0.0002363525407979003,0.0003985570693399066,0.26865671641791045,4,0,False,
DEF8,0.01176409299174945,0.00023610598811144837,0.00043755423355850006,0.23880597014925373,6,0,False,
MARCH3,0.022426270569364228,0.00023598453697021413,0.0003196950262102339,0.12437810945273632,5,0,False,
ATE1,0.010243676602840424,0.00023590731246698988,0.0009241449064863068,0.35323383084577115,6,0,False,
MYNN,0.01884605549275875,0.00023588015326203053,0.000317971446159458,0.11442786069651742,4,0,False,
ULK3,0.024157162134846047,0.00023508282678680754,0.0002779662716621649,0.11442786069651742,5,0,False,
HES6,0.018498199681441008,0.00023490962120304256,0.0007256862775591452,0.3283582089552239,5,0,False,
ANGEL2,0.02065977516273658,0.00023488878252436607,0.00039123437898447966,0.24378109452736318,4,0,False,
MCPH1,0.013520857940117523,0.00023476783502653588,0.00041503225589214365,0.22388059701492538,5,0,False,
RAP1GDS1,0.02170010283589363,0.00023456208570978368,0.0004032189552881022,0.22388059701492538,5,0,False,
ERCC6L2,0.013406205922365189,0.0002343858246972553,0.0006012883317991788,0.263681592039801,4,0,False,
GNPTAB,0.012034212549527495,0.00023430745396166433,0.0010597458098038164,0.42786069651741293,6,0,False,
RANBP9,0.015136679013570145,0.00023414463212134592,0.00040215697160378693,0.23383084577114427,4,0,False,
QRICH1,0.017641209065914154,0.00023404817479615316,0.00039789823867923137,0.263681592039801,4,0,False,
PIGG,0.01654565644760926,0.0002339984074429529,0.0004269846021407808,0.22388059701492538,5,0,False,
VPS26B,0.017585479964812592,0.00023382950925211125,0.00036923735783765563,0.208955223880597,5,0,False,
ZNF12,0.01871572559078534,0.0002336388763628191,0.00030934944519980947,0.15422885572139303,4,0,False,
APH1A,0.005351707339286804,0.00023358405113819137,0.004207238435300759,0.48756218905472637,6,0,False,
ZFAND1,0.009883956362803759,0.00023353821292559874,0.0008327136751470497,0.35323383084577115,6,0,False,
HAUS2,0.024732966596881553,0.00023338825808048456,0.0002850467111909895,0.0945273631840796,4,0,False,
METTL14,0.023745836069186524,0.00023317709832531305,0.0004177124046618741,0.23880597014925373,4,0,False,
RNPEPL1,0.005927341679732023,0.00023311441163216605,0.003504688901207506,0.4079601990049751,6,0,False,
ZNF579,0.035725712155302375,0.0002330592103764143,0.0002455682958197092,0.06965174129353234,1,0,False,
PSPC1,0.010843065877755464,0.00023277411659454364,0.0006940878616059176,0.31343283582089554,5,0,False,
NDRG3,0.016515862196683884,0.00023250570012851277,0.00033504228591650355,0.12935323383084577,6,0,False,
SEMA4D,0.01943097387750943,0.00023212555154842078,0.00026371862675346697,0.11442786069651742,4,0,False,
ZNF827,0.019295472651720047,0.00023171065736630098,0.0004911151346511434,0.27860696517412936,4,0,False,
COPZ1,0.004068682591120365,0.0002315264383006032,0.005806180866580022,0.5074626865671642,6,0,False,
PEF1,0.011417480806509644,0.0002311866113045032,0.0007717724709793702,0.3582089552238806,6,0,False,
LEMD3,0.01942327370246251,0.00023116873728680585,0.00039003197944865005,0.14925373134328357,4,0,False,
NPAT,0.021305184811353683,0.000230883014761466,0.00036281745558288834,0.15422885572139303,4,0,False,
KDM4C,0.021459709852933884,0.00023074338951424757,0.0003577584722407124,0.19402985074626866,3,0,False,
L3MBTL2,0.01853243758281073,0.0002306468020789429,0.00034687019915566287,0.208955223880597,5,0,False,
DCAF12,0.017002783715724945,0.00023031831467563144,0.00032046555576943327,0.16417910447761194,6,0,False,
LTBP4,0.00766291469335556,0.00023014372005588935,0.0014519826390463086,0.3880597014925373,6,0,False,
WDFY3,0.024023285756508514,0.00022974764294082133,0.00043392752122218707,0.263681592039801,2,0,False,
TTLL7,0.06733124951521556,0.00022973228124573673,0.00028487966343630197,0.13930348258706468,0,0,False,
GPANK1,0.017718816796938583,0.0002294915264085443,0.00035356229268577034,0.10945273631840796,5,0,False,
NNT-AS1,0.022939685111244515,0.0002294325805247715,0.00034850750427110894,0.15920398009950248,4,0,False,
BRD1,0.008482531954844802,0.00022914800263406106,0.0024829106048665428,0.4427860696517413,6,0,False,
COX7A2,0.001451710859934341,0.00022883606799062978,0.03119041506216897,0.5024875621890548,6,0,False,
TNKS,0.014726005494594574,0.00022866918019565747,0.00048596315108786136,0.23880597014925373,4,0,False,
GET1,0.03174214313427606,0.00022858004056211173,0.00021377646802786852,0.04975124378109453,3,6,False,
KEAP1,0.013206187635660172,0.00022820911790235254,0.0005216907118708256,0.2885572139303483,5,0,False,
MAP2K6,0.03726259743173917,0.00022795022771547458,0.00037440460773147176,0.22885572139303484,2,0,False,
ZNF524,0.008870914578437805,0.00022794491350032326,0.0009545481077496519,0.4079601990049751,6,0,False,
TMEM115,0.015472145130236939,0.0002272518648213216,0.00034876455142859815,0.18407960199004975,6,0,False,
SLC44A3,0.023126847421129554,0.00022720002801796348,0.00038267061312179346,0.2537313432835821,3,0,False,
HDHD2,0.02303712194164595,0.00022702846681902695,0.00041889859295882203,0.2736318407960199,4,0,False,
GTF3C4,0.019283163050810487,0.0002269563570617203,0.000395276923394524,0.2537313432835821,4,0,False,
BCCIP,0.0084170748790105,0.00022693727840489451,0.001906842193676991,0.48756218905472637,6,0,False,
CLCN5,0.019067256400982543,0.0002265757576879575,0.00025595499713836143,0.12935323383084577,4,0,False,
NT5C,0.0033537596464157104,0.0002264972724709456,0.005853013834633336,0.46766169154228854,6,0,False,
PRPSAP2,0.01935285578171414,0.00022638280103358187,0.00032250833855909243,0.1691542288557214,5,0,False,
RXRB,0.01815526435772577,0.0002261116676229259,0.00029686943696119044,0.11940298507462686,4,0,False,
CEP89,0.021354692056775093,0.000225970385606256,0.00038361465711094796,0.17412935323383086,4,0,False,
RAP1B,0.002694353461265564,0.00022591418687208174,0.010531683217528415,0.4975124378109453,6,0,False,
LSS,0.03293619677424431,0.00022588978074561,0.00025182539147173476,0.10945273631840796,4,0,False,
SLC35E2B,0.01584613571564357,0.00022543272462114604,0.00033307293927709166,0.1890547263681592,4,0,False,
DCTD,0.014196204642454774,0.00022457094259909708,0.0006664149168782048,0.3333333333333333,6,0,False,
CRELD1,0.02393113262951374,0.0002244126800948918,0.0003260021640109861,0.15422885572139303,3,0,False,
BANP,0.024978286897142737,0.00022419769039375563,0.00023017688231794303,0.06965174129353234,3,0,False,
WRNIP1,0.010945818076531083,0.00022410641311629493,0.0005421245274994439,0.35323383084577115,5,0,False,
SACM1L,0.012523607661326708,0.00022397590651693195,0.0006962650677623409,0.3781094527363184,4,0,False,
CCDC43,0.009882044047117233,0.0002234315962573269,0.0009002233590284343,0.35323383084577115,6,0,False,
COX11,0.010774880647659302,0.00022335875427756797,0.0005508636383496682,0.263681592039801,5,0,False,
DYM,0.020453253140052155,0.00022263755189933136,0.00022964974769009458,0.06965174129353234,4,0,False,
NINJ1,0.008105819423993438,0.00022253732610647491,0.0008812727579633219,0.3582089552238806,6,0,False,
MAML3,0.027222943802674607,0.00022249934827957857,0.000278460297639801,0.11940298507462686,2,0,False,
ZNF358,0.021521590650081635,0.00022244528824534522,0.000383315976668121,0.15920398009950248,4,0,False,
ZFPM1,0.020093264679114015,0.00022228271917352523,0.001118536307055447,0.47761194029850745,3,0,False,
SLC11A2,0.016569634278615325,0.00022200204020965088,0.0004569281321082026,0.208955223880597,5,0,False,
KIAA0040,0.01213981956243515,0.00022197335734461043,0.000624132599450794,0.29850746268656714,5,0,False,
MOGS,0.014033056795597076,0.00022177091148028547,0.0007544904299310312,0.3781094527363184,5,0,False,
VAV2,0.017710980027914047,0.00022152936595547207,0.0003417590174897716,0.14427860696517414,4,0,False,
CDC40,0.009151645004749298,0.0002214515670589156,0.0008729707855198442,0.35323383084577115,6,0,False,
STRN3,0.01043518881003061,0.0002205153331462954,0.0010260538296267849,0.40298507462686567,5,0,False,
CA9,0.03701845556497574,0.00022038348534111516,0.0015939601322020075,0.43283582089552236,1,0,False,
ATP11C,0.01804247250159581,0.00022028196755929122,0.0003035262986080967,0.21393034825870647,5,0,False,
RRAGA,0.011474783221880586,0.0002198528826679723,0.0008126523761188001,0.3681592039800995,6,0,False,
PSMD1,0.003602350751558958,0.00021968586251983968,0.007151086855992735,0.47761194029850745,6,0,False,
YDJC,0.007859671488404274,0.00021953419138643108,0.0009062629984648681,0.3880597014925373,6,0,False,
DTNBP1,0.01317535464962323,0.00021932279906464953,0.0003343697745423366,0.12437810945273632,5,0,False,
PMS1,0.021745011831323297,0.00021926117749935023,0.0003326598128080878,0.15920398009950248,4,0,False,
TSHZ1,0.026564372703433037,0.00021860431244995378,0.00022690849728894044,0.07462686567164178,3,0,False,
ZNF302,0.01907520182430744,0.0002185982063902524,0.0005727279913959624,0.29850746268656714,5,0,False,
ZNF444,0.02262304599086444,0.0002181335631799778,0.0002668382045320823,0.10945273631840796,5,0,False,
SLC33A1,0.015076175332069397,0.00021807837096836732,0.0010366119441996078,0.46766169154228854,5,0,False,
IKBKB,0.011472783982753754,0.0002180098396174064,0.00045717888973717015,0.24378109452736318,5,0,False,
MOB1B,0.02742215991020204,0.00021797877845923622,0.00041859309962449136,0.2935323383084577,3,0,False,
CCDC115,0.012442068507273987,0.00021756093441177763,0.0004081472202817942,0.22388059701492538,5,0,False,
UBE2F,0.007671500245730073,0.00021747364036483566,0.0009964878019257848,0.39800995024875624,6,0,False,
TRAF3,0.02009236750503382,0.00021737597419944053,0.0002730915440586039,0.10945273631840796,4,0,False,
CLCN7,0.01074521678189437,0.00021725157656269457,0.00040619112424512057,0.16417910447761194,5,0,False,
CACNA2D1,0.05086378753185272,0.0002171945066552413,0.00032853597778736087,0.17412935323383086,1,0,False,
ERAP1,0.015452141563097627,0.0002171694224636458,0.0007808458467536883,0.32338308457711445,5,0,False,
HNRNPLL,0.015719586362441376,0.0002170815491307046,0.00035450627906403586,0.208955223880597,5,0,False,
PICALM,0.005902508894602476,0.00021679775242756922,0.0017483103701267778,0.4427860696517413,6,0,False,
MYO9B,0.00851299986243248,0.00021677887166526605,0.0007805229377093164,0.3283582089552239,5,0,False,
NDUFAF6,0.013588873048623412,0.0002162903999391283,0.00026467716158590037,0.11940298507462686,5,0,False,
DGCR2,0.015631129344304412,0.00021626094242466925,0.0003659081993024724,0.24875621890547264,5,0,False,
MAP2K1,0.01763240247964859,0.00021619795446137528,0.0004134161596452903,0.19402985074626866,5,0,False,
NOL9,0.019148755818605423,0.0002160923944269586,0.0004134867986802361,0.2835820895522388,4,0,False,
HMGN5,0.022524729371070862,0.00021598590547192305,0.00028757327786753286,0.14925373134328357,4,0,False,
MEIS1,0.08864681733151276,0.00021575912544387314,0.00022981075056863076,0.07960199004975124,2,0,False,
LINC00476,0.02140793514748414,0.00021570015154046598,0.00035824985877017806,0.1691542288557214,3,0,False,
PIK3C3,0.021098368490735694,0.0002154037691398585,0.0003266257252669233,0.208955223880597,4,0,False,
HS2ST1,0.014671283463637039,0.00021531438138675256,0.0003694316135759952,0.16417910447761194,5,0,False,
NR2C2,0.02558557378749053,0.00021525050718338345,0.0002109758142600446,0.04975124378109453,2,6,False,
ZNF830,0.010191677759091078,0.00021523524956026566,0.0005022206291474237,0.3034825870646766,6,0,False,
EPN3,0.03008335642516613,0.00021520539099927552,0.00044282375330835847,0.30845771144278605,3,0,False,
TFCP2,0.016744817296663925,0.00021520359160060763,0.00029678663400882114,0.13930348258706468,4,0,False,
LRRC47,0.014596072336037935,0.0002149559285610163,0.0006389298804531432,0.36318407960199006,5,0,False,
NT5C3B,0.015789823606610298,0.00021484615471246743,0.00039455824152171705,0.1890547263681592,5,0,False,
BIN1,0.011775909612576185,0.00021453867134442603,0.000752801934050867,0.36318407960199006,6,0,False,
RASA2,0.010417905946572631,0.0002143530690940318,0.0004008988082227222,0.21393034825870647,6,0,False,
FAM219B,0.026806339621543884,0.00021364456825795957,0.0002866184620405335,0.12437810945273632,4,0,False,
FAF2,0.00892716149489084,0.0002135726595765572,0.0008777924496482289,0.39303482587064675,6,0,False,
OMA1,0.019247159361839294,0.00021352688957747778,0.0003301282905445058,0.17412935323383086,4,0,False,
ATP6V0E2,0.04505295120179653,0.00021340363879457944,0.0002665062407653432,0.13432835820895522,0,0,False,
LRIF1,0.015291527534524604,0.00021333930468536792,0.00040228722142522465,0.2935323383084577,4,0,False,
SMPD4,0.01354634203016758,0.00021331936934294382,0.0003835054951321697,0.208955223880597,4,0,False,
PEX19,0.01861236554880938,0.00021329192147291907,0.0002878877374256516,0.13930348258706468,4,0,False,
SUPT7L,0.010305307805538177,0.00021318321209571277,0.0003969614590818828,0.22885572139303484,5,0,False,
RFNG,0.01116963227589926,0.00021317268786087506,0.0008155350565511954,0.38308457711442784,6,0,False,
AC027644.3,0.016138837983210877,0.0002131189582383411,0.0006494232015153947,0.263681592039801,5,0,False,
EXOSC5,0.013905226563413947,0.0002129078241883383,0.0003523771068531687,0.3034825870646766,6,0,False,
TMCC3,0.017949688558777183,0.00021280345996378978,0.0006009877295712499,0.31840796019900497,4,0,False,
BID,0.006476487964391708,0.00021257858432088733,0.001320056882351866,0.3880597014925373,6,0,False,
TNPO3,0.010586942235628755,0.0002124331491532273,0.001006056933581552,0.4626865671641791,6,0,False,
CCDC84,0.011360002060731261,0.00021232324267007256,0.00034108625379934373,0.14925373134328357,4,0,False,
ZNF639,0.017597171167532608,0.0002122937578115069,0.00032260225336934456,0.15422885572139303,5,0,False,
NOP16,0.010675359517335892,0.00021155022900527106,0.0009550742864164182,0.38308457711442784,6,0,False,
DHX8,0.01342102512717247,0.000211473703407175,0.0005650118291406122,0.29850746268656714,4,0,False,
CSNK2A2,0.008419808000326157,0.00021137365016845415,0.0017157090306482848,0.472636815920398,6,0,False,
AK9,0.03337563946843147,0.00021133152328969224,0.00017529389910049656,0.03980099502487562,1,6,False,
ABHD17B,0.014053859437505409,0.0002113291562476938,0.0005723240799719962,0.3333333333333333,5,0,False,
SRP68,0.011584306756655366,0.00021095948928552912,0.0010631168226768839,0.4427860696517413,6,0,False,
CDC42EP1,0.0039261852701505395,0.00021021363419526667,0.009444454519452373,0.5024875621890548,6,0,False,
FBXL5,0.011668567856152862,0.00021004193759228384,0.0009296116769351346,0.4228855721393035,5,0,False,
SMIM10L1,0.005166945358117431,0.00021000669701196187,0.001948075973089133,0.42786069651741293,6,0,False,
SCAF8,0.011850903431574494,0.0002098573584918471,0.00040094418738297066,0.24378109452736318,4,0,False,
NEK1,0.031019624322652817,0.00020956234310965923,0.00017817585167111848,0.03482587064676617,1,6,False,
CCDC92,0.017090340455373138,0.00020937660096032306,0.0003164526489179103,0.20398009950248755,5,0,False,
IFT27,0.01952477792898813,0.0002093263969911721,0.00037900315747856756,0.19900497512437812,4,0,False,
JKAMP,0.012206609050432832,0.00020930130814697534,0.0005804192010734637,0.263681592039801,5,0,False,
FMR1,0.00942558298508328,0.00020912667482082334,0.0008348834055615309,0.39303482587064675,6,0,False,
PMM1,0.010608946283658355,0.00020881786392126876,0.0010339705222412144,0.417910447761194,5,0,False,
CNP,0.011674626419941575,0.00020868461887766656,0.0005196784224905295,0.22388059701492538,5,0,False,
SMIM29,0.019317092994848892,0.00020862220434996666,0.00022047089857277446,0.06467661691542288,4,0,False,
DMAC1,0.007161843279997526,0.00020794639063680353,0.003146095617949791,0.48258706467661694,6,0,False,
NAPEPLD,0.01719774305820465,0.00020785867899373038,0.000548867413582149,0.31343283582089554,4,0,False,
TSEN15,0.013795818512638405,0.00020777111082714072,0.0003921716750352369,0.19402985074626866,6,0,False,
MIEF1,0.017006586616237968,0.00020764582636841451,0.00034604794923300875,0.1691542288557214,4,0,False,
FBXW2,0.013735151539246232,0.00020764337085954726,0.0004637688787896542,0.3034825870646766,5,0,False,
SRCAP,0.00926094502210617,0.00020750915829062592,0.0008822776800170687,0.40298507462686567,6,0,False,
FAM168B,0.012611032774051012,0.00020690762837770316,0.00035297711387845195,0.15920398009950248,5,0,False,
ANG,0.009326450526714325,0.00020683277275380723,0.0030686708216038265,0.48756218905472637,6,0,False,
STX4,0.00536577155192694,0.00020664467596474682,0.0013831578711883063,0.39800995024875624,6,0,False,
MTMR9,0.03056790058811505,0.00020658562770106145,0.00016681293793661768,0.004975124378109453,1,6,False,
SNX4,0.010318197309970856,0.00020655159909343493,0.0009997143882462286,0.39800995024875624,5,0,False,
CBLL1,0.015314699461062745,0.0002064605449416006,0.00028358094242783593,0.14427860696517414,5,0,False,
HECA,0.008280249933401748,0.00020644678351406268,0.0008385726023615546,0.36318407960199006,6,0,False,
VPS13B,0.009874882797400161,0.00020590228226957034,0.00047637355768104586,0.25870646766169153,4,0,False,
CMC4,0.0176217220723629,0.0002058909621112815,0.00025800759340696016,0.12935323383084577,5,0,False,
FBXO45,0.021526960035165146,0.00020561141381648422,0.0002240690840761205,0.0945273631840796,4,0,False,
AKT1,0.007531558473904909,0.00020487099147301768,0.0018096182219476261,0.48258706467661694,6,0,False,
EXOSC7,0.01105784003933269,0.00020464599077484044,0.0006535258088909364,0.34328358208955223,6,0,False,
NAA30,0.01971633856495221,0.00020463649131246902,0.00021811210082621978,0.07462686567164178,5,0,False,
MLLT1,0.016648706048727036,0.00020448024489241813,0.00024913451143571174,0.12437810945273632,5,0,False,
PCID2,0.010046833505233138,0.00020440163364017055,0.0005481560816599123,0.3283582089552239,6,0,False,
TEN1,0.009078048169612885,0.00020417902630894984,0.0009809609038667786,0.39800995024875624,6,0,False,
CHMP4A,0.004980211456616701,0.0002040832324614536,0.003457594207598564,0.5024875621890548,6,0,False,
GUF1,0.019496982296307877,0.0002035453827772152,0.0004876911286390027,0.3333333333333333,5,0,False,
ANKRD13D,0.008237546930710465,0.00020351687581119206,0.0007447880306569311,0.31343283582089554,6,0,False,
APTX,0.010405145585536943,0.00020324535267581123,0.0004898824794767753,0.24875621890547264,6,0,False,
CYP20A1,0.010853002468744932,0.00020324092071511356,0.0006731074836874116,0.373134328358209,5,0,False,
EMSY,0.017166736846168845,0.00020304230562552368,0.00033141196612806626,0.24378109452736318,4,0,False,
SLC27A3,0.01918892127772172,0.00020289980976898633,0.00046905635294979984,0.25870646766169153,5,0,False,
AL118516.1,0.008199455837408692,0.0002027364081506497,0.001409222056653422,0.3482587064676617,6,0,False,
BCL2L13,0.013820332785447434,0.00020270152474027582,0.0003379313778786289,0.21890547263681592,5,0,False,
TAB3,0.016087496653199196,0.0002024897538520913,0.00034429568403045716,0.1691542288557214,4,0,False,
DALRD3,0.011834805210431426,0.00020232142695673845,0.00033549689412320073,0.14925373134328357,5,0,False,
FRS2,0.014910291880369186,0.00020228818802434957,0.00026938555686604993,0.11442786069651742,5,0,False,
GTF2H3,0.012468131879965455,0.00020192872183099727,0.0005804324445799077,0.3333333333333333,5,0,False,
NEK9,0.022351721301674843,0.00020160723604180784,0.0001665777309157346,0.01990049751243781,3,6,False,
HMGXB4,0.006921950727701187,0.0002014533162240516,0.0010039580556414926,0.417910447761194,6,0,False,
TRUB2,0.010932559768358871,0.00020127208147797845,0.0007675447853647963,0.4129353233830846,6,0,False,
TPD52L2,0.005631053199370684,0.00020078530967745174,0.001290328793931382,0.44776119402985076,6,0,False,
POLE4,0.006734635680913925,0.00020076792412658615,0.0018057664102976202,0.417910447761194,6,0,False,
PIGK,0.01911177237828572,0.0002004925464182566,0.0002653207803313654,0.13432835820895522,5,0,False,
CLN6,0.014419620856642723,0.00020047735708249412,0.0004475439716649114,0.3034825870646766,5,0,False,
DPCD,0.013306621462106705,0.00020045447884226163,0.00041535032683168713,0.31343283582089554,4,0,False,
DHX57,0.025510549545288086,0.0002001563775880973,0.0002458472312639276,0.08955223880597014,3,0,False,
B9D1,0.025591914852460235,0.00019967816977090025,0.00020689855561206575,0.06467661691542288,3,0,False,
SURF1,0.005050969620545687,0.0001996254009551542,0.0037874186841432823,0.46766169154228854,6,0,False,
DNTTIP1,0.006093998750050844,0.00019953537421546044,0.0014517817994933264,0.44776119402985076,6,0,False,
ZC3H8,0.015291309605042144,0.0001995247950095065,0.00024852174027202123,0.1044776119402985,5,0,False,
UTP11,0.007194040964047105,0.00019942714937753293,0.0015181496764642333,0.4577114427860697,6,0,False,
LSM10,0.00737807775537172,0.00019921000394817193,0.0012007703587437579,0.4129353233830846,6,0,False,
LGR4,0.00845632826288542,0.00019911303757604032,0.0016299419266627032,0.43781094527363185,5,0,False,
FAM160B2,0.013837359845638275,0.0001990627672783089,0.000330876972335224,0.1791044776119403,4,0,False,
POLR2D,0.016664603725075722,0.0001983565884416105,0.00035285338734495253,0.21393034825870647,5,0,False,
GTF3C5,0.00861142699917157,0.00019834707434689152,0.0006153625586208626,0.35323383084577115,5,0,False,
FZR1,0.01877623423933983,0.00019822704607703665,0.00023418290225538083,0.07462686567164178,3,0,False,
CNOT10,0.018196716904640198,0.00019820860320787572,0.00035874752922342254,0.24378109452736318,4,0,False,
BABAM2,0.014334987848997116,0.00019814531853889713,0.00029331241694809443,0.14427860696517414,5,0,False,
TGS1,0.007812179625034332,0.00019786865366282002,0.0009305920132346848,0.3681592039800995,6,0,False,
AC139887.2,0.02825774687031904,0.00019780553838191442,0.0002639008523463062,0.11442786069651742,3,0,False,
GLT8D1,0.013310335576534257,0.00019777160211919043,0.0005550211680339141,0.2885572139303483,5,0,False,
PCBP1-AS1,0.021008942276239395,0.0001977111154175993,0.00022005835676255458,0.0945273631840796,4,0,False,
ILVBL,0.008865548918644578,0.0001976515645071905,0.0009141376531652696,0.39303482587064675,6,0,False,
LIG1,0.023413413514693587,0.00019751282661754227,0.0003738272145092625,0.20398009950248755,3,0,False,
STK19,0.010608881711959839,0.00019680356216463082,0.0004321761740664019,0.31343283582089554,5,0,False,
LINC00467,0.013853489110867187,0.00019663038687949805,0.0006254269626396925,0.29850746268656714,4,0,False,
ADGRA3,0.023249688247839614,0.00019629751513937255,0.0002565868320463165,0.11940298507462686,5,0,False,
ANKS1A,0.01534769994517167,0.00019622279896252311,0.00034649968845551683,0.1890547263681592,4,0,False,
LRMDA,0.042202801133195564,0.00019616331536938443,0.00023943813400801632,0.08955223880597014,1,0,False,
MMAB,0.0074871256947517395,0.0001960334025160077,0.00173799274974688,0.4577114427860697,6,0,False,
MTOR,0.011991320798794433,0.00019586143208648744,0.0005136739245901123,0.2835820895522388,4,0,False,
RASA1,0.017792902886867523,0.00019571375645186952,0.0003266152308971785,0.208955223880597,4,0,False,
STK11,0.01370827853679657,0.00019557893173050256,0.0006726356829291603,0.34328358208955223,5,0,False,
SSX2IP,0.02042903502782184,0.00019523051330333594,0.0004667938059567018,0.2736318407960199,4,0,False,
SMIM27,0.023007854198416083,0.00019516035105882442,0.0002550102436488003,0.10945273631840796,2,0,False,
ITFG2,0.015103732546170548,0.00019513910098886694,0.00039107600150213204,0.24378109452736318,4,0,False,
PCGF3,0.011011699835459382,0.00019508918612560594,0.0003850613474688866,0.22388059701492538,5,0,False,
ITGB3BP,0.018247728546460465,0.00019486330408317114,0.00040599383675681905,0.21890547263681592,4,0,False,
MTF1,0.023082977781693145,0.000194077953789745,0.0002096598713884153,0.07462686567164178,4,0,False,
ZNF143,0.014668073505163193,0.00019379777541840383,0.0002541484511596102,0.12437810945273632,4,0,False,
FBXL17,0.025511385252078383,0.00019362812236636189,0.00017281681403608662,0.03482587064676617,3,6,False,
TBC1D5,0.013135918726523713,0.00019333883288747138,0.00044645110163030454,0.3283582089552239,4,0,False,
NECAP1,0.010314777493476868,0.00019320026859330554,0.0005347853993111877,0.31840796019900497,5,0,False,
POLR3K,0.009547912826140731,0.00019314908208859302,0.0007404942130099865,0.373134328358209,6,0,False,
CNTLN,0.026358933498462037,0.00019310100099840236,0.00029400087431066027,0.17412935323383086,0,0,False,
FAM171A1,0.020574600746234253,0.000193026211542095,0.0003118115620518816,0.20398009950248755,3,0,False,
NLN,0.02052399205664794,0.00019274090110086358,0.00035553180844009516,0.263681592039801,5,0,False,
CAPRIN2,0.02593024323383966,0.000192479919355619,0.0002340266486942766,0.10945273631840796,2,0,False,
FZD6,0.01874226455887159,0.0001924592187834198,0.000244813529684919,0.14925373134328357,4,0,False,
NUP160,0.015874512493610382,0.00019219033794501354,0.0002654581672157213,0.1791044776119403,5,0,False,
SURF6,0.006958273549874605,0.00019212286425032194,0.001715722038598584,0.44776119402985076,6,0,False,
PRPS1,0.02258466742932797,0.0001919896852285121,0.0001754338907700618,0.01990049751243781,3,6,False,
CCNQ,0.01044538989663124,0.0001913927839687311,0.0006685617362379759,0.3880597014925373,6,0,False,
DCUN1D1,0.00890851765871048,0.00019124644041373673,0.0007273078370746942,0.4129353233830846,6,0,False,
AASDH,0.028185653810699776,0.00019074801641302656,0.0002537172107048515,0.0945273631840796,2,0,False,
BPHL,0.010979417711496367,0.0001906813047464618,0.0004395238749480203,0.25870646766169153,4,0,False,
ZNF720,0.013193324208259583,0.0001903841802794336,0.00040266379499504857,0.2736318407960199,5,0,False,
ODF2,0.01549264912803968,0.00019032899070400437,0.0002744426794779086,0.14427860696517414,5,0,False,
CDC27,0.009605423857768386,0.00018988374447786917,0.0007034588643430795,0.38308457711442784,6,0,False,
PACSIN2,0.007007583975791931,0.00018985984393940725,0.0015337112123903463,0.4427860696517413,6,0,False,
IGSF8,0.012640018636981637,0.00018953564570986655,0.0004019120518938619,0.2537313432835821,6,0,False,
TMEM80,0.023579875007271767,0.0001895244125766119,0.00020289066425189118,0.05970149253731343,3,0,False,
NDUFB1,0.0023115972677866248,0.0001893602788581969,0.019411902781351274,0.5373134328358209,6,0,False,
TAF2,0.009945830951134355,0.0001893367825423751,0.0004934722458496798,0.2885572139303483,4,0,False,
SLC44A2,0.007634812345107406,0.00018931462270274608,0.00254984240633939,0.5074626865671642,6,0,False,
EMC1,0.019694114724795014,0.00018930239905220117,0.0002346594202393209,0.16417910447761194,4,0,False,
PELO,0.010219602535168335,0.0001892433093806239,0.0003680783954796355,0.29850746268656714,5,0,False,
PARL,0.00848330557346344,0.00018923317963483334,0.0007362092922523504,0.42786069651741293,6,0,False,
UFSP2,0.020134600500265748,0.00018915511209092762,0.0002719106294002362,0.14925373134328357,4,0,False,
MARCH5,0.010440979152917862,0.00018914190991963078,0.0004321298388514941,0.24875621890547264,6,0,False,
GGPS1,0.014528743922710419,0.0001889710624969448,0.00033747770379942096,0.14925373134328357,6,0,False,
MRPS28,0.007519749303658785,0.0001886257900415358,0.0009225306141283377,0.40298507462686567,6,0,False,
CADM1,0.1141187958419323,0.0001885312184359985,0.00016975666830579552,0.024875621890547265,1,6,False,
DHTKD1,0.01662805924812953,0.00018790476685846488,0.0004357037366962443,0.3333333333333333,5,0,False,
EHD4,0.0048159683744112836,0.00018785552599513938,0.003618079813082888,0.44776119402985076,6,0,False,
PSD3,0.01917485023538272,0.0001878493645313781,0.0006725168782564176,0.3681592039800995,3,0,False,
LINC00662,0.02395697496831417,0.00018770011505994113,0.0002735104231684261,0.15422885572139303,2,0,False,
MEA1,0.005786493420600891,0.00018697820038636082,0.0016205925283102663,0.43781094527363185,6,0,False,
STARD3,0.01256240159273149,0.00018688936894198447,0.0003390114278815848,0.19402985074626866,6,0,False,
RPUSD4,0.01910605157415072,0.00018644908569556028,0.00025486917674795136,0.16417910447761194,4,0,False,
AFMID,0.017070643603801727,0.00018640951786190235,0.00026822367635752,0.11940298507462686,5,0,False,
MRPL2,0.00793201600511867,0.0001862662086251794,0.0012016361662205394,0.40298507462686567,6,0,False,
ATP6V1E1,0.004554577171802521,0.00018613775392614494,0.002476960363263095,0.5422885572139303,6,0,False,
ZCCHC7,0.011730370422204317,0.0001859040277699068,0.0006298981027512788,0.373134328358209,5,0,False,
TSR3,0.006658355394999205,0.000185759393163289,0.0013346396003850723,0.47761194029850745,6,0,False,
GLCE,0.017564114183187485,0.0001856932885797243,0.0004787241569551128,0.31343283582089554,5,0,False,
C2orf68,0.01389291137456894,0.00018552260287738563,0.0004298751638232015,0.22388059701492538,4,0,False,
ECHDC1,0.007265945275624575,0.0001848726772260029,0.0016053448586871796,0.43283582089552236,6,0,False,
EEA1,0.0047547221183776855,0.00018463559386470573,0.003445962525373997,0.5074626865671642,6,0,False,
MOCS2,0.008801057934761047,0.0001844603703447198,0.0009857413412394044,0.4129353233830846,5,0,False,
TGFBR1,0.01901717111468315,0.00018437428533549152,0.00021139684980926328,0.0845771144278607,5,0,False,
CIR1,0.0044372652967771264,0.00018416443077148956,0.001594173794989904,0.42786069651741293,6,0,False,
RRM2B,0.02225780300796032,0.00018364536293571574,0.000187725892857275,0.07462686567164178,3,0,False,
ATL3,0.00777036820848781,0.00018339272544083384,0.0010284646932763673,0.4427860696517413,6,0,False,
USP40,0.011883738140265152,0.0001833731450311958,0.0004144544935833907,0.22388059701492538,5,0,False,
NUTF2,0.004263761142889649,0.00018307839439255793,0.002498331853849439,0.4079601990049751,6,0,False,
CLMN,0.006165941556294741,0.00018297911978349974,0.0019949174364919985,0.47761194029850745,6,0,False,
WIZ,0.012891845156749092,0.00018285902951019865,0.0002480810090739929,0.10945273631840796,5,0,False,
ZNF445,0.0268663124491771,0.00018281624403208887,0.0002617961290794355,0.1791044776119403,2,0,False,
FAAP100,0.01802215352654457,0.00018281076170850301,0.0002583125374863341,0.17412935323383086,4,0,False,
UVSSA,0.029284033924341202,0.00018273986509805543,0.0001571042659641723,0.03482587064676617,2,6,False,
P4HA1,0.010766165951887771,0.0001823890788862152,0.0005836987223398611,0.34328358208955223,6,0,False,
IREB2,0.010179288685321808,0.00018232292690957517,0.00042754160683957493,0.23383084577114427,6,0,False,
MISP3,0.02090289443731308,0.0001821856129168386,0.00031096532596252847,0.13930348258706468,4,0,False,
AL450998.2,0.016701758528749153,0.00018207977165752675,0.000475458142064493,0.2736318407960199,4,0,False,
CNOT6,0.0120664487282435,0.00018185910192806688,0.0006177595451884812,0.34328358208955223,4,0,False,
MSL2,0.01566566278537114,0.00018160922452468937,0.0002544602041483145,0.14925373134328357,4,0,False,
SLC66A2,0.011962349216143295,0.00018158025780595362,0.0004413312498073923,0.3034825870646766,5,0,False,
SLC7A6OS,0.012183713416258499,0.0001813322115028123,0.00035241988954592425,0.21890547263681592,5,0,False,
FKBP2,0.020752550413211196,0.00018127929896043183,0.0007928799228737112,0.31343283582089554,4,0,False,
METTL2A,0.01630624507864316,0.0001812175249123939,0.00030115951872085615,0.208955223880597,5,0,False,
NAXD,0.017472775653004646,0.0001809427289535096,0.00023779854020556016,0.11940298507462686,4,0,False,
S100PBP,0.01785119126240413,0.0001807570384361131,0.0002952712815249659,0.17412935323383086,4,0,False,
TFDP2,0.005491388340791076,0.00018052529821822232,0.0010983802659123667,0.32338308457711445,5,0,False,
RUFY2,0.012897269179423645,0.00018049423823756895,0.00043980119514278233,0.2736318407960199,5,0,False,
TMEM208,0.002711420257886288,0.0001804651372487516,0.006451408987191626,0.4577114427860697,6,0,False,
NPRL2,0.0168861486017704,0.00018044154253971296,0.0002807846798070982,0.16417910447761194,5,0,False,
PRTFDC1,0.018664389848709106,0.0001804409146876077,0.0002626935065564765,0.14427860696517414,4,0,False,
NUDT9,0.011699837942918151,0.00018040615176913462,0.000379685898632244,0.24378109452736318,5,0,False,
HPF1,0.013587956627209977,0.00018030595972540924,0.0003820725861712742,0.2537313432835821,5,0,False,
CNN2,0.008488484968741744,0.00017998856254423451,0.0016126577622731285,0.4427860696517413,6,0,False,
TIMM22,0.01671005816509326,0.00017993088361778817,0.0003226895514544931,0.25870646766169153,6,0,False,
VPS45,0.014012123768528312,0.0001799249534465712,0.00036056082267537336,0.24875621890547264,5,0,False,
FUNDC1,0.013593769321839033,0.00017991544231704763,0.0006984402146991806,0.40298507462686567,3,0,False,
FOXK2,0.013379038001100227,0.00017974612957723587,0.0003749380326462214,0.2835820895522388,5,0,False,
SIAH1,0.011359172562758132,0.0001794188199659134,0.0005361100615809182,0.32338308457711445,5,0,False,
ZNF585A,0.012228297690550491,0.00017920412120277023,0.00040318812885712816,0.2537313432835821,5,0,False,
FBRSL1,0.012165733923514666,0.0001791983818853365,0.0005416320983331257,0.2736318407960199,5,0,False,
TP53TG1,0.018233895301818848,0.000179060761113892,0.00032402521924701397,0.18407960199004975,4,0,False,
MPHOSPH9,0.021951696525017425,0.00017893964147136222,0.00026448918302752106,0.13930348258706468,3,0,False,
CLPB,0.013864152754346534,0.00017888951935273736,0.00032006629272389583,0.24875621890547264,6,0,False,
ZNF141,0.020606283098459244,0.00017872431546297855,0.0003943659006003837,0.263681592039801,2,0,False,
GSK3B,0.004737151165803283,0.00017832290587166708,0.0016851054804504326,0.48756218905472637,6,0,False,
DNAJC24,0.016506964961687715,0.00017829411055521986,0.0004403342202527794,0.2835820895522388,5,0,False,
MCM5,0.015104608610272408,0.00017828326077941797,0.0006202806989023153,0.36318407960199006,4,0,False,
C7orf26,0.01497344858944416,0.00017799295986446355,0.00024580056066678303,0.13432835820895522,5,0,False,
COPS4,0.015118611355622591,0.0001775758778215015,0.0004065468651007592,0.23383084577114427,5,0,False,
IQCN,0.025551751255989075,0.00017749114614288393,0.0005689787887861066,0.31840796019900497,0,0,False,
HDAC3,0.01305464468896389,0.0001773055909827013,0.00041195391914962415,0.21393034825870647,5,0,False,
MRTFB,0.007092999915281922,0.00017720864654092102,0.0012740460669262363,0.39800995024875624,5,0,False,
TPT1-AS1,0.01173567523558934,0.0001769853809696362,0.000427411038577035,0.23383084577114427,4,0,False,
VCPIP1,0.008756861090660095,0.0001768415204308821,0.0004888712156156762,0.31343283582089554,6,0,False,
TMX3,0.016666719069083527,0.00017683686707133486,0.0002719713822127384,0.18407960199004975,5,0,False,
VHL,0.011972896133859948,0.00017675931525830912,0.00043011544669151425,0.2935323383084577,4,0,False,
FPGS,0.011508423214157418,0.00017661650650291236,0.0005776194315140878,0.3383084577114428,6,0,False,
NAA60,0.006005816161632538,0.00017648874512933736,0.0011972173283105695,0.4228855721393035,6,0,False,
RCC1L,0.011288625498612731,0.00017644378476017793,0.0005480328902677571,0.32338308457711445,5,0,False,
PIP4P1,0.010702612499395997,0.00017621073008258726,0.0003238943039971438,0.17412935323383086,5,0,False,
CTTNBP2NL,0.006998459498087556,0.00017579030687711405,0.0011902644301890006,0.43781094527363185,6,0,False,
SEC24B,0.017259251326322556,0.0001750693416200123,0.00024002145445597815,0.18407960199004975,4,0,False,
CISD1,0.0047760705153147565,0.00017495921382366494,0.0023670010240946465,0.5024875621890548,6,0,False,
COMMD9,0.00995078807075818,0.00017465270942193398,0.0006442720669635912,0.3383084577114428,6,0,False,
ABHD13,0.015239210178454726,0.00017455804225048035,0.0003310809994279358,0.22885572139303484,5,0,False,
PITPNA-AS1,0.016525421291589737,0.00017438832819119133,0.0002212925515199765,0.11442786069651742,4,0,False,
CIC,0.016813567529122025,0.00017433473637422283,0.000205558789769453,0.0945273631840796,4,0,False,
DPAGT1,0.014156339069207519,0.0001743042723212091,0.0004422867978863144,0.3880597014925373,5,0,False,
PARN,0.008101114382346467,0.00017416421809315685,0.0006431111696585354,0.4129353233830846,5,0,False,
CEP78,0.01648905873298645,0.00017392866373953678,0.0004275359174527121,0.35323383084577115,4,0,False,
TRAF3IP1,0.009128977855046572,0.00017384551017131242,0.0009833309251190434,0.4427860696517413,6,0,False,
MINDY3,0.02750009049971898,0.00017380919713920828,0.000280564482983834,0.1691542288557214,2,0,False,
GPR107,0.014140458156665175,0.00017333614960958395,0.00038354241658304227,0.2885572139303483,5,0,False,
FBH1,0.011525716632604599,0.00017330557309726927,0.00035178352494491885,0.2885572139303483,6,0,False,
SPAST,0.011577114462852478,0.0001732574215490736,0.0005405957159401525,0.3283582089552239,5,0,False,
TENT4A,0.02114531211555004,0.00017324271372829656,0.00024981045202148876,0.15920398009950248,2,0,False,
OSBPL10,0.015340067446231842,0.0001732349095255028,0.00031263197137687467,0.23880597014925373,5,0,False,
TMX2,0.006944470107555389,0.00017317872275415445,0.0012946017969719796,0.47761194029850745,6,0,False,
DDIT3,0.002962987869977951,0.00017302852799400744,0.004661593305953976,0.39303482587064675,5,0,False,
FBXL4,0.022761506338914245,0.00017298554339974204,0.00022393988639161238,0.11940298507462686,4,0,False,
SULF2,0.005154157678286239,0.00017296031161951735,0.001199202924743808,0.4079601990049751,6,0,False,
THAP11,0.014486022914449365,0.00017265781245511918,0.0002931319978046997,0.26865671641791045,4,0,False,
CEP44,0.024162005012234047,0.00017202504868598877,0.00023115168492954792,0.14427860696517414,4,0,False,
TUBGCP4,0.021840941781799003,0.0001714407635817085,0.00022823479601091922,0.14925373134328357,4,0,False,
CCHCR1,0.015602894127368927,0.000171432118246482,0.0004082855666308535,0.29850746268656714,4,0,False,
SLC25A16,0.017288299898306533,0.00017129977032093654,0.0004698888803954756,0.3482587064676617,5,0,False,
C19orf25,0.008766457438468933,0.0001712846079894351,0.0009328280773339767,0.3383084577114428,6,0,False,
CRTC3,0.016164111594359085,0.0001712491083954557,0.00017207219794231906,0.06467661691542288,5,0,False,
AGPAT1,0.009907476603984833,0.00017124904648971095,0.0003099250093208774,0.24875621890547264,5,0,False,
CEP192,0.013599680115779236,0.0001712234250600138,0.0004734469514809809,0.30845771144278605,4,0,False,
MPG,0.003996439278125763,0.00017114526036327,0.0037201789854529,0.5074626865671642,6,0,False,
RAI1,0.01643863196174304,0.00017099519533777033,0.00021362298947753125,0.09950248756218906,4,0,False,
POLR2M,0.01729988493025303,0.00017042221738987405,0.00019135926859148767,0.09950248756218906,5,0,False,
PTDSS1,0.013617151106397302,0.00017035873533285565,0.00043550896687982076,0.32338308457711445,5,0,False,
DENND6A,0.021760263169805213,0.00017022141571844203,0.00019256258895196564,0.10945273631840796,4,0,False,
MEGF9,0.02629755437374115,0.00016975725923534525,0.00026088591252070465,0.11940298507462686,2,0,False,
POLK,0.00928234060605368,0.00016965564916276911,0.000578500443826973,0.3482587064676617,6,0,False,
SPATA7,0.021082131192088134,0.00016963994343111298,0.00014636411546692038,0.03482587064676617,3,6,False,
TMEM192,0.02508372999727726,0.00016962551768138513,0.0002623088922266959,0.13930348258706468,3,0,False,
TMEM184B,0.012445480873187378,0.0001692038672956804,0.0004892104162539287,0.31840796019900497,5,0,False,
FEM1A,0.020389809583624213,0.00016883249833605547,0.00020900686249559743,0.14427860696517414,3,0,False,
CEP295,0.011945838729540498,0.00016873820871194119,0.0006409575426181986,0.3880597014925373,4,0,False,
TSPAN12,0.028747815017898873,0.00016829285242187355,0.00025564430700130553,0.12437810945273632,2,0,False,
TBC1D20,0.0072581954300403595,0.00016820282763595337,0.0008714758613909034,0.40298507462686567,6,0,False,
CLDND1,0.006249717126289994,0.00016812105095161567,0.0010849959740501763,0.39800995024875624,5,0,False,
BICDL1,0.014149681354562432,0.00016791326670955437,0.0008027687374229222,0.39303482587064675,5,0,False,
RNF146,0.020538653557499245,0.00016771370842573214,0.000348066734125667,0.22885572139303484,2,0,False,
C6orf89,0.0054522876938184195,0.00016718837020681846,0.001353778246054999,0.4925373134328358,6,0,False,
SELENON,0.012667959555983543,0.0001669907973608246,0.00034683180908517443,0.32338308457711445,5,0,False,
SUSD6,0.011613832165797547,0.00016686666251983521,0.00036661933981771704,0.19402985074626866,5,0,False,
SCAF1,0.010481232156356185,0.00016670279514772554,0.00043876148124080363,0.27860696517412936,6,0,False,
USPL1,0.017463546867171914,0.00016628014750553837,0.0002357070671502524,0.12437810945273632,4,0,False,
PRADC1,0.013461923847595855,0.00016607674958473537,0.00032512059253888507,0.23880597014925373,5,0,False,
PNPLA4,0.02073312426606813,0.00016602056590874476,0.0004059051056216974,0.27860696517412936,4,0,False,
MRPL11,0.0029317165414492474,0.00016525916239106995,0.005189402343116504,0.4626865671641791,6,0,False,
FARSA,0.00682400291164717,0.0001651847797322644,0.0014602176403528662,0.5024875621890548,6,0,False,
XPR1,0.020488817244768143,0.00016518408251785203,0.0002108992261858432,0.0945273631840796,4,0,False,
ANKS6,0.019757359599073723,0.00016510516419251212,0.0002318797620902782,0.1691542288557214,4,0,False,
GHDC,0.024494430050253868,0.0001649577403559042,0.00018442874069855904,0.08955223880597014,5,0,False,
ABCD3,0.008193654318650545,0.00016486695980440303,0.0017096054471045844,0.4626865671641791,5,0,False,
THUMPD2,0.011377591639757156,0.0001646454003138238,0.00037119623076075335,0.2885572139303483,4,0,False,
TUBA4A,0.0042959476510683325,0.0001645451031593826,0.0022660622332831533,0.4925373134328358,6,0,False,
TMEM134,0.0037902891635894775,0.00016450797799486984,0.005367313490349862,0.48756218905472637,6,0,False,
ZNF276,0.013446143517891557,0.0001644950627774248,0.0002443152686020337,0.12935323383084577,4,0,False,
USP32,0.012984111905097961,0.00016418747451330342,0.00024289643637163705,0.15920398009950248,5,0,False,
GART,0.007273178547620773,0.0001641384084697593,0.0012601782586464452,0.4228855721393035,6,0,False,
ETAA1,0.018427549550930664,0.00016363991648021364,0.0002914843391918393,0.21393034825870647,2,0,False,
LMBR1,0.01581949243942897,0.00016261814828622266,0.0003305736130842428,0.2835820895522388,5,0,False,
TCTN3,0.0140463188290596,0.0001625731311087186,0.0002471010980005008,0.15920398009950248,5,0,False,
ABCC5,0.017708048224449158,0.0001624097762670078,0.000624995768137541,0.39800995024875624,3,0,False,
ORC3,0.018583182866374642,0.00016234041549988127,0.0001761911477182269,0.07960199004975124,4,0,False,
HERPUD2,0.007126164933045714,0.000162238241863667,0.0005611788814300605,0.3681592039800995,6,0,False,
MAP3K21,0.013588848213354737,0.00016205865603141948,0.0005499421336536495,0.40298507462686567,4,0,False,
ATIC,0.00671567146976787,0.00016191961508353652,0.001542391148994772,0.4527363184079602,6,0,False,
ZC3H12A,0.004346224168936402,0.00016173333412616985,0.004563991559691755,0.4577114427860697,6,0,False,
HYAL2,0.006125353897611291,0.00016167472098418934,0.001025692725887691,0.417910447761194,6,0,False,
PIK3CA,0.011449371154109628,0.0001614084664165449,0.0005494853635562025,0.39800995024875624,4,0,False,
SELENOO,0.014118917286396027,0.00016139351970152546,0.0003427952922390782,0.3383084577114428,5,0,False,
FOCAD,0.026773196334640176,0.00016118673311959027,0.0002210393216228403,0.09950248756218906,1,0,False,
GATD3B,0.045257589314132936,0.00016117501930608795,0.00026153340498709035,0.1691542288557214,2,0,False,
RANBP6,0.018988952661554023,0.00016116772747205193,0.00024357024594701262,0.14925373134328357,2,0,False,
SLC25A26,0.010601033146182687,0.00016079541100172536,0.0003283223838152884,0.24378109452736318,5,0,False,
HDGFL2,0.011052977293729782,0.00016071464690173282,0.00044730360535077387,0.32338308457711445,5,0,False,
ZNFX1,0.0033704365293184824,0.00016057641440937287,0.0024758750798232142,0.46766169154228854,6,0,False,
TRMT13,0.015469969560702637,0.0001600832245922344,0.0002649882442016208,0.23383084577114427,5,0,False,
DCAF6,0.008446088681618363,0.00016006885052994213,0.0007472877372460448,0.4228855721393035,5,0,False,
BORCS8,0.011773555229107543,0.00016004894517185765,0.000453782565593271,0.31840796019900497,5,0,False,
SGPP2,0.005719522635142027,0.00015989627031830656,0.0029483533445288338,0.4925373134328358,6,0,False,
EGLN2,0.0062283140917618884,0.00015956185065839806,0.001037624092640523,0.3880597014925373,6,0,False,
ARL15,0.021064704904953643,0.00015949694591154242,0.00017206618861166783,0.0845771144278607,2,0,False,
FAM222B,0.013645922144254044,0.00015918774415183345,0.00021963698482815652,0.0845771144278607,5,0,False,
ANKRD13A,0.012665900091330215,0.0001591016883217502,0.00034827462162905556,0.30845771144278605,4,0,False,
POLR3A,0.013476395979523659,0.00015895941391916177,0.00026158266017139417,0.1691542288557214,4,0,False,
CBLB,0.007382452487945557,0.000158841815587558,0.0007856375889827648,0.417910447761194,6,0,False,
CTBP1,0.006991475820541382,0.00015853219544790408,0.0007185947180146018,0.3482587064676617,6,0,False,
RANGRF,0.012743559355537087,0.000158241324644778,0.00019218162917443427,0.0845771144278607,5,0,False,
KATNA1,0.012332078069448471,0.00015817649977591016,0.0002513603174262182,0.1691542288557214,4,0,False,
DLG5,0.014391501744588225,0.00015812610737490825,0.00021555208836561752,0.10945273631840796,4,0,False,
RPAP3,0.007473129779100418,0.00015799434532252479,0.0010651851642909547,0.4427860696517413,6,0,False,
PPIL2,0.008796874433755889,0.00015763097275053368,0.0004825825780669667,0.31840796019900497,5,0,False,
BEX5,0.03393852338194847,0.00015739824946241887,0.00022343688595306238,0.1791044776119403,0,0,False,
ZNF609,0.008245371282100677,0.00015712461414480933,0.0004397433151058106,0.36318407960199006,5,0,False,
MBD6,0.008625660091638565,0.00015677257638200772,0.0006607044433233798,0.32338308457711445,5,0,False,
CSTF3,0.011076276501019791,0.0001566982779917423,0.0004580006125717675,0.31840796019900497,4,0,False,
HSPBP1,0.006776096920172392,0.00015665983168423653,0.0008672617433411911,0.44776119402985076,6,0,False,
TRIAP1,0.00947804997364679,0.00015623636303585097,0.0004416537385346732,0.3482587064676617,5,0,False,
ATP13A2,0.010487512995799392,0.00015620329275185032,0.000390736517728747,0.26865671641791045,6,0,False,
IRAK1BP1,0.024191245436668396,0.0001561594669641578,0.0002654549030222346,0.21393034825870647,1,0,False,
KIAA0100,0.0070767203966776715,0.00015612668345217038,0.0011962823918474253,0.4527363184079602,6,0,False,
RBBP8,0.006761702398459135,0.00015600904219817288,0.001558843981906246,0.46766169154228854,6,0,False,
RNF38,0.010885201394557953,0.00015557578882130976,0.00017680508832343086,0.07960199004975124,5,0,False,
ANAPC4,0.017692693819602326,0.00015556758867038404,0.00018716547177668335,0.12437810945273632,4,0,False,
CKS1B,0.0031348466873168945,0.00015553814017478764,0.00335463803541912,0.4577114427860697,6,0,False,
MTMR6,0.012499065448840455,0.00015538161556625125,0.000400632526402654,0.24875621890547264,5,0,False,
STX6,0.009335486839214965,0.00015527792708477028,0.00046513457390164536,0.35323383084577115,6,0,False,
MSMB,0.3580326040585836,0.00015471103665051016,0.00019992786677496333,0.11442786069651742,2,0,False,
PITPNA,0.007510746518770872,0.0001545864792473475,0.0007785871571575884,0.4129353233830846,6,0,False,
C1orf116,0.006197207917769759,0.00015457876646270507,0.001692922110764757,0.4577114427860697,6,0,False,
MMUT,0.013087256501118333,0.0001545284886198845,0.0004408705073030135,0.3781094527363184,3,0,False,
ORC2,0.010189657409985856,0.0001545032973466383,0.000519283211869833,0.3781094527363184,4,0,False,
ATG2B,0.012122732276717813,0.00015415909735298137,0.00030729864326251667,0.24378109452736318,4,0,False,
SLC12A6,0.019349973648786545,0.00015414625673196424,0.00014989539178481053,0.04477611940298507,3,6,False,
HDAC6,0.012116208672523499,0.00015396032268056008,0.00039587297402704307,0.3681592039800995,4,0,False,
MCM3AP,0.01288428405920665,0.00015320250822320605,0.0003925377057175789,0.30845771144278605,5,0,False,
SH3PXD2A,0.006529285262028367,0.0001530232912276258,0.0006456114914280029,0.3383084577114428,5,0,False,
TRAF7,0.006620902568101883,0.0001530068417899597,0.0010396159742126463,0.42786069651741293,6,0,False,
EIF2A,0.0031131406625111713,0.00015289344140301795,0.004189698069343554,0.48258706467661694,6,0,False,
POLR3H,0.011489724119504288,0.00015288648487165105,0.00034657381521496994,0.26865671641791045,5,0,False,
IFT80,0.020277105271816254,0.0001527452145138869,0.0002780083959833371,0.2835820895522388,2,0,False,
LAPTM4B,0.003344491124153137,0.00015268956922796277,0.002143047435402201,0.4427860696517413,6,0,False,
ATMIN,0.010083240767320006,0.00015230957332118837,0.0005834110579880923,0.35323383084577115,4,0,False,
NPM3,0.015038055057326957,0.00015225830595765077,0.0003911427146127689,0.31840796019900497,5,0,False,
COG3,0.008245846877495439,0.00015219404811958668,0.0007327749929302274,0.4577114427860697,6,0,False,
INSM1,0.1068726051598787,0.0001519225973132671,0.00022381112800349252,0.18407960199004975,1,0,False,
CIAPIN1,0.008719986925522477,0.00015189376709191744,0.0007772751943490435,0.3880597014925373,6,0,False,
CLASP2,0.014099755634864167,0.0001518499379018825,0.00033340194845323776,0.22388059701492538,4,0,False,
WDR75,0.010528608535726874,0.00015184324487895276,0.0002801695527521103,0.23383084577114427,5,0,False,
PRMT7,0.014777035141984626,0.00015179821369416487,0.00035566700858594066,0.2935323383084577,4,0,False,
RHOT1,0.014500228067239121,0.00015162447753612707,0.00033419649019211057,0.25870646766169153,4,0,False,
REPS2,0.012298574050267547,0.00015139487371115896,0.0005844661129493768,0.4129353233830846,4,0,False,
MARS,0.007936215649048506,0.0001513849075221126,0.0008163006233419111,0.43781094527363185,6,0,False,
TTF1,0.007999404023091003,0.00015095895505412647,0.0008514268838071067,0.4228855721393035,6,0,False,
TPRKB,0.0042037690679232464,0.0001500782105117061,0.0016441607603253313,0.40298507462686567,6,0,False,
MICAL3,0.0072140793005625314,0.00015001266998152386,0.00038329154247901544,0.21890547263681592,4,0,False,
LRRC23,0.0178285421182712,0.00014998547615249357,0.00020045079611283575,0.12437810945273632,2,0,False,
AP3M1,0.012187337502837181,0.0001499605676837999,0.00028692780292244714,0.23880597014925373,5,0,False,
TERF2,0.009999834001064287,0.0001499049284132093,0.0006843024410415488,0.29850746268656714,5,0,False,
USF3,0.007522175709406526,0.0001498466534573356,0.0011306399021873592,0.4129353233830846,4,0,False,
ZNF33B,0.009846648822228105,0.00014975390518429132,0.0007505117721692565,0.48258706467661694,5,0,False,
AGA,0.017163177952170372,0.00014969910162821126,0.00022482785107868494,0.16417910447761194,5,0,False,
RPA1,0.015346615264813096,0.00014961051101773247,0.00031764713764116957,0.2835820895522388,4,0,False,
SUMF1,0.016403384506702423,0.0001494504200474065,0.0003090105035806999,0.36318407960199006,4,0,False,
IFNGR2,0.0044105201959609985,0.00014918845233910158,0.002722177671532394,0.4577114427860697,6,0,False,
NAV2,0.01604704434672992,0.00014816712008691323,0.00028673763332721046,0.23880597014925373,2,0,False,
FAM199X,0.008205571522315352,0.00014805129071215393,0.0007761260534015414,0.4577114427860697,6,0,False,
PLPBP,0.007005872825781495,0.00014782956051579893,0.0006370344060013235,0.39303482587064675,5,0,False,
TMEM9B,0.006884644428888975,0.0001478120955066552,0.0010341148404044388,0.46766169154228854,6,0,False,
GATD1,0.01690904051065445,0.00014748842428968827,0.00023655024432116904,0.23880597014925373,3,0,False,
ZBTB1,0.006324365735054016,0.00014742408548802926,0.0011468288521436054,0.43781094527363185,6,0,False,
NSUN2,0.009285869697729751,0.00014720549738011412,0.0006177956530870353,0.43781094527363185,5,0,False,
ARMC8,0.011152452478806182,0.00014714391019280196,0.00023589341129151686,0.1890547263681592,5,0,False,
CISD2,0.0048118531703948975,0.00014692498700940638,0.0019769581328570847,0.48258706467661694,6,0,False,
CBR4,0.017036316295464843,0.00014677160214833152,0.00025144909732284645,0.19402985074626866,4,0,False,
GTF3C3,0.013623583440979317,0.00014668457698995124,0.0003918586893338949,0.3482587064676617,4,0,False,
KMT2D,0.00927558292945227,0.0001465215925479399,0.00045187987410729336,0.2835820895522388,4,0,False,
ASB8,0.008992262184619904,0.00014618999350995098,0.0006029584549949584,0.35323383084577115,5,0,False,
STX5,0.008288865288098635,0.00014616387005956242,0.0006673779898922965,0.417910447761194,6,0,False,
TBC1D10B,0.010811002304156617,0.00014610231082577056,0.00038392930562623014,0.32338308457711445,5,0,False,
BCL11B,0.007480549315611512,0.0001459709274261782,0.001082029209052322,0.39303482587064675,4,0,False,
MRPS18B,0.003917589783668518,0.00014561357030015744,0.002393458879861967,0.5024875621890548,6,0,False,
FXN,0.015061718101302773,0.00014555873838870983,0.00018586582794801734,0.13930348258706468,5,0,False,
UBFD1,0.011082728703816727,0.00014553196415328077,0.00023923899050496393,0.1890547263681592,5,0,False,
CDR2,0.007159577061732619,0.00014545080632265623,0.0012334234348217264,0.4427860696517413,5,0,False,
WASHC2C,0.00935607900222142,0.0001453789809277675,0.0004433186751083215,0.34328358208955223,5,0,False,
ACVR2A,0.01970035769045353,0.00014528955573610207,0.00021857888356015755,0.18407960199004975,3,0,False,
SIKE1,0.007076766341924667,0.00014485839194507458,0.0008509403288449333,0.417910447761194,6,0,False,
VPS52,0.015528110166390732,0.00014417850383145422,0.00019933201891744867,0.15422885572139303,4,0,False,
SH3BP2,0.013427380472421646,0.00014415918532471235,0.00028283147011046693,0.19900497512437812,4,0,False,
AVL9,0.007488112896680832,0.00014389415139413002,0.0007037962126637876,0.39800995024875624,6,0,False,
MYEF2,0.08736522619922955,0.00014376911260037133,0.0001707972000515718,0.0845771144278607,0,0,False,
TBPL1,0.011472447464863464,0.00014353967329750947,0.00023128402480316075,0.15920398009950248,5,0,False,
ZNF605,0.023515960822502777,0.00014342954316699043,0.0003045800306732551,0.2736318407960199,3,0,False,
ZNF768,0.012734608103831604,0.00014336696104628183,0.00026772707002403507,0.208955223880597,4,0,False,
TMEM129,0.017401042704780906,0.00014320359351246954,0.00023869453089164308,0.1691542288557214,4,0,False,
BMPR1A,0.02417116115490596,0.00014291185740458636,0.00021820017667364096,0.21890547263681592,3,0,False,
MRPL30,0.011722676455974579,0.00014264260704925343,0.00044936297828957595,0.34328358208955223,4,0,False,
UTP6,0.006708209713300078,0.0001425994859298185,0.0009231958411449683,0.39800995024875624,6,0,False,
VAMP5,0.004191144059101731,0.00014254937363854557,0.0016297462598734152,0.38308457711442784,6,0,False,
ALCAM,0.02169214685757956,0.00014249592838214996,0.0005514965034504773,0.39800995024875624,1,0,False,
GPHN,0.013554899021983147,0.00014232302163441564,0.00021661076632047873,0.18407960199004975,4,0,False,
ZNF587,0.00885688637693724,0.00014223460151925715,0.0003537722767936753,0.21393034825870647,4,0,False,
PHAX,0.006791939338048308,0.00014191978011905243,0.0010345432325504188,0.4228855721393035,6,0,False,
TMEM246,0.012047874430815383,0.00014187973405103,0.0004391903146865116,0.36318407960199006,4,0,False,
CHIC2,0.006831686943769455,0.00014181824225249092,0.00042763561624175114,0.2736318407960199,5,0,False,
ABRAXAS2,0.012895306572318077,0.0001418136951155155,0.00025004192860910845,0.22388059701492538,4,0,False,
CBL,0.010519120842218399,0.00014129400334388998,0.0002986474915640273,0.22885572139303484,4,0,False,
TMEM251,0.010767970234155641,0.00014117392918401507,0.00039053898821283026,0.2835820895522388,5,0,False,
WDFY2,0.010163644949595138,0.00014070360076601785,0.00033438250119447686,0.31840796019900497,4,0,False,
RGS3,0.007320347552498177,0.00014001213640811596,0.0003880923800628624,0.29850746268656714,5,0,False,
NREP,0.03054223209619522,0.00013991184448346915,0.00017726067173257898,0.12437810945273632,1,0,False,
DNAJC16,0.017056605468193695,0.00013970353084610029,0.00016081621110804246,0.11442786069651742,4,0,False,
MRPL42,0.0036891450484593524,0.00013951995067250651,0.0016530077442942907,0.43781094527363185,6,0,False,
WDR3,0.011473746970295906,0.000139494404237042,0.00047768037217996905,0.4079601990049751,5,0,False,
TMEM126A,0.004105560481548309,0.00013897185714815434,0.0018882033426690637,0.4427860696517413,6,0,False,
GRAMD1B,0.031200685848792403,0.0001389477626899006,0.00025935016247775433,0.19900497512437812,2,0,False,
DBT,0.01988517430921395,0.00013871420547319327,0.00025461540848530523,0.21393034825870647,4,0,False,
LCMT1,0.006974482287963241,0.00013866089614507316,0.000563331635466384,0.4079601990049751,6,0,False,
LPAR2,0.017431048055489853,0.00013863107232987124,0.00020484442593723728,0.22885572139303484,4,0,False,
REXO1,0.012602511793375015,0.00013852696489225286,0.00026834003073935615,0.23383084577114427,5,0,False,
DDA1,0.004225466400384903,0.00013815873574300308,0.001903659452133685,0.4626865671641791,6,0,False,
UBE4B,0.010469892372687653,0.00013796105606456784,0.00028760130551380296,0.2835820895522388,5,0,False,
DPH6,0.016277503843108804,0.00013778717056432487,0.0001372242669434503,0.05472636815920398,3,6,False,
C11orf54,0.009116820991039276,0.00013777700230360203,0.00038935166238381145,0.373134328358209,4,0,False,
SLC35A4,0.009829457849264145,0.0001376932838632325,0.0005138466783885448,0.38308457711442784,6,0,False,
FAM120B,0.016226502135396004,0.00013768079666325915,0.00022980253419190068,0.18407960199004975,4,0,False,
KIAA1211L,0.014302646120389312,0.00013735499593995812,0.00041278668586898905,0.32338308457711445,3,0,False,
PTPN6,0.011440015087525054,0.0001373129838814057,0.00041837955670231166,0.2935323383084577,4,0,False,
SMAP2,0.008011331160863222,0.0001373109400441032,0.0006585451185250098,0.4079601990049751,5,0,False,
PPP1R8,0.012946764628092439,0.00013720034545101212,0.0002738731748470483,0.2835820895522388,5,0,False,
CARD8,0.008936045070489257,0.00013699037884798724,0.00047228779699215326,0.3681592039800995,5,0,False,
KMT5C,0.008973055829604462,0.00013688178201226754,0.0003650698664939803,0.2835820895522388,4,0,False,
SWAP70,0.00514225351313749,0.0001368356676527691,0.0011516689581325742,0.417910447761194,6,0,False,
TAOK2,0.00830976416667302,0.00013677495727982072,0.00042755209236108356,0.3333333333333333,5,0,False,
GCFC2,0.017331092618405826,0.0001366909699505993,0.00019609143648236047,0.18407960199004975,4,0,False,
ECD,0.010077398270368576,0.00013656177298132066,0.0004215287938280867,0.34328358208955223,5,0,False,
C12orf76,0.022538802896936737,0.00013652453607932542,0.00016549574639785535,0.0945273631840796,2,0,False,
BTBD2,0.013736430555582047,0.00013641645640338833,0.00043331677908236286,0.31343283582089554,5,0,False,
CHFR,0.013067654644449547,0.00013638886859523565,0.0003225974548903713,0.2885572139303483,4,0,False,
TFB2M,0.01290534747143586,0.0001363713026438351,0.00019586216703132073,0.1791044776119403,5,0,False,
STK10,0.013057128215829522,0.0001362862212300807,0.0002744131304563603,0.18407960199004975,4,0,False,
CYB5D2,0.011900120725234359,0.0001360642978826244,0.0002855708679228079,0.24875621890547264,5,0,False,
HSPA13,0.020503981659809753,0.00013585340686615127,0.00020511716133606495,0.14925373134328357,2,0,False,
ADPRHL2,0.010988281418879822,0.00013585177820443978,0.00030450720233822563,0.27860696517412936,6,0,False,
CCDC126,0.013483351096510887,0.00013481256204387522,0.00018908067267205244,0.15422885572139303,4,0,False,
AGL,0.012146268039941788,0.0001347759610328238,0.000519521598095505,0.35323383084577115,5,0,False,
EYA3,0.015416908388336495,0.00013456482775324019,0.00017999479981574336,0.10945273631840796,3,0,False,
UGT8,0.01320740704735121,0.00013452944485134861,0.0004262393678458724,0.3582089552238806,4,0,False,
PHB2,0.002362276117006956,0.00013445529645561216,0.007641660931590107,0.48258706467661694,6,0,False,
MRPS27,0.013111289590597153,0.00013443060630271875,0.0003497558198693722,0.29850746268656714,5,0,False,
HAUS6,0.014759683360656098,0.0001341435719318281,0.00025011315940134276,0.22885572139303484,5,0,False,
IMPACT,0.010918137927850083,0.0001339122560832938,0.0004795257102932997,0.35323383084577115,5,0,False,
HEIH,0.011640388518571854,0.00013382940879811756,0.00042906183216229437,0.3681592039800995,4,0,False,
STK16,0.008720909555753054,0.00013375485220081435,0.0004756283047278421,0.30845771144278605,5,0,False,
TMEM94,0.01203787699341774,0.00013326897624660447,0.0003430163797850938,0.2835820895522388,4,0,False,
METTL21A,0.01468122626344362,0.00013311118913748364,0.00020560151020600277,0.26865671641791045,4,0,False,
DHRS4-AS1,0.017016249398390443,0.00013310055909532866,0.00025231982861143997,0.24378109452736318,4,0,False,
BABAM1,0.005296938121318817,0.000132834365302445,0.0011274315616488892,0.46766169154228854,6,0,False,
FAM174B,0.039979559679826096,0.00013282422076963413,0.00015526215461124192,0.1044776119402985,1,0,False,
SHLD2,0.008105600873629243,0.00013238364068184067,0.0007938439780995031,0.39303482587064675,4,0,False,
NIPAL3,0.011234831064939499,0.00013192412671282104,0.0002830817283063406,0.26865671641791045,4,0,False,
FBXO22,0.006770475457112013,0.0001318071084852786,0.0008276663376713992,0.4427860696517413,6,0,False,
GGA3,0.008826008687416717,0.00013176691971767418,0.00021143951718680584,0.1691542288557214,4,0,False,
MED29,0.0034223149220148907,0.00013164163154152605,0.0013175499481536763,0.3880597014925373,6,0,False,
GRSF1,0.004164201517899813,0.00013137723554829865,0.0028797425625256335,0.4975124378109453,6,0,False,
EPG5,0.011773938313126564,0.0001313271608865055,0.00020615962846724204,0.15920398009950248,4,0,False,
LMBRD2,0.021130954225858062,0.00013126978183826017,0.00016235112004492407,0.13432835820895522,3,0,False,
APOO,0.016080795476833984,0.0001308648454083738,0.00018990471066860804,0.14925373134328357,5,0,False,
METTL3,0.014263849705457687,0.0001308382967177682,0.0002127982896979614,0.20398009950248755,4,0,False,
SLC30A1,0.009886613736550004,0.0001306269424429016,0.00023830698610647594,0.14427860696517414,5,0,False,
SHKBP1,0.006182118008534104,0.00013048558802139705,0.0009557895581625682,0.417910447761194,6,0,False,
ATAD3A,0.00827415970464547,0.00013045171037531398,0.0006795347379790883,0.43781094527363185,5,0,False,
NAT10,0.011270323768258095,0.00013028426303765447,0.00034180842243828176,0.3283582089552239,5,0,False,
EEF1AKMT2,0.012052857627471283,0.00013016457715696252,0.00029067076675101943,0.24378109452736318,4,0,False,
SAC3D1,0.012411632264653846,0.00013000795046746365,0.000315271484366225,0.2885572139303483,5,0,False,
STIM1,0.01712853896121183,0.00012985280822283736,0.0001471962488134909,0.0945273631840796,4,0,False,
RNF170,0.016774032885829612,0.00012977176428127985,0.00022952600108226202,0.22388059701492538,4,0,False,
USP46,0.01256539300084114,0.0001294295253405067,0.0003557461437442491,0.3034825870646766,4,0,False,
MIS18A,0.01697658685346444,0.0001292446614717987,0.00031663424837482656,0.2885572139303483,3,0,False,
CLASP1,0.010924046859145164,0.00012909100745948405,0.00023658038707581396,0.24875621890547264,4,0,False,
FAM83H,0.004321906715631485,0.0001290551169044535,0.0015861499777552316,0.5124378109452736,5,0,False,
AGRN,0.0076224940518538065,0.00012898360582245735,0.00044535434502939684,0.29850746268656714,5,0,False,
RPP30,0.01217798640330632,0.00012869043913678026,0.0002843689084402599,0.29850746268656714,5,0,False,
SCML1,0.007658937325080231,0.0001284890984026032,0.000640366692455379,0.4079601990049751,4,0,False,
AKT1S1,0.005463408927122743,0.00012835978002281284,0.000976185915351609,0.4129353233830846,6,0,False,
LEMD2,0.007701191430290535,0.00012828303465247504,0.000449090557274135,0.34328358208955223,4,0,False,
REPS1,0.012826402982076004,0.00012824163190646964,0.00028418816286151366,0.23383084577114427,5,0,False,
THAP2,0.017760221535960838,0.00012819733342644534,0.00024174779629856382,0.1890547263681592,4,0,False,
SMAD3,0.004698211948076875,0.0001280472655330173,0.001966881526641166,0.4527363184079602,6,0,False,
PAN3,0.010435812175273895,0.0001276774767399375,0.00022137429042900033,0.22388059701492538,4,0,False,
METAP1,0.008837009469668089,0.0001272877672070329,0.0006907281010089006,0.4129353233830846,5,0,False,
CRYZL1,0.013708372289935752,0.0001271942983659729,0.00021225655712620871,0.19900497512437812,4,0,False,
TSGA10,0.01934785023331642,0.00012698459508838402,0.00018702538740385827,0.14925373134328357,3,0,False,
COG1,0.016073500737547874,0.00012686439341396522,0.00021775367483337576,0.1691542288557214,4,0,False,
MCCC2,0.006355126698811858,0.00012671769318198912,0.0010682253822605929,0.43781094527363185,6,0,False,
MCOLN1,0.012441572422782585,0.00012665343660308532,0.0002419142401065492,0.21393034825870647,4,0,False,
UGGT2,0.00890522450208664,0.00012644412755618962,0.00044064382470855546,0.3781094527363184,4,0,False,
SPIDR,0.006921105086803436,0.00012631284391120514,0.0005251175553565748,0.38308457711442784,6,0,False,
TSPAN6,0.011635700861612946,0.00012615498259843508,0.00025965641834279686,0.3283582089552239,5,0,False,
BSPRY,0.015788630892833083,0.00012540717526106425,0.00037121012274645923,0.3582089552238806,5,0,False,
OSBPL11,0.006285171955823898,0.00012524388394071428,0.0005255446624719825,0.31840796019900497,5,0,False,
SF3A2,0.011368972559769944,0.00012523661368153038,0.00025976264205087007,0.21393034825870647,5,0,False,
UBXN6,0.004605963826179504,0.00012496719300786414,0.001198091505835882,0.3681592039800995,6,0,False,
ELMO3,0.009053916980822876,0.00012448941558167946,0.0003897371976974352,0.3482587064676617,4,0,False,
ISOC1,0.012190844863653183,0.00012441270574463216,0.00022465549147430115,0.2537313432835821,5,0,False,
MRPL1,0.005580040315787016,0.00012418694692543214,0.0014791754279466776,0.48756218905472637,6,0,False,
RBM15B,0.011982971181472138,0.0001240660349399382,0.00021625803694109896,0.26865671641791045,5,0,False,
LINS1,0.011155817036827415,0.000123795861624079,0.0002869439125049195,0.23880597014925373,4,0,False,
ADAR,0.0013413429260253906,0.00012345952534420992,0.009643179864655344,0.4975124378109453,6,0,False,
ACVR1B,0.010148158917824446,0.00012344919007720108,0.00035635727219976004,0.29850746268656714,5,0,False,
CNOT11,0.006904917458693177,0.0001233204220075056,0.0005935732640866693,0.39800995024875624,6,0,False,
KCTD9,0.007108987619479493,0.00012322391246587038,0.000509843947988465,0.38308457711442784,5,0,False,
TMEM161B-AS1,0.006813031931718172,0.0001230166994047263,0.0010784852521630473,0.4228855721393035,4,0,False,
RNF44,0.008818425238132477,0.0001229022345759463,0.0004556425442136195,0.32338308457711445,5,0,False,
YJU2,0.015665264800190926,0.00012282025193414774,0.00018242503259069092,0.12437810945273632,4,0,False,
AMZ2,0.010245518138011306,0.00012274944824001245,0.00019329577517585302,0.17412935323383086,5,0,False,
SMYD3,0.012361059586207063,0.00012220771788165553,0.0001785581284591293,0.11940298507462686,4,0,False,
LIAS,0.012324795126914978,0.00012218205483719154,0.0002923279559483202,0.2537313432835821,4,0,False,
POLRMT,0.014636733879645675,0.00012194509982956046,0.00022962637816980138,0.19900497512437812,3,0,False,
PCLO,0.013908309241135897,0.00012164843748858788,0.0016125987306974238,0.48756218905472637,2,0,False,
GTF2H2C,0.034951041763027504,0.0001213753351166476,0.00013882903048557092,0.0945273631840796,2,0,False,
ZNF608,0.014651228984196962,0.00012136563997723822,0.000410130970000987,0.29850746268656714,1,0,False,
UBA3,0.008534296105305358,0.00012132878200929239,0.00038279790110048464,0.3482587064676617,5,0,False,
ANKRD40,0.01169031982620558,0.00012107353222610374,0.0002241447149053981,0.2537313432835821,4,0,False,
PPWD1,0.008612319827079773,0.00012092564374735501,0.0004785793300981546,0.40298507462686567,5,0,False,
MYC,0.00309319297472635,0.00012090907235378288,0.002476665462044171,0.4527363184079602,5,0,False,
ARL6IP6,0.011654158433278411,0.0001209036912938363,0.0002621441419012158,0.30845771144278605,4,0,False,
B4GALT7,0.006928243984778731,0.00012090204292611515,0.0005631499802108863,0.4079601990049751,5,0,False,
AC008771.1,0.013753941903511674,0.00012083271160738516,0.000402739321138673,0.3283582089552239,4,0,False,
RPP38,0.0061320302387078696,0.00012076325766281343,0.00109954133374546,0.4527363184079602,6,0,False,
YRDC,0.006474523494640977,0.00012073234304843145,0.0005186237205835359,0.40298507462686567,6,0,False,
NCAPD3,0.009039171040058136,0.00012031646567362193,0.00041338969251964033,0.32338308457711445,4,0,False,
TLCD3A,0.031039442246158913,0.00012021112091943614,0.00012011650965239989,0.05472636815920398,3,6,False,
MBOAT7,0.0064601811269918985,0.00012003207924306317,0.00045742197555630583,0.3034825870646766,6,0,False,
DNAL1,0.014914751673738166,0.00011997654843367214,0.00017760867502515255,0.19900497512437812,3,0,False,
TRMT2A,0.009285384168227509,0.00011965838268365099,0.0003252990853995819,0.29850746268656714,5,0,False,
CLN5,0.010352864861488342,0.00011956305412832917,0.00022496164047086181,0.21890547263681592,5,0,False,
ZNF26,0.011833681414524719,0.00011938294363532986,0.00029193716305967344,0.2935323383084577,3,0,False,
TAPT1,0.018723929921785995,0.00011930051670512031,0.00016667188488557436,0.14925373134328357,4,0,False,
RFX7,0.01595834332207839,0.00011919266390280951,0.00013836350120538605,0.0945273631840796,1,0,False,
LINC02381,0.03270469466224313,0.00011871129345271851,0.000233899526170228,0.32338308457711445,1,0,False,
NMB,0.007715859139959022,0.00011861557231479064,0.0002907285190646355,0.2835820895522388,6,0,False,
CLIC4,0.00454069549838701,0.0001178320374948236,0.001420784417748942,0.472636815920398,6,0,False,
SERGEF,0.019594249626000725,0.0001178290419346525,0.0001338194638453721,0.13930348258706468,2,0,False,
ATF1,0.009662382304668427,0.00011782463965988532,0.0003106524276564689,0.32338308457711445,5,0,False,
PLAGL2,0.008824668824672699,0.00011761981358999599,0.00018717705868405503,0.1691542288557214,4,0,False,
NFXL1,0.010673562685648605,0.00011737850084302711,0.0004124852467845491,0.4079601990049751,4,0,False,
NHLRC3,0.009082944442828506,0.00011717316725757268,0.0004077566277809494,0.3383084577114428,5,0,False,
TEX264,0.0038394431273142404,0.00011717090861701056,0.0013273725233642324,0.44776119402985076,6,0,False,
C20orf27,0.0032505219181378636,0.00011714867044346567,0.001452877712442692,0.4228855721393035,6,0,False,
PTTG1IP,0.0015740841627120972,0.000117062636059409,0.010984211053376798,0.5572139303482587,6,0,False,
GSTZ1,0.007927294820547104,0.00011701397104164137,0.0007840516627352641,0.4228855721393035,5,0,False,
FAM210A,0.00655464269220829,0.00011684254521596128,0.000546476315449879,0.39303482587064675,5,0,False,
DNAJC30,0.009952856227755547,0.00011683763451597154,0.0001995162630553284,0.19900497512437812,4,0,False,
XPO7,0.010288183266917869,0.00011668147973178077,0.0005672462881412768,0.39303482587064675,4,0,False,
SCAMP2,0.003519232074419676,0.00011643774959478064,0.0026692497112887365,0.48258706467661694,6,0,False,
CPEB2,0.012076321989297867,0.00011642507235098538,0.000374781198305197,0.34328358208955223,4,0,False,
FEM1C,0.005252502858638763,0.0001164106573514652,0.0013507922382352618,0.43283582089552236,5,0,False,
ING4,0.013482781747976944,0.0001162715313259275,0.00022320950304125927,0.29850746268656714,4,0,False,
TMEM222,0.007072247564792633,0.00011611392945781432,0.0004927571797675431,0.417910447761194,6,0,False,
GEMIN7,0.00988574077685675,0.00011592960059263812,0.0004138673001935847,0.3880597014925373,6,0,False,
PSMA4,0.001452520489692688,0.00011588572827857138,0.011565047784779799,0.48756218905472637,6,0,False,
CDKN2D,0.013638733575741455,0.00011528815057515904,0.0001652039885700735,0.1044776119402985,2,0,False,
ARSJ,0.03075959657629332,0.00011495583759978803,0.0001589811031662527,0.13930348258706468,0,0,False,
ANAPC1,0.00917282576362291,0.00011469203460355064,0.00030460814112276055,0.3681592039800995,4,0,False,
CRY2,0.014578698823849365,0.00011466920162871974,0.000178811706427569,0.16417910447761194,3,0,False,
FANCL,0.015026010572910309,0.00011417677824064666,0.00017476501982876066,0.15920398009950248,4,0,False,
PHF6,0.005634106695652008,0.00011408222643231456,0.0008251498234516073,0.43781094527363185,6,0,False,
CPSF1,0.00585540632406871,0.00011406566434433933,0.0006016753439085276,0.373134328358209,4,0,False,
WSB2,0.006799675524234772,0.00011352561478953456,0.0009483361106865987,0.4228855721393035,6,0,False,
CARNMT1,0.009586519251267106,0.00011349297267247404,0.0005649658394157831,0.4079601990049751,4,0,False,
PLEKHG3,0.012004711354772254,0.00011332635764930909,0.00024708847243958487,0.2935323383084577,4,0,False,
ZNF146,0.006758525967597961,0.00011325963051794259,0.0007881297737692358,0.4228855721393035,6,0,False,
TCTA,0.007915988564491272,0.000113185995134972,0.00046698819721530485,0.39303482587064675,6,0,False,
BOP1,0.005042289694150284,0.00011307535557831608,0.0009598691874846727,0.43781094527363185,6,0,False,
ELP6,0.011259691168864563,0.00011304996599737926,0.00037888409253161525,0.36318407960199006,5,0,False,
HSBP1L1,0.0034375612934430533,0.00011294962294509754,0.0018745694120768828,0.40298507462686567,6,0,False,
MRPL32,0.002352168162663759,0.00011290707787560688,0.0028324595286131175,0.48756218905472637,6,0,False,
RXRA,0.0066896528005599976,0.00011289570741267535,0.0004763083470328786,0.3582089552238806,5,0,False,
FAM98A,0.006479098151127488,0.00011238939884123877,0.001022495061724199,0.47761194029850745,6,0,False,
LSM14A,0.0030628368258476257,0.00011215285902801427,0.00267827682705946,0.5373134328358209,6,0,False,
IPP,0.016984324902296066,0.00011203968140809469,0.0001544384278033992,0.12437810945273632,3,0,False,
RYK,0.0052549391984939575,0.00011191534531252589,0.0009140041580100854,0.47761194029850745,6,0,False,
ARNT,0.010945857812960938,0.00011183388653122118,0.0001901515677131698,0.24378109452736318,5,0,False,
MON1B,0.00669988493124643,0.00011169823105517795,0.0007530125409208131,0.43283582089552236,4,0,False,
IL20RA,0.012714610745509461,0.00011139058023305526,0.00026186297468806487,0.29850746268656714,4,0,False,
SLC17A5,0.013276649018128708,0.00011086752591361141,0.00023451775468311242,0.3383084577114428,4,0,False,
DNAJA3,0.00743694293002288,0.00011080782439260358,0.000431603334692081,0.3880597014925373,6,0,False,
RNF6,0.005247057725985854,0.00011030553477352289,0.0007054991258439304,0.44776119402985076,6,0,False,
RTKN,0.00598526621858278,0.00011027446155169062,0.00039083862970958234,0.38308457711442784,5,0,False,
MBD1,0.009165889273087174,0.0001101646779320745,0.0002626133957950858,0.32338308457711445,4,0,False,
ZNF318,0.01291722307602565,0.0001093145004990483,0.00018921709287820135,0.22388059701492538,3,0,False,
SNHG9,0.004070473213990511,0.00010913119637187604,0.002781675129012371,0.5074626865671642,6,0,False,
C16orf58,0.008626417567332581,0.00010910297605017368,0.0004319073618792704,0.3781094527363184,4,0,False,
ORC4,0.007003833850224808,0.00010872805174789684,0.0004217246307685434,0.3681592039800995,5,0,False,
ZHX1,0.004400546352068602,0.00010864654351253319,0.0012335802250603358,0.46766169154228854,5,0,False,
SAYSD1,0.011148185779651001,0.00010859746500548574,0.00019432314265557644,0.19402985074626866,5,0,False,
NUP107,0.007954930265744523,0.0001083853272724829,0.00039071021060522375,0.3283582089552239,5,0,False,
ZDHHC23,0.012293447429935142,0.00010809212748601836,0.00019124511535426546,0.17412935323383086,4,0,False,
MTAP,0.00521906961997351,0.00010795436679082279,0.0012853669427960028,0.5074626865671642,6,0,False,
TNFAIP8,0.005545417467753083,0.00010773351326541421,0.0012279996378980914,0.48756218905472637,6,0,False,
TEX261,0.008085882912079498,0.00010749247756251696,0.0002938486670764366,0.373134328358209,6,0,False,
PIGS,0.0070519347985585346,0.00010745748196067772,0.0005961492544860128,0.48258706467661694,5,0,False,
CD27-AS1,0.009451762462655708,0.00010696828593336838,0.000192729398496916,0.1791044776119403,5,0,False,
HMGB3,0.003398992121219635,0.00010686433601477563,0.0017902686902447527,0.4925373134328358,6,0,False,
PLAA,0.010858527695139245,0.00010685196319993681,0.0001612555092864477,0.17412935323383086,4,0,False,
NAE1,0.004281871020793915,0.00010681940902120446,0.0011003932749202908,0.4427860696517413,6,0,False,
SPRTN,0.008226585264007255,0.00010671880147668874,0.0001896891826570565,0.2736318407960199,5,0,False,
C17orf75,0.013798435529073075,0.00010635532571018705,0.00021886878790684718,0.2537313432835821,4,0,False,
IMP4,0.002566193540891021,0.00010614924872196489,0.0025552620192515287,0.4975124378109453,6,0,False,
NOS1AP,0.007882013296087592,0.00010590220877044291,0.0002446541607470451,0.30845771144278605,4,0,False,
EXOSC3,0.006274412075678512,0.00010549143347584472,0.00042896265301974653,0.3781094527363184,6,0,False,
C21orf91,0.018466074640552207,0.00010515888172148212,0.00017906682998635617,0.1890547263681592,0,0,False,
C1orf174,0.00827883742749691,0.00010506220397704313,0.0003516489439956291,0.38308457711442784,5,0,False,
CREB3,0.0037841051816940308,0.00010499797741918328,0.0015394333854860753,0.5174129353233831,6,0,False,
USP28,0.009108335400621101,0.0001049954824857494,0.00030421236526543595,0.29850746268656714,4,0,False,
TCF3,0.007183966537316636,0.00010494096761369663,0.0003608481876558541,0.31343283582089554,4,0,False,
ATP13A1,0.006171908229589462,0.00010486138897243649,0.0006126319433520918,0.4129353233830846,5,0,False,
TAF12,0.006213333457708359,0.00010475929458377461,0.000548602627982885,0.3681592039800995,6,0,False,
TTLL12,0.0062052992482980185,0.00010439008321887729,0.001341727564053779,0.4527363184079602,6,0,False,
SLC25A10,0.009884857883056014,0.00010400822630727858,0.0005203655327209986,0.39303482587064675,5,0,False,
CLCC1,0.009671303133169815,0.00010392694010999965,0.00032399077103919134,0.373134328358209,4,0,False,
C11orf49,0.00832555318872133,0.00010379793197980893,0.0003875878881489182,0.40298507462686567,6,0,False,
DERL2,0.004007754226525634,0.00010377249323557258,0.0012657612595460895,0.48756218905472637,6,0,False,
OCRL,0.011582172786196068,0.00010371991093816592,0.00023919934921916625,0.29850746268656714,3,0,False,
EPB41L5,0.006301452716191605,0.00010358371443472595,0.0004929080914323264,0.3781094527363184,5,0,False,
C12orf73,0.01191367829839389,0.00010355204420250323,0.0002132870709109562,0.2835820895522388,5,0,False,
STYXL1,0.010792748381694153,0.00010351669718208777,0.000226156429205577,0.25870646766169153,4,0,False,
DOP1A,0.015172906840840966,0.00010350016747352232,0.0002447061742363061,0.263681592039801,2,0,False,
ATXN1L,0.01202410024901232,0.00010340724673123524,0.00015494032398905255,0.12437810945273632,4,0,False,
PIGH,0.008824673170844718,0.00010278337729102252,0.00025025355143715823,0.34328358208955223,5,0,False,
RUFY1,0.007257514943679183,0.00010266689824118263,0.0005676978334483804,0.4577114427860697,5,0,False,
MKNK1,0.006766114383935928,0.0001024999850846976,0.0003165451315727004,0.2736318407960199,5,0,False,
PXK,0.010689641038576767,0.00010227063797279191,0.00016331136205470368,0.208955223880597,5,0,False,
NSUN3,0.009500132873654366,0.00010218603838429784,0.00020601408892243847,0.2835820895522388,4,0,False,
WDR36,0.01169526080290477,0.00010175637211389259,0.00030384319363164326,0.38308457711442784,4,0,False,
DDX59,0.010623352602124214,0.00010163883961122002,0.0001614706118869689,0.19402985074626866,4,0,False,
CHML,0.0055803656578063965,0.00010147748650569894,0.0008147717109027755,0.44776119402985076,4,0,False,
FBXO28,0.0068997430304686275,0.00010127705950936364,0.00021589870720267068,0.1791044776119403,5,0,False,
CBWD5,0.006769812355438859,0.00010126240089811212,0.0004175278510528008,0.3383084577114428,6,0,False,
NOA1,0.008370507508516312,0.0001012012914517985,0.0002226002309604766,0.29850746268656714,5,0,False,
METTL4,0.009020475049813584,0.00010119996421504391,0.00019228936526599218,0.15422885572139303,4,0,False,
ACACB,0.014644956216216087,0.00010108979609950932,0.00019572033717727216,0.16417910447761194,1,0,False,
ITPRIPL2,0.0033751229445139475,0.00010107117586575112,0.002739907431087963,0.472636815920398,6,0,False,
DENND5B,0.011345785111188889,0.00010093163425807554,0.00025834170591104857,0.2835820895522388,5,0,False,
RAD51C,0.008490386108557388,0.00010086504745545377,0.0003688471761722577,0.3582089552238806,5,0,False,
SETDB2,0.011882501964767776,0.00010058032028916935,0.00020110952269436757,0.1890547263681592,4,0,False,
EMP1,0.0014230894545714246,0.00010048953892288607,0.011870577323642705,0.5174129353233831,6,0,False,
SGPL1,0.006827856103579208,0.0001004781359015763,0.0004645331990403524,0.39303482587064675,5,0,False,
SBF1,0.007006843263904244,0.00010034339694745488,0.0004736400534021714,0.3781094527363184,4,0,False,
PKIB,0.02347823108235994,0.00010031981986217351,0.000523421617578668,0.3781094527363184,2,0,False,
MTMR12,0.008486342926820115,0.00010000250851767805,0.0003667984204921143,0.39303482587064675,5,0,False,
KAT14,0.011122030516465514,9.995746584460666e-05,0.00020843852146335633,0.2885572139303483,4,0,False,
TARS2,0.009304229170084,9.941563501954649e-05,0.0003073917722925048,0.3781094527363184,5,0,False,
CLDN12,0.009525557359059661,9.931737237314452e-05,0.0003069527938583942,0.3482587064676617,5,0,False,
CTU1,0.006453873589634895,9.892490412364335e-05,0.00031533187058906055,0.3482587064676617,6,0,False,
EED,0.0065595420698324886,9.88839973927335e-05,0.00041980921062829995,0.3482587064676617,5,0,False,
AZI2,0.00452287991841635,9.88748025211214e-05,0.0006979119446391445,0.40298507462686567,5,0,False,
CDC14B,0.0075518786907196045,9.886827177325092e-05,0.0005620858541078081,0.43781094527363185,4,0,False,
GYG1,0.007897011314829186,9.861530955987235e-05,0.0001952535524020381,0.23383084577114427,5,0,False,
DDHD2,0.010712188978989914,9.851688659539662e-05,0.00036095809177444187,0.3681592039800995,4,0,False,
NCOA2,0.0042754324773947305,9.835674617290289e-05,0.0010138706467001178,0.42786069651741293,4,0,False,
ST7L,0.01351080772777398,9.787747479761259e-05,0.0001633425068142416,0.18407960199004975,3,0,False,
TRMU,0.008015579233566925,9.77041513659196e-05,0.00047486836940604284,0.4129353233830846,5,0,False,
C1orf50,0.009632421036561326,9.744676675407717e-05,0.00020799094696593337,0.21393034825870647,5,0,False,
LRRCC1,0.008827896788716316,9.71408941836754e-05,0.000655320932223342,0.39800995024875624,4,0,False,
WDTC1,0.012274177124102906,9.685398829528447e-05,0.0001416047829752959,0.18407960199004975,4,0,False,
R3HDM4,0.0052229538559913635,9.632267586248481e-05,0.0012358625307924546,0.48258706467661694,6,0,False,
FAIM,0.00808008760213852,9.630191370186379e-05,0.00024347766839126467,0.30845771144278605,4,0,False,
EIF2D,0.008668535078565284,9.6251502382091e-05,0.00031076465214242507,0.39800995024875624,4,0,False,
ABCF2,0.007641475647687912,9.608314063573946e-05,0.00039028377140182236,0.40298507462686567,5,0,False,
TYK2,0.007567683234810829,9.596291046740587e-05,0.00024149678227457734,0.263681592039801,5,0,False,
BAP1,0.010252640893061951,9.59264649276852e-05,0.00018151854909660367,0.24875621890547264,4,0,False,
RIPK1,0.006018714358409255,9.569325315670462e-05,0.0005996970701421464,0.3582089552238806,5,0,False,
RAD1,0.0100220503906409,9.540020531910539e-05,0.0002139563627279147,0.2885572139303483,4,0,False,
MLYCD,0.010454869518677398,9.532165900802498e-05,0.0003224902911799826,0.3333333333333333,3,0,False,
EIF4ENIF1,0.00904775535066922,9.519553076546496e-05,0.000265437083106234,0.2736318407960199,4,0,False,
TMEM260,0.010250811775525406,9.485660015271937e-05,0.00018998965601844868,0.21393034825870647,4,0,False,
PRORP,0.006811423848072692,9.443557710165311e-05,0.0005639850446509335,0.4079601990049751,5,0,False,
UBLCP1,0.010045717159907028,9.430070011204381e-05,0.00029025759154941946,0.3283582089552239,4,0,False,
CCDC117,0.007401751975218446,9.426254590278822e-05,0.000528578631119679,0.4129353233830846,4,0,False,
STK35,0.0071478101114431924,9.398148119192523e-05,0.0003180906592309077,0.2935323383084577,5,0,False,
BCKDHB,0.01449391494194667,9.385090681510482e-05,0.00011608929221620534,0.12437810945273632,3,0,False,
TBCK,0.01228208777805169,9.38142286187358e-05,0.00019609993589157814,0.2885572139303483,3,0,False,
MSRB2,0.0020775546630223962,9.378579564125742e-05,0.002284943297036118,0.4925373134328358,6,0,False,
PDSS2,0.010728857169548675,9.35323203707913e-05,0.00022442721615857641,0.3383084577114428,4,0,False,
LYPLAL1,0.007954680050412805,9.351667740921567e-05,0.00039498265098816674,0.35323383084577115,5,0,False,
SCYL1,0.004270502676566423,9.324931310702254e-05,0.0009187983847685743,0.43781094527363185,6,0,False,
CRYBG3,0.0032872979839642935,9.31392141568405e-05,0.0016665751830816041,0.46766169154228854,6,0,False,
MCAT,0.0090353296448787,9.301366260522641e-05,0.00025138713269058616,0.373134328358209,5,0,False,
AGGF1,0.0044256026546160565,9.291688681288672e-05,0.0011724558675408297,0.4925373134328358,5,0,False,
SLC25A46,0.009040900816520037,9.234577469084131e-05,0.00044301292094055315,0.43781094527363185,4,0,False,
NGLY1,0.004102334380149841,9.234153989408761e-05,0.0007758473841603271,0.46766169154228854,6,0,False,
NME6,0.007320072501897812,9.213545463746759e-05,0.00037380241712283194,0.373134328358209,5,0,False,
IL17RC,0.012355637426177651,9.208231059595434e-05,0.0001804019540990952,0.1691542288557214,3,0,False,
CHMP6,0.00699566366771856,9.196860590463508e-05,0.0004596252671601984,0.3781094527363184,5,0,False,
WASHC5,0.0069070489456256184,9.195083299129854e-05,0.0002530238747913165,0.30845771144278605,6,0,False,
ERLIN1,0.009046148508787155,9.191356726106736e-05,0.0005608354027783413,0.4626865671641791,4,0,False,
KYAT3,0.011171896010637283,9.189859034212323e-05,0.0002334961641777816,0.35323383084577115,4,0,False,
PERP,0.0007345875104267652,9.181768372446987e-05,0.025815785284464904,0.5223880597014925,6,0,False,
BCL2L2,0.010047936191161483,9.166459937599896e-05,0.0003000885771335829,0.36318407960199006,4,0,False,
RAF1,0.0036016603310903006,9.164882140512147e-05,0.0008941467089488824,0.42786069651741293,6,0,False,
COPS8,0.005031374593575805,9.155872345261957e-05,0.00024249148468008045,0.3333333333333333,6,0,False,
ZNF598,0.00518878487249215,9.132077555217268e-05,0.0006339285032124097,0.4228855721393035,5,0,False,
FAM76B,0.005383774638175964,9.102413525141417e-05,0.0006699684716274341,0.44776119402985076,4,0,False,
GTPBP10,0.008709901943802834,9.081950156439368e-05,0.00034277473758505446,0.35323383084577115,4,0,False,
RCHY1,0.01035965234041214,9.061174986281487e-05,0.00020772155749291144,0.19402985074626866,5,0,False,
PSMG2,0.0018463979164759503,9.055458479027519e-05,0.003400910193875192,0.472636815920398,6,0,False,
RPS6KB2,0.002346629897753416,9.034950408659754e-05,0.0022699034461046777,0.4626865671641791,6,0,False,
PRPF39,0.00826229092975457,9.034232757024828e-05,0.00030101783534300884,0.3034825870646766,4,0,False,
DLG3,0.003918639073769242,9.010156439151971e-05,0.0011565188810300977,0.47761194029850745,6,0,False,
SEMA4A,0.008114471410711588,9.003716904586032e-05,0.0012679816610274828,0.472636815920398,3,0,False,
ACYP2,0.008120371649662658,9.000645913298478e-05,0.00029973351398622185,0.3582089552238806,3,0,False,
VWA8,0.008505842958887413,8.97013866699584e-05,0.0001891042185764529,0.2885572139303483,4,0,False,
EIF2B2,0.006092048560579627,8.945351364007936e-05,0.0005085021878249406,0.4626865671641791,5,0,False,
MTIF2,0.003284469246864319,8.893549313207866e-05,0.001893614224315218,0.46766169154228854,6,0,False,
DBF4,0.004711673905452088,8.871462696207941e-05,0.000888436698063927,0.43283582089552236,5,0,False,
CCAR2,0.0066743772476911545,8.865281706644531e-05,0.0003559278187528147,0.3582089552238806,5,0,False,
SLC35F5,0.004198367396990477,8.861920899614594e-05,0.0007091884228716329,0.43781094527363185,6,0,False,
FKBP15,0.007291244963804885,8.85131907655462e-05,0.00041840167707966723,0.39303482587064675,5,0,False,
ENTPD2,0.013647707800070442,8.850269633010706e-05,0.00017066624399038961,0.14925373134328357,2,0,False,
OSBPL7,0.010126542299985886,8.825182462947074e-05,0.0006008062940177126,0.4129353233830846,3,0,False,
GOLT1B,0.0047336717446645055,8.793964521197113e-05,0.00041285456653246454,0.4527363184079602,6,0,False,
MTMR4,0.008175985266764968,8.785984609688152e-05,0.00028705928048636427,0.35323383084577115,4,0,False,
MINK1,0.006139680743217468,8.785019592295987e-05,0.0004643687333752965,0.3482587064676617,6,0,False,
PTPRE,0.004241923491160066,8.762075252657815e-05,0.000396760741189211,0.36318407960199006,6,0,False,
EBAG9,0.00271025796731314,8.711502628934369e-05,0.001486190029446626,0.5074626865671642,6,0,False,
G2E3,0.009373391047120094,8.708491316537893e-05,0.00023394989233536446,0.3333333333333333,3,0,False,
NCAPD2,0.006724663078784943,8.699155307677732e-05,0.00046415390603792505,0.39800995024875624,4,0,False,
GPN3,0.004888818909724563,8.676613161301189e-05,0.00036539077954007236,0.3781094527363184,6,0,False,
UBE2J2,0.003953911364078522,8.673607934448749e-05,0.0010334043299513964,0.4626865671641791,6,0,False,
WHAMM,0.004150985429684312,8.671841353402939e-05,0.000659083966322161,0.43283582089552236,5,0,False,
COMMD10,0.006159570068120956,8.661634005353867e-05,0.0004035665034672875,0.4228855721393035,5,0,False,
RAB28,0.013215449949105576,8.657588879042824e-05,0.00010168680543677897,0.1044776119402985,2,0,False,
VRK2,0.008852943157156304,8.642616922965491e-05,0.00025731058566649226,0.38308457711442784,4,0,False,
SPAG1,0.006010495747129113,8.636218671043158e-05,0.0006617453275891361,0.417910447761194,5,0,False,
PER1,0.004730767259995147,8.607033715340258e-05,0.0007571583895576526,0.43781094527363185,5,0,False,
TMEM61,0.06054719972113769,8.565743888060427e-05,0.00011718369139463479,0.16417910447761194,0,0,False,
UBL7,0.008558510492245361,8.49742767151479e-05,0.000286658507965182,0.30845771144278605,5,0,False,
TCF12,0.0032356232404708862,8.482591436996377e-05,0.0012116875637400056,0.5074626865671642,6,0,False,
BECN1,0.0027974024415016174,8.478845283127693e-05,0.0013346020702190234,0.5223880597014925,6,0,False,
MAGIX,0.007767585416634873,8.448114965177271e-05,0.00029286810649659914,0.3482587064676617,3,0,False,
RIOX2,0.0065320879220962524,8.444193327060033e-05,0.00028806810307567716,0.39303482587064675,5,0,False,
ZNF704,0.012670102839668587,8.400135209417395e-05,0.00030499555039990487,0.3582089552238806,1,0,False,
TRAPPC2,0.01063017050425212,8.390957555030301e-05,0.00016754166149950272,0.18407960199004975,3,0,False,
ATG2A,0.005388353019952774,8.382950419627674e-05,0.0002990383115559489,0.29850746268656714,5,0,False,
LENG1,0.004304635028044387,8.382225062789429e-05,0.000492920570207944,0.4079601990049751,6,0,False,
GCA,0.005742331345876067,8.361291270775372e-05,0.00037253888034001205,0.417910447761194,5,0,False,
ZADH2,0.007245693355798721,8.360616467570782e-05,0.0004881143018602582,0.42786069651741293,4,0,False,
ANKFY1,0.006081877897183105,8.342572984772507e-05,0.00041419455157733984,0.4228855721393035,4,0,False,
SLC66A3,0.005848127106825515,8.258780498257066e-05,0.0001668957169699388,0.3383084577114428,6,0,False,
TTC4,0.008021149163444846,8.246814172284885e-05,0.00027436493712751,0.3333333333333333,5,0,False,
COA3,0.0017342666784922467,8.244149691777686e-05,0.003941347539060842,0.4975124378109453,6,0,False,
TBK1,0.005177609622478485,8.239224461310162e-05,0.000507007503082544,0.43283582089552236,5,0,False,
FAM207A,0.004058343668778747,8.236397593842049e-05,0.00073335451422314,0.3880597014925373,6,0,False,
TGFBRAP1,0.008588564271728202,8.220067427962595e-05,0.0003042634682864989,0.38308457711442784,4,0,False,
TAZ,0.005509251107772187,8.211379222569748e-05,0.0003459749838067459,0.32338308457711445,5,0,False,
KIAA0319L,0.0028550848364830017,8.188597484502617e-05,0.0009991393677107046,0.44776119402985076,6,0,False,
TENT2,0.0053262487053871155,8.184171646209518e-05,0.00036061303132287124,0.3482587064676617,5,0,False,
ITGB1BP1,0.0022307212154070444,8.157731759383855e-05,0.001994413863467229,0.4527363184079602,6,0,False,
MAPK9,0.00566473975777626,8.146826316849173e-05,0.000575316293008459,0.44776119402985076,6,0,False,
ALG12,0.008876670151948929,8.14494729437759e-05,0.00025811504131573757,0.36318407960199006,4,0,False,
STRN4,0.005362850924332946,8.12684778904946e-05,0.0002465571367003157,0.35323383084577115,6,0,False,
RNF8,0.003334561983744294,8.125187395933512e-05,0.0008219245604800168,0.4427860696517413,6,0,False,
TRAPPC4,0.002651914954185486,8.110399333772249e-05,0.0013072488904979293,0.4626865671641791,6,0,False,
FGFR1OP,0.01071375484267871,8.104964545373416e-05,0.00013459298411893142,0.1890547263681592,4,0,False,
ZFYVE27,0.010273852075139686,8.097013596491862e-05,0.00016642079466364605,0.15422885572139303,4,0,False,
SLC39A3,0.006422065198421492,8.06562462430621e-05,0.00030498716287590943,0.3781094527363184,5,0,False,
TLK1,0.0025939643383026123,8.064933599548856e-05,0.0018880506321709777,0.527363184079602,6,0,False,
NEK7,0.004141344378391892,8.049194201503079e-05,0.0004385843898776305,0.3880597014925373,6,0,False,
DECR2,0.004851302752892181,8.04586004404474e-05,0.0005080048794477814,0.417910447761194,5,0,False,
NABP1,0.002826545387506485,8.0451575612006e-05,0.0032950968231624184,0.4577114427860697,6,0,False,
ASH2L,0.006555786977211625,8.033305725086714e-05,0.0003555870491201877,0.3681592039800995,4,0,False,
CCDC149,0.0175405169526736,8.012133949308363e-05,0.0001387569237954783,0.24875621890547264,2,0,False,
TINF2,0.006527564798792199,7.997444246730291e-05,0.0002916555168903522,0.36318407960199006,5,0,False,
IKZF2,0.016694239030281707,7.964699114554577e-05,0.00016328187952534018,0.31840796019900497,0,0,False,
TBC1D2B,0.006829479088385895,7.94979240871014e-05,0.0002906690345547335,0.3880597014925373,4,0,False,
GTPBP8,0.005893681198358536,7.926768826935912e-05,0.00022110244146179584,0.31343283582089554,5,0,False,
MANEA,0.014380744347969696,7.908314252473233e-05,0.00012613740693008058,0.1791044776119403,1,0,False,
YIPF1,0.00869290282328923,7.90405023874374e-05,0.00019352026304039971,0.31343283582089554,4,0,False,
IFT43,0.002429664134979248,7.888513953031986e-05,0.0011191207701455386,0.4527363184079602,6,0,False,
NSMCE3,0.009253958861033126,7.878485969825671e-05,0.00022861643140452293,0.36318407960199006,3,0,False,
MTHFD2,0.002694755792617798,7.864925291721179e-05,0.0026707066768264943,0.4975124378109453,6,0,False,
ZNF397,0.008936386555433273,7.848568116903477e-05,0.00035588759193206406,0.35323383084577115,4,0,False,
SNX18,0.013972174376249313,7.841988460538453e-05,0.0002413598483333898,0.40298507462686567,2,0,False,
KIAA1143,0.003992551316817611,7.798691387436729e-05,0.0006442240285334371,0.47761194029850745,6,0,False,
ZBED4,0.006927004083991051,7.77157093910865e-05,0.0002432561484398452,0.32338308457711445,4,0,False,
AMPD2,0.007411505406101554,7.770643568279838e-05,0.00022538686176561752,0.2736318407960199,4,0,False,
FKBP1B,0.007878328363100706,7.760757338713396e-05,0.0005341401040363527,0.472636815920398,4,0,False,
SMIM4,0.003161989152431488,7.752046343579842e-05,0.002020783899562184,0.527363184079602,6,0,False,
TRAPPC12,0.0059533280630906515,7.73052109083179e-05,0.00040880468932902986,0.417910447761194,5,0,False,
ERMP1,0.017628565430641174,7.715939107990564e-05,0.00011281061122926848,0.1791044776119403,2,0,False,
MED23,0.007560793310403824,7.709202678182708e-05,0.00021735300342278185,0.32338308457711445,4,0,False,
DHCR7,0.004801837727427483,7.696182701128989e-05,0.000673108629665902,0.472636815920398,6,0,False,
MTHFS,0.0031319086750348224,7.667189506893637e-05,0.0019403083197795377,0.4975124378109453,6,0,False,
RNF4,0.004375377049048723,7.64440486710263e-05,0.000766117363079024,0.46766169154228854,6,0,False,
ATL2,0.005511051664749772,7.640371196622513e-05,0.0003003600728895566,0.3482587064676617,5,0,False,
MIOS,0.006749295319120094,7.63534568362791e-05,0.00028458795648017847,0.3781094527363184,4,0,False,
PIGC,0.007329987982908889,7.634267617038482e-05,0.00013685026450434753,0.19402985074626866,5,0,False,
LPGAT1,0.0031973098715146475,7.634045397858765e-05,0.001732134054130092,0.43283582089552236,6,0,False,
AMMECR1,0.009095383187135056,7.597138611709584e-05,0.0002113459591973575,0.34328358208955223,4,0,False,
ERGIC1,0.002369828522205353,7.584775831418627e-05,0.0026730596680931743,0.5074626865671642,6,0,False,
SMARCAD1,0.005812361836433411,7.579022320336388e-05,0.0004476048492911991,0.4527363184079602,5,0,False,
RHBDD3,0.0064705777913331985,7.549331734438703e-05,0.000270003166535492,0.2885572139303483,5,0,False,
MTERF4,0.004100769758224487,7.536211977644672e-05,0.0005859250084592788,0.44776119402985076,5,0,False,
PGPEP1,0.006648201495409012,7.535710592271327e-05,0.0003352551039756042,0.3880597014925373,5,0,False,
ABT1,0.0037480543057123866,7.501540721292909e-05,0.0004351591202244309,0.4228855721393035,6,0,False,
ABCB10,0.014181013529499381,7.48165708309306e-05,0.000254776360791965,0.3582089552238806,2,0,False,
COX15,0.005965236574411392,7.47852945068308e-05,0.00035737204971331415,0.417910447761194,5,0,False,
MTMR2,0.008118766670425742,7.460990429632668e-05,0.0002991258757112185,0.3781094527363184,4,0,False,
TRIM26,0.0034796024362246103,7.456745428738247e-05,0.0008708117072658553,0.44776119402985076,6,0,False,
RAB17,0.005164143939812987,7.397692125366118e-05,0.0004881158655200643,0.373134328358209,6,0,False,
SEPHS1,0.004297080139319093,7.393444538685641e-05,0.0007317062473002939,0.4577114427860697,6,0,False,
C9orf152,0.009172397355238587,7.381758541293e-05,0.0003527533847539613,0.4228855721393035,3,0,False,
RPUSD3,0.004779621958732605,7.363635514773704e-05,0.0005594006401484705,0.46766169154228854,4,0,False,
SCPEP1,0.005080329875151321,7.32975725848293e-05,0.0002455811150743096,0.36318407960199006,5,0,False,
CYB561A3,0.005425597230593354,7.315768434490276e-05,0.00022115036659838488,0.35323383084577115,5,0,False,
SEC22C,0.007143766929705947,7.313101501982433e-05,0.0001648618204645693,0.3034825870646766,5,0,False,
COA5,0.002750195562839508,7.301747909010779e-05,0.0011686091694367224,0.48756218905472637,5,0,False,
NOL8,0.003001004457473755,7.300140588380183e-05,0.001391037235602181,0.527363184079602,6,0,False,
GIT2,0.007244845231374114,7.277155007235272e-05,0.00024451124934273444,0.31840796019900497,4,0,False,
PTEN,0.002036546667416872,7.251682923517478e-05,0.0018851507706006757,0.48756218905472637,6,0,False,
WDR12,0.005175004402796432,7.249669281165458e-05,0.0004186192770524365,0.44776119402985076,5,0,False,
PDCL,0.006129911790291473,7.201482773848513e-05,0.0002200911340046489,0.3283582089552239,5,0,False,
SLC9A2,0.02694636583328247,7.200606698601924e-05,0.00032232325778360963,0.39800995024875624,1,0,False,
ZBTB40,0.0066618286073207855,7.181597654396551e-05,0.0001894286111120576,0.2835820895522388,4,0,False,
DCUN1D4,0.007949532320102051,7.179970886927154e-05,0.0003788858729695968,0.4079601990049751,5,0,False,
GCAT,0.008462396139899894,7.177654045873495e-05,0.0002973979956959503,0.43781094527363185,3,0,False,
ZCCHC14,0.0077657687167326656,7.171825104140708e-05,0.00019265349517357777,0.2835820895522388,4,0,False,
ATP9B,0.0036451133588950024,7.166095903788333e-05,0.001078075795946067,0.5074626865671642,5,0,False,
AKIP1,0.007964997862776116,7.152269683598052e-05,0.00013855178190343539,0.23383084577114427,4,0,False,
EIF2B3,0.006052463625868157,7.135792543627174e-05,0.0002809645396617585,0.43283582089552236,5,0,False,
UNC93B1,0.0018262664477030621,7.133831956380505e-05,0.002269764213171628,0.4925373134328358,6,0,False,
PRLR,0.019788622856140137,7.12876918392334e-05,0.00019088308529738112,0.3383084577114428,0,0,False,
TMEM19,0.00908603270848593,7.118343092467311e-05,0.00020427585775810022,0.4228855721393035,3,0,False,
CHUK,0.00793454113105932,7.10660175019463e-05,0.00020704722787784246,0.3283582089552239,4,0,False,
GORASP1,0.006277044614156083,7.090393069108324e-05,0.00018632512470348806,0.31343283582089554,5,0,False,
IFT88,0.004985599468151733,7.054260784497587e-05,0.00031121131628673035,0.38308457711442784,4,0,False,
GRAMD4,0.00680977106094359,7.03274954297463e-05,0.0002716207315355281,0.31840796019900497,4,0,False,
SNRNP40,0.0045371192197005,7.01977835810402e-05,0.0005639975098039017,0.38308457711442784,6,0,False,
TRAK2,0.005932226777076721,7.01972260501296e-05,0.00028361115626057904,0.30845771144278605,4,0,False,
DCTN5,0.003430025031169265,6.983295324408274e-05,0.0007083512311017572,0.47761194029850745,6,0,False,
RHOBTB3,0.0059735147903363095,6.970171285468955e-05,0.0007675237266992587,0.48258706467661694,3,0,False,
ABCF3,0.006178215766946479,6.964821523165897e-05,0.00018733232133435402,0.30845771144278605,4,0,False,
GTF3C2,0.006504631290833146,6.92726833186092e-05,0.00023241888329834158,0.36318407960199006,4,0,False,
CDC34,0.003559346000353514,6.925679824106659e-05,0.0005023161845977009,0.417910447761194,6,0,False,
PLCL2,0.010180519272883742,6.923812296890603e-05,0.00022029300278506294,0.29850746268656714,2,0,False,
SNTB2,0.003781090180079133,6.882953435805127e-05,0.0007012804511746914,0.4427860696517413,6,0,False,
TATDN2,0.006808276598652199,6.880311766864779e-05,0.00020810306051037534,0.34328358208955223,4,0,False,
LTV1,0.003818487127621964,6.844389395290805e-05,0.0007104351046635617,0.46766169154228854,6,0,False,
TMEM218,0.009133839979767792,6.842701397698171e-05,8.736862278191891e-05,0.1691542288557214,5,0,False,
COG6,0.006617739175756768,6.840051547529028e-05,0.00035154256748319524,0.4129353233830846,5,0,False,
HSD17B7,0.003730078538258866,6.83419240389656e-05,0.0003554933407870544,0.4079601990049751,5,0,False,
ZBTB18,0.008937730764349311,6.78047957591599e-05,0.00015947921198761428,0.31343283582089554,3,0,False,
SMIM8,0.01103541937967141,6.767458379500918e-05,9.900313124882838e-05,0.15422885572139303,3,0,False,
MORC2,0.003812768186132104,6.744469991123213e-05,0.0004930207039235891,0.4925373134328358,5,0,False,
GABPA,0.007107018182675048,6.738910230222022e-05,0.00032813170757624505,0.4129353233830846,4,0,False,
DLEU2,0.005419996256629631,6.738245264087292e-05,0.0003489109995136967,0.42786069651741293,4,0,False,
CYP4F3,0.007762903347611427,6.713932911749284e-05,0.0003297154692181975,0.40298507462686567,4,0,False,
DDHD1,0.006144288927316666,6.707837632239722e-05,0.000264364543381058,0.31343283582089554,3,0,False,
FLAD1,0.003831480319301292,6.665823451762462e-05,0.0005207288411852856,0.43781094527363185,6,0,False,
RRAS2,0.005697425454854965,6.64901257652104e-05,0.00014435819904483216,0.25870646766169153,5,0,False,
PAIP2B,0.028909435495734215,6.596140020945099e-05,0.00011018684726040771,0.21393034825870647,1,0,False,
METTL15,0.005741044878959656,6.594693647460118e-05,0.0002678138264233015,0.3482587064676617,4,0,False,
UROD,0.004616825530926391,6.554759370977961e-05,0.00033353522816172203,0.4228855721393035,5,0,False,
MYO5C,0.003768662611643492,6.528099518401558e-05,0.0022601743232416125,0.43781094527363185,5,0,False,
YIF1A,0.0009908129771550866,6.525652104683458e-05,0.006526691980641411,0.5074626865671642,6,0,False,
RPP25,0.0040086700270573206,6.464061046284427e-05,0.00042180536251382135,0.38308457711442784,6,0,False,
CETN2,0.002628761033217103,6.447320009355577e-05,0.0017358775730491986,0.5422885572139303,6,0,False,
RALGPS1,0.005653162797292083,6.443922917628247e-05,0.00037469945495693236,0.4079601990049751,5,0,False,
PLLP,0.0026735303302606317,6.431956108670319e-05,0.003646898975465467,0.5373134328358209,6,0,False,
CNBD2,0.0043139594296614375,6.430931900336562e-05,0.00040199324115579755,0.38308457711442784,4,0,False,
HSCB,0.007556060329079628,6.405752427599012e-05,0.00015020402751878505,0.29850746268656714,4,0,False,
PSD4,0.005382242302099868,6.399224569587264e-05,0.00043050461152242245,0.3781094527363184,5,0,False,
ATPAF2,0.010216022531191513,6.398322354382316e-05,0.00017734055315221927,0.3283582089552239,3,0,False,
PRMT5,0.0069850130627552715,6.397681697951259e-05,0.00036339557204347387,0.4626865671641791,4,0,False,
OPA1,0.0022244180242220746,6.3821542750973e-05,0.0021367166301017285,0.47761194029850745,6,0,False,
WBP2,0.0019839207331339703,6.381961328422319e-05,0.0013166689076989277,0.527363184079602,6,0,False,
NSL1,0.003654817740122468,6.362925479333466e-05,0.0005329571456718433,0.43781094527363185,6,0,False,
C16orf87,0.005714640642205865,6.354918946561022e-05,0.0002132178243827698,0.32338308457711445,4,0,False,
RNASEH2B,0.0024875501791636057,6.28894894851967e-05,0.000978690605770707,0.4975124378109453,5,0,False,
CDC23,0.008531743039687484,6.226254785834258e-05,0.00014528116230443555,0.2885572139303483,4,0,False,
RHOBTB1,0.008930517360568047,6.182384808426603e-05,0.0002479212026086547,0.39303482587064675,3,0,False,
BIRC2,0.0017264485359191895,6.157027956334725e-05,0.0010952937129502112,0.527363184079602,6,0,False,
MTMR10,0.009230585147937148,6.121744777211295e-05,0.00015837185960189634,0.2835820895522388,3,0,False,
RCC1,0.004761654262741402,6.11246874695721e-05,0.0006645362429614194,0.4427860696517413,6,0,False,
CDK7,0.004587253555655479,6.1003437983229476e-05,0.0003823229135087146,0.43781094527363185,5,0,False,
CMTR1,0.005984049911300346,6.098627058971668e-05,0.00020769549490580144,0.3333333333333333,4,0,False,
C12orf29,0.006113545969128609,6.091509887343546e-05,0.0002027515654403423,0.39800995024875624,4,0,False,
BTBD10,0.0053906707714001245,6.0892204855500767e-05,0.00042085213064114627,0.48756218905472637,5,0,False,
SRBD1,0.00511518307030201,6.0864061834163006e-05,0.00052148933029954,0.47761194029850745,4,0,False,
LINC01003,0.007149359832207353,6.0769781818453646e-05,0.0001639432636759546,0.30845771144278605,3,0,False,
JAK2,0.0073061250150203705,6.0365332617516526e-05,0.000466769877318515,0.4577114427860697,3,0,False,
TET3,0.0050023465106884685,6.027142184278091e-05,0.00039947274099946133,0.40298507462686567,4,0,False,
TOMM70,0.0026944552858670645,6.002521822563164e-05,0.0012182966162989466,0.5074626865671642,5,0,False,
FAM117B,0.013355096181233733,5.9959078225590705e-05,7.646697156158419e-05,0.11940298507462686,1,0,False,
RAB3D,0.00742601106564203,5.964619464500368e-05,0.0004880219553620373,0.4975124378109453,3,0,False,
USP39,0.004708106319109603,5.960706674914023e-05,0.0003174243653337781,0.43283582089552236,6,0,False,
WDR77,0.007452379912137985,5.94171287071063e-05,0.00024091001328601578,0.39800995024875624,4,0,False,
NUP42,0.003823100278774888,5.928595881171275e-05,0.0006558731665244309,0.4577114427860697,5,0,False,
ANKRD13C,0.005109110226233796,5.90959827215959e-05,0.0002963423178545085,0.4079601990049751,4,0,False,
CEP162,0.006380341947078705,5.889708145288616e-05,0.00024866581289139755,0.3781094527363184,4,0,False,
ISL1,0.03322534946103892,5.8877804810638217e-05,0.00018496852242215668,0.4079601990049751,1,0,False,
MTIF3,0.0011913081010182514,5.88128367443088e-05,0.003067600019176185,0.4925373134328358,6,0,False,
RFX3,0.011224797616402327,5.8736298367274255e-05,0.0004065629790599995,0.4577114427860697,1,0,False,
SCGB2A1,0.24663849174976352,5.8666319971590467e-05,5.304160424285804e-05,0.024875621890547265,0,6,False,
PPM1K,0.0047003962099552155,5.865764616384994e-05,0.00038983636062266374,0.4079601990049751,3,0,False,
EIF2S1,0.0017325853308041983,5.86136489438061e-05,0.002927210674657805,0.4626865671641791,6,0,False,
RPL26L1,0.0018081714709600183,5.857485698235956e-05,0.002376211661256723,0.4527363184079602,6,0,False,
TMEM8A,0.002257399260997772,5.8556497171718914e-05,0.0007366540129269252,0.47761194029850745,6,0,False,
PDCL3,0.0024245170255502158,5.834025995518269e-05,0.0008762668633077867,0.48258706467661694,6,0,False,
ASCC2,0.003277081996202469,5.8178805489504006e-05,0.0008114391622396148,0.43781094527363185,6,0,False,
ALG14,0.005776987721522658,5.788179785216668e-05,0.00019950710998121096,0.36318407960199006,5,0,False,
BPGM,0.007329555849234268,5.783762348601868e-05,0.00015891505849736906,0.2935323383084577,5,0,False,
ECHDC2,0.0020756796002388,5.749348775419024e-05,0.0012722740090131527,0.46766169154228854,6,0,False,
RBM18,0.0033704228699207306,5.7290197040025736e-05,0.0003674331896001675,0.4577114427860697,6,0,False,
KANK1,0.013303883373737335,5.698785419700786e-05,0.00012671300640493748,0.263681592039801,1,0,False,
DUSP22,0.00506349901358287,5.684019126957778e-05,0.0001832793151862418,0.35323383084577115,5,0,False,
OXCT1,0.0064095755418141775,5.67974351590666e-05,0.0005405182104947892,0.46766169154228854,3,0,False,
BLOC1S5,0.005297834674517318,5.6038304231158184e-05,0.00030306355198642435,0.34328358208955223,4,0,False,
APC,0.002363329132397951,5.583543977409328e-05,0.0011330055537067964,0.527363184079602,6,0,False,
LINC-PINT,0.0009243388970693045,5.53900122566117e-05,0.006455495601724522,0.472636815920398,6,0,False,
CBY1,0.0037321100632349696,5.535565446390443e-05,0.00031686825242772433,0.417910447761194,5,0,False,
TSEN54,0.004250063250462219,5.530181969402188e-05,0.0002492103298617556,0.39800995024875624,4,0,False,
CYTH2,0.0013715227444966727,5.525493823025989e-05,0.0011547092344478713,0.43781094527363185,6,0,False,
SCNM1,0.0023771872123082433,5.516448382999601e-05,0.0007329673174198295,0.5174129353233831,6,0,False,
RSPH3,0.00912604108452797,5.5160509865781235e-05,0.00022233271539596266,0.43283582089552236,2,0,False,
PSMD5,0.005279373377561569,5.513784574823611e-05,0.00033968198619764285,0.472636815920398,5,0,False,
KCMF1,0.0016128495335578918,5.490366493560876e-05,0.0017440179169056717,0.5024875621890548,6,0,False,
HEATR5B,0.005019598950942353,5.4898644253296804e-05,0.0004241760107570803,0.48756218905472637,4,0,False,
MBNL3,0.0052181382973988805,5.470271483565883e-05,0.0005760184415421435,0.46766169154228854,4,0,False,
NFKBIL1,0.003945089876651764,5.464671614389566e-05,0.0002923704420845932,0.4228855721393035,5,0,False,
RAB3GAP2,0.0025393168131510324,5.453193111250304e-05,0.0007415775437511337,0.5174129353233831,6,0,False,
GCDH,0.0043635293841362,5.439227459740805e-05,0.00025322061893170175,0.39303482587064675,5,0,False,
STK33,0.021843849370876953,5.396901688842921e-05,5.578305283180802e-05,0.05970149253731343,1,0,False,
RDH13,0.0026255970199902945,5.395184498072976e-05,0.0007797008150784182,0.4129353233830846,6,0,False,
NDUFB8,0.000506053368250492,5.353307658839624e-05,0.014514226583328517,0.46766169154228854,6,0,False,
RPP14,0.00758414839704831,5.331955825265811e-05,0.00010031674021546254,0.23383084577114427,3,0,False,
ANKRD39,0.002973706771930068,5.223799734356335e-05,0.00035601792859310413,0.44776119402985076,5,0,False,
ERICH5,0.01934479673703511,5.173256234032345e-05,6.480670420881992e-05,0.14925373134328357,0,0,False,
PPIH,0.0030143906672795706,5.173249915039983e-05,0.0006043057040378233,0.43781094527363185,6,0,False,
GSTA4,0.009480800479650497,5.147816835639261e-05,0.00013845207683881903,0.3333333333333333,1,0,False,
TADA2B,0.007734933868050575,5.135922602417684e-05,0.0001948033008435214,0.3880597014925373,3,0,False,
PRDM16,0.026339819033940642,5.134766939574381e-05,8.108560274102648e-05,0.25870646766169153,1,0,False,
MAML2,0.0022957275311152187,5.134233950036697e-05,0.0006528844124655465,0.43283582089552236,6,0,False,
PTPN3,0.004636289551854134,5.133973301586848e-05,0.000269484257598835,0.44776119402985076,4,0,False,
EID2,0.005344729870557785,5.093924912120311e-05,0.0002673965863373277,0.3781094527363184,3,0,False,
CHPF2,0.005043830101688698,5.076230007408515e-05,0.000350957237270809,0.42786069651741293,5,0,False,
WDR70,0.003645623723665864,5.056935686397531e-05,0.000580704659171066,0.4577114427860697,5,0,False,
CINP,0.0024920515716075897,5.0098758555896414e-05,0.00075562867151604,0.4925373134328358,6,0,False,
RAB1B,0.0010394304990768433,4.987517365274674e-05,0.004358322512483398,0.48756218905472637,6,0,False,
SVBP,0.0030300182600816183,4.9722711584494e-05,0.00044547345207983195,0.4079601990049751,6,0,False,
ACAT1,0.002911066015561431,4.950584809188007e-05,0.0008770496652445816,0.5124378109452736,5,0,False,
GNAI3,0.0009897599617639807,4.9416830801340595e-05,0.007327883338795361,0.5074626865671642,6,0,False,
TM7SF2,0.00467728823423387,4.940397090947055e-05,0.00028339719768014164,0.39303482587064675,4,0,False,
HARS,0.00250508760412535,4.9279618630856164e-05,0.0008011823610586577,0.47761194029850745,6,0,False,
KDM4B,0.004691151281197875,4.9077538073342126e-05,0.0002201552178170011,0.3333333333333333,3,0,False,
GPT2,0.007475397239128739,4.871924929743763e-05,0.00030637047709985066,0.43781094527363185,3,0,False,
GRK5,0.0031143190960089273,4.795634529927927e-05,0.0005304551113280877,0.42786069651741293,5,0,False,
YARS2,0.004230001320441559,4.793427302333641e-05,0.0002173507615315261,0.3880597014925373,5,0,False,
LTA4H,0.0019684831301371164,4.785514778974199e-05,0.0010887337300951303,0.5074626865671642,6,0,False,
METTL17,0.003121295322974532,4.754266586364135e-05,0.0005127957678048315,0.43283582089552236,5,0,False,
SZT2,0.005044855177402496,4.732822086424468e-05,0.00018271523349889564,0.3034825870646766,4,0,False,
ABO,0.00506248200933139,4.7180054779113434e-05,0.0005073704550505668,0.43781094527363185,5,0,False,
SLC35B2,0.004095302273829773,4.712895060965249e-05,0.0004728861252302786,0.44776119402985076,5,0,False,
ECH1,0.000720784068107605,4.707763436196495e-05,0.009280010795046152,0.527363184079602,6,0,False,
CETN3,0.005329518268505723,4.675216888933579e-05,0.0003259477454600713,0.47761194029850745,4,0,False,
NDE1,0.0022452808916568756,4.6518783150174584e-05,0.0003667592319870153,0.4079601990049751,5,0,False,
NAA40,0.0062932223081588745,4.6411130366487896e-05,0.00017905239325468616,0.3582089552238806,4,0,False,
TOR2A,0.0049431423346201625,4.6151905248001985e-05,0.00022127342550609682,0.39800995024875624,5,0,False,
AIG1,0.002619924644629179,4.6030669939735616e-05,0.0006027940777688548,0.4079601990049751,5,0,False,
CKS2,0.0006761724750201092,4.585898144780586e-05,0.007165845290253423,0.5074626865671642,6,0,False,
EPS15L1,0.003447163229187339,4.551513989785254e-05,0.0003722600424939894,0.5074626865671642,5,0,False,
CCNYL1,0.003430694341659546,4.483253636138266e-05,0.0004486383329622743,0.4228855721393035,6,0,False,
TMEM128,0.00818369661768277,4.453130916483963e-05,9.52985296964064e-05,0.24875621890547264,2,0,False,
ARID2,0.0024539989729722156,4.4406521355486446e-05,0.0007147080676401362,0.48756218905472637,4,0,False,
DOHH,0.0049906205385923386,4.438850998480467e-05,0.00021433507633909513,0.417910447761194,4,0,False,
ZNF672,0.0059339875976244655,4.395446790598771e-05,8.924330843955405e-05,0.27860696517412936,3,0,False,
RAVER1,0.003014375766118363,4.3722112748525223e-05,0.00023473997546554984,0.38308457711442784,4,0,False,
PCBD2,0.004760375867287309,4.2812687199389166e-05,0.0003018247427616474,0.4228855721393035,4,0,False,
ZMYM6,0.004483256489038467,4.276572334661122e-05,0.00018816103384154887,0.3880597014925373,4,0,False,
TSPAN5,0.012040387218197182,4.24393674562681e-05,0.00016723793370299365,0.373134328358209,1,0,False,
KCNE2,0.11023515835404399,4.243001746323206e-05,7.81200685355977e-05,0.26865671641791045,1,0,False,
CDC42EP4,0.001294255256652832,4.206000847131849e-05,0.002094290734314043,0.48756218905472637,6,0,False,
ACTR1A,0.0019945415357748852,4.2009618141968313e-05,0.0009711689509076361,0.5223880597014925,6,0,False,
PIK3CB,0.0019349430998166217,4.200470834554992e-05,0.0008369082917108901,0.5323383084577115,4,0,False,
NIPAL1,0.008526523287097618,4.194131005592773e-05,0.0003303963371409459,0.4577114427860697,2,0,False,
SENP2,0.0025833745797475133,4.1887308707266395e-05,0.0005280575156472127,0.4975124378109453,4,0,False,
MAF1,0.0008232742547988614,4.1705696763194485e-05,0.0026540598419332075,0.5174129353233831,6,0,False,
DMAC2,0.003012562170624733,4.170370322892569e-05,0.0003315985661128981,0.43781094527363185,6,0,False,
TEX9,0.011381763964891434,4.161746890023443e-05,0.00011612426129699427,0.31343283582089554,1,0,False,
CTDP1,0.003242184718449906,4.160526229509198e-05,0.00023589901525778267,0.373134328358209,5,0,False,
NUP85,0.0039299167692661285,4.1510166962414604e-05,0.00029848263045000636,0.42786069651741293,5,0,False,
GFM2,0.007166753212610885,4.148616685944869e-05,0.00023593208990741252,0.42786069651741293,2,0,False,
HAUS1,0.005040054519971221,4.1267787878873826e-05,0.0002605974325867714,0.4079601990049751,5,0,False,
ENPP4,0.005914337312181786,4.1200183232613454e-05,0.0001738994521965647,0.4228855721393035,3,0,False,
TNFAIP1,0.00199754784504573,4.108304838358556e-05,0.0004632429167594941,0.4975124378109453,6,0,False,
VPS39,0.0028073626259962764,4.0861395422861596e-05,0.0002702180416842708,0.4427860696517413,4,0,False,
A1CF,0.004819236695766449,4.066791408255394e-05,0.0006976696480668871,0.5024875621890548,2,0,False,
GAS6,0.0019826466838518686,4.055479459084919e-05,0.0006429304800642192,0.38308457711442784,6,0,False,
SLC25A38,0.004153107603391007,4.042915940901275e-05,0.00024108690324562183,0.4626865671641791,5,0,False,
NR2C1,0.0024760887026786804,4.0371304487555405e-05,0.00038165964617173354,0.472636815920398,6,0,False,
SDHAF1,0.002792246639728546,4.012212739960812e-05,0.0004008689081797787,0.417910447761194,6,0,False,
BNIP2,0.0013752107818921222,3.989479227694401e-05,0.0009070047120668622,0.4079601990049751,6,0,False,
HIF1AN,0.005941572288672134,3.9800128065154894e-05,0.00012622261991372376,0.32338308457711445,3,0,False,
WBP1L,0.0032937576373418126,3.9712235555804045e-05,0.0002956079644207172,0.46766169154228854,5,0,False,
LIMK2,0.0020055919885635376,3.96099537237804e-05,0.001204599193734295,0.46766169154228854,5,0,False,
EDC4,0.003359239548444748,3.9362000970084846e-05,0.00026096142683333944,0.3880597014925373,4,0,False,
ZFYVE21,0.002246395995219558,3.931138522536818e-05,0.0007917832216591514,0.4975124378109453,5,0,False,
HAUS4,0.0028971346716086116,3.914715121278228e-05,0.000540036951814461,0.43781094527363185,5,0,False,
SYS1,0.0010981063048044748,3.9057051906759966e-05,0.0011315936074052413,0.42786069651741293,6,0,False,
CAMTA2,0.004976567501823112,3.9041065026010775e-05,0.00011432773564377321,0.32338308457711445,3,0,False,
RABL3,0.0030646150310834203,3.8970619934585086e-05,0.00038084016287515165,0.4626865671641791,5,0,False,
SPICE1,0.0031835238138834543,3.879232665954745e-05,0.00040802358780433703,0.4975124378109453,4,0,False,
GLRX2,0.0011758605639139996,3.872911019842547e-05,0.001221664366643709,0.5174129353233831,6,0,False,
UBXN2B,0.005236723770697907,3.869410507186836e-05,0.00011779557494421398,0.2885572139303483,4,0,False,
GPS2,0.0007653385400772095,3.8442989032703143e-05,0.003930334055394162,0.472636815920398,6,0,False,
ERF,0.0026137915750344687,3.840510034654349e-05,0.0005425109869116649,0.46766169154228854,6,0,False,
SETD4,0.004652984440326691,3.7430111767449705e-05,0.00019976860618620948,0.4228855721393035,2,0,False,
ALDH6A1,0.003737409909566225,3.724530362314575e-05,0.0005852758009186259,0.527363184079602,4,0,False,
ZNF195,0.0022037215530872345,3.7200483717813935e-05,0.00044769535612697726,0.4079601990049751,5,0,False,
ACSF3,0.0037194204827149663,3.717749198024958e-05,0.000301575995977792,0.42786069651741293,3,0,False,
ZNF493,0.004660811275243759,3.6659536237800436e-05,0.00027904824081100574,0.48258706467661694,3,0,False,
CENPS,0.003551942606767028,3.626373121412644e-05,0.00032866500722753916,0.472636815920398,4,0,False,
TRAPPC11,0.006510340298215539,3.6120232112630724e-05,9.949143245308596e-05,0.32338308457711445,2,0,False,
IMMT,0.0011262719829877588,3.602671688895416e-05,0.0028168904762363935,0.5074626865671642,6,0,False,
PIGN,0.005522105842828751,3.59964235913118e-05,0.0001751015615105991,0.3582089552238806,3,0,False,
GRK6,0.002437334507703781,3.594599282368681e-05,0.0003685767795432667,0.4527363184079602,4,0,False,
ENC1,0.0007089227437973022,3.5864304256359806e-05,0.003521353301829864,0.43781094527363185,6,0,False,
MAN2B1,0.0017519605656464848,3.566128272451435e-05,0.0006262433899174855,0.4228855721393035,6,0,False,
ALDH7A1,0.002545313288768114,3.565570155774975e-05,0.0009152440160750953,0.5124378109452736,5,0,False,
TMEM242,0.0024268142879009247,3.556457100219143e-05,0.00031078456299966353,0.40298507462686567,5,0,False,
SFT2D3,0.003682641312479973,3.548807594917567e-05,0.00014092080900046604,0.3582089552238806,4,0,False,
SNUPN,0.0029086805880069733,3.515508293378694e-05,0.000327173344077682,0.4577114427860697,5,0,False,
CDC26,0.000914099315802247,3.5090147115096456e-05,0.001521047335710985,0.4228855721393035,6,0,False,
TECPR1,0.003219337513049453,3.3930872384769535e-05,0.00033139101948685375,0.42786069651741293,4,0,False,
MRPS9,0.001836506028970064,3.385247899365995e-05,0.0006965536043934765,0.48756218905472637,5,0,False,
TVP23B,0.0024959115932385034,3.37393151165293e-05,0.0003764112926995861,0.4527363184079602,4,0,False,
PHF23,0.003123238682746887,3.30281404281948e-05,0.00034050687281147963,0.44776119402985076,4,0,False,
MAGI3,0.001746753851572691,3.296229695522569e-05,0.0018091275253891753,0.48756218905472637,4,0,False,
LMNB1,0.0024575243393580304,3.249576081907135e-05,0.0008402355722476818,0.4527363184079602,4,0,False,
OGFOD1,0.0023245991518100056,3.249089736754506e-05,0.0003572300857201565,0.4577114427860697,5,0,False,
MCCC1,0.00321231409907341,3.2472120185514796e-05,0.0004144561547496797,0.48258706467661694,4,0,False,
MAML1,0.004086437324682876,3.2401659832843946e-05,0.0001230560511128453,0.29850746268656714,2,0,False,
RAB32,0.0022641817728678293,3.188756761152435e-05,0.001065449477316634,0.46766169154228854,4,0,False,
TMEM263,0.0014291952053706036,3.184461073318053e-05,0.0018615153152075014,0.5771144278606966,6,0,False,
NUDT21,0.0011486560106277466,3.181017965854224e-05,0.002067585737265577,0.46766169154228854,6,0,False,
ARV1,0.0031905186673005376,3.114652446866601e-05,0.00023602210883820902,0.4129353233830846,6,0,False,
TM9SF1,0.0012589196364084787,3.094523666606418e-05,0.001230076926395466,0.5323383084577115,6,0,False,
ZNF749,0.0027528402085105624,3.079126002249321e-05,0.00042763786044641407,0.4129353233830846,4,0,False,
SSTR1,0.024852511783440917,3.067162148296202e-05,6.307469690195716e-05,0.22388059701492538,1,0,False,
ERAL1,0.0025234483182430267,3.017723137487764e-05,0.000375317073566303,0.46766169154228854,5,0,False,
GBA,0.0015522458901007924,3.016665313971573e-05,0.0005280983588134592,0.4527363184079602,6,0,False,
NNT,0.0017143425842126025,2.9878886721949005e-05,0.0007768916368800184,0.5223880597014925,5,0,False,
ANKRD54,0.002276115119457245,2.9826584519173537e-05,0.00019691366053846258,0.4527363184079602,4,0,False,
ARAP1,0.0028203080097834315,2.9682899314283197e-05,0.00034340014828953733,0.39800995024875624,5,0,False,
PRDM4,0.0031972868988911357,2.962367786170198e-05,0.00013832590433037232,0.3283582089552239,3,0,False,
PPP2R5A,0.00099935382604599,2.943241331949608e-05,0.0026150506483134215,0.5472636815920398,6,0,False,
PRXL2B,0.001420099288225174,2.8935113425547332e-05,0.0008874415820570331,0.47761194029850745,6,0,False,
TPRG1L,0.002010328074296297,2.890600949170365e-05,0.0005031058232691792,0.5024875621890548,6,0,False,
DYNLT3,0.0008313332994778766,2.8643812751203242e-05,0.0015464471245905764,0.5223880597014925,6,0,False,
MTO1,0.002476165071129799,2.855294906367158e-05,0.00031085095126878065,0.4925373134328358,4,0,False,
NMT2,0.003370928267637893,2.8169196977223446e-05,0.00023612651656443944,0.472636815920398,3,0,False,
NOMO1,0.003451387708385781,2.809408983039195e-05,0.00042631349127584704,0.4925373134328358,4,0,False,
NF2,0.002787036821246147,2.785265370368279e-05,0.00027932891130655145,0.44776119402985076,5,0,False,
MRS2,0.0021096045772234506,2.7790714985862606e-05,0.00040806099948129755,0.5323383084577115,5,0,False,
UIMC1,0.0022456757724285126,2.7761956922611267e-05,0.0002876322492455493,0.44776119402985076,5,0,False,
CERS2,0.0006568357348442078,2.7414201519396072e-05,0.0012346590714580638,0.5323383084577115,6,0,False,
ZFP62,0.003068242222070694,2.7269193002085938e-05,0.00014839536667629578,0.417910447761194,5,0,False,
FCF1,0.0026401293774445805,2.7245588591144242e-05,0.0004601856404191756,0.582089552238806,4,0,False,
PPP2R3C,0.0013109060625235425,2.7232268943399888e-05,0.0006679664642579457,0.4626865671641791,5,0,False,
HIKESHI,0.00100488836566609,2.6850067868191758e-05,0.0009014327443377396,0.44776119402985076,6,0,False,
HMBS,0.0018981844186782837,2.62791238026425e-05,0.0005072834440987782,0.4527363184079602,5,0,False,
FOXRED1,0.0021982695907354355,2.6156189917083123e-05,0.0003460036356907266,0.4129353233830846,5,0,False,
TCF7,0.001423543939987823,2.6131047103494964e-05,0.000517197972035306,0.42786069651741293,6,0,False,
ATXN2L,0.0008783489465713501,2.6015021469467623e-05,0.0008534288996432061,0.43283582089552236,6,0,False,
WDR18,0.0013909277816613608,2.594458920775867e-05,0.0011949027278514157,0.5124378109452736,6,0,False,
BNIP1,0.003338402137160301,2.5700806265887206e-05,0.0001777075326519086,0.43781094527363185,3,0,False,
PCLAF,0.00111624722679457,2.559699259768507e-05,0.002285416261495306,0.43283582089552236,5,0,False,
SLC22A5,0.004320730765660613,2.5572416895941558e-05,6.299872209360245e-05,0.26865671641791045,2,0,False,
VPS13A,0.0006099194288253784,2.539352292928678e-05,0.0033381374994274826,0.4925373134328358,6,0,False,
DDX41,0.0017167814075946808,2.536311848869101e-05,0.0004613008142423133,0.48258706467661694,5,0,False,
PTPN23,0.001991691067814827,2.5277747278077825e-05,0.0004096357505471186,0.47761194029850745,5,0,False,
TM2D2,0.001102754225333527,2.509476173425184e-05,0.0004203659553642302,0.43283582089552236,6,0,False,
API5,0.001222985486189515,2.47718111179938e-05,0.0010997041377287333,0.527363184079602,6,0,False,
IFRD2,0.0008821735779444562,2.4569619821145182e-05,0.0024703659596327287,0.5223880597014925,6,0,False,
NMRK1,0.0016168467700481415,2.4277662208016976e-05,0.00030278627464958865,0.4427860696517413,6,0,False,
MRAP2,0.026872416958212852,2.4081891711356266e-05,4.196902389182987e-05,0.23383084577114427,1,0,False,
TK2,0.0037866594890753474,2.380591042194073e-05,0.00020679658516478873,0.43781094527363185,3,0,False,
TPST2,0.00274658203125,2.3790911146213926e-05,0.0003856169042318683,0.4577114427860697,4,0,False,
ARAF,0.0019852506617704935,2.36795420807213e-05,0.00041101049580795704,0.48756218905472637,5,0,False,
LYRM7,0.002753922715783119,2.2978604679701848e-05,0.00023443091354355015,0.48756218905472637,3,0,False,
OVOL2,0.0012569986283779144,2.2949541406637323e-05,0.0008499349383366768,0.48756218905472637,6,0,False,
VPS50,0.0022337393214305334,2.2794566209851868e-05,0.0001844067278785489,0.4527363184079602,4,0,False,
VPS72,0.0010784268379211426,2.2791494019392837e-05,0.0005973457952730112,0.4975124378109453,6,0,False,
RIMBP2,0.029328422620892525,2.26775482053678e-05,7.918216971043353e-05,0.39800995024875624,1,0,False,
DCK,0.003552992517749473,2.2138331846844597e-05,0.00012470757299167833,0.4129353233830846,3,0,False,
BTBD6,0.0012988584736982889,2.1778672749849773e-05,0.0009323833573719147,0.48756218905472637,6,0,False,
FASN,0.0007284395396709442,2.1752182708833947e-05,0.002645360278172819,0.4925373134328358,6,0,False,
ASF1A,0.003126978874206543,2.173381379121534e-05,0.00012270883562561378,0.4129353233830846,4,0,False,
TBC1D14,0.0030090119689702988,2.1679140015580212e-05,0.00021479101081897512,0.5323383084577115,4,0,False,
OXLD1,0.0008330730100472861,2.1283228500921688e-05,0.0011132241140246544,0.472636815920398,6,0,False,
NIP7,0.0011787240703900609,2.1256067854266427e-05,0.0004306530593318178,0.4527363184079602,6,0,False,
CCDC93,0.0010621001323064122,2.1251267566633367e-05,0.0006450133314320506,0.4925373134328358,5,0,False,
PLRG1,0.001457521071036666,2.1138138261064842e-05,0.0003002865944097642,0.48258706467661694,5,0,False,
RIC8A,0.001315304388602584,2.111859133490139e-05,0.00043015965961242555,0.4577114427860697,5,0,False,
DUSP4,0.00042658547560373017,2.10093368891992e-05,0.003452676719189942,0.48756218905472637,6,0,False,
CARMIL1,0.0006943394740422382,2.09981170129867e-05,0.0019739453497464167,0.48756218905472637,6,0,False,
DTYMK,0.0006877606113751544,2.0958200553581024e-05,0.0028034992583965287,0.43781094527363185,6,0,False,
COX18,0.0035638914753993306,2.085933151921377e-05,0.0001240629543878995,0.4427860696517413,2,0,False,
MRPS14,0.000892138729492814,2.0671260337384577e-05,0.0009299837847968275,0.5074626865671642,6,0,False,
AFAP1,0.0015202127397060394,2.0470024117155598e-05,0.00029934582197351076,0.4975124378109453,5,0,False,
TRIM41,0.0026691208283106393,2.0417275307207253e-05,0.00012760206533947045,0.39303482587064675,3,0,False,
C16orf91,0.0008530256648858342,1.9932064322191323e-05,0.0005244873966488162,0.44776119402985076,6,0,False,
MEX3C,0.001490643868843719,1.9582145483873344e-05,0.00021731780347629832,0.44776119402985076,4,0,False,
MFSD6,0.001006387174129486,1.9468264803786433e-05,0.0009932981285965487,0.5472636815920398,6,0,False,
CDC42BPG,0.002219758927822113,1.9368874056788415e-05,0.00015804803724594888,0.4527363184079602,4,0,False,
AK6,0.0009584886332352771,1.923888876865184e-05,0.0008656863484041076,0.5024875621890548,6,0,False,
OSTM1,0.0016998959084351811,1.9111191252319927e-05,0.0001976177186959058,0.4527363184079602,4,0,False,
SLC30A5,0.0012330686052640094,1.881068342434918e-05,0.000463351176280706,0.4925373134328358,5,0,False,
RAP2A,0.0016262282927830968,1.8633860245160576e-05,0.00021858767306780495,0.5223880597014925,6,0,False,
HIST3H2A,0.0009591268996397562,1.8511880390581088e-05,0.000732447946223051,0.4577114427860697,5,0,False,
ERLIN2,0.0011322051286697388,1.8039344760258795e-05,0.0005763477553088741,0.5124378109452736,5,0,False,
SLC9A4,0.052369579362372576,1.7531698265776182e-05,3.859203015977899e-05,0.3333333333333333,1,0,False,
EEF2K,0.0015939200917879787,1.7470972926430403e-05,0.0003369893876070027,0.5074626865671642,4,0,False,
TIMM21,0.002926639591654137,1.7287898912982623e-05,0.00013457631559740782,0.43781094527363185,3,0,False,
FBXO8,0.0019610561430454254,1.7147204962944193e-05,0.00014985945433609396,0.39303482587064675,3,0,False,
COQ5,0.0020417049527168274,1.711707471416928e-05,0.00014341661822174867,0.4228855721393035,4,0,False,
MRPL21,0.00028908252716064453,1.6729645280099582e-05,0.004579790741721933,0.417910447761194,6,0,False,
TMEM220,0.0031158303221066608,1.6679072786186957e-05,0.00036977007575675894,0.5373134328358209,3,0,False,
SNAPIN,0.0010910797864198685,1.6334165865453774e-05,0.00041014660524835806,0.4925373134328358,6,0,False,
SELENOF,0.0002212574084600183,1.6200353265215773e-05,0.005079767670644867,0.48756218905472637,6,0,False,
AL390719.2,0.0020027197897434235,1.5679660067018933e-05,0.00030168913366957964,0.46766169154228854,3,0,False,
SLC35A1,0.001627004394928605,1.5637767882806372e-05,0.000369875683378071,0.5074626865671642,4,0,False,
NR0B2,0.004282042384147644,1.5349738795100426e-05,0.00023875814307158685,0.417910447761194,2,0,False,
NIPA1,0.0031092800199985504,1.5306410414919916e-05,0.00012692326618942123,0.4129353233830846,3,0,False,
MKKS,0.0011016633361577988,1.5216965669528153e-05,0.0005148225946438153,0.4626865671641791,6,0,False,
VKORC1L1,0.000757608562707901,1.5144461373478386e-05,0.0010164938150582705,0.4975124378109453,6,0,False,
ABHD10,0.0021914225071668625,1.47097842635137e-05,0.00018648035513944285,0.5174129353233831,3,0,False,
NSMCE2,0.0008696491519610133,1.4594614827867613e-05,0.0002456554205592935,0.43283582089552236,6,0,False,
PCGF5,0.00048712144295373627,1.4497619720363275e-05,0.0017923133946300758,0.48258706467661694,6,0,False,
MTG2,0.0004936413218577795,1.426571141667219e-05,0.0008933683665280637,0.48756218905472637,6,0,False,
HTRA2,0.001140134409070015,1.3608841278066171e-05,0.00017412522162679365,0.4626865671641791,5,0,False,
PART1,0.026800142601132393,1.3227952644720935e-05,2.064150255650594e-05,0.1691542288557214,0,0,False,
RABEP2,0.0009568668901920319,1.318280191461163e-05,0.0004149552999715098,0.4527363184079602,5,0,False,
QRSL1,0.001065404464801148,1.3105165939546505e-05,0.0003915742157871488,0.5373134328358209,5,0,False,
EXT2,0.001178879290819168,1.3005291509804334e-05,0.00016771712938190835,0.4427860696517413,6,0,False,
RNF214,0.0009314753115177155,1.2929731420825064e-05,0.0004523823544293264,0.48258706467661694,5,0,False,
ARFRP1,0.0004833800097306662,1.2485321127892933e-05,0.0008555063659957743,0.5124378109452736,6,0,False,
ZNF226,0.0009207837283611298,1.2068852247471215e-05,0.0004220002900343071,0.4925373134328358,5,0,False,
RNF14,0.0015466809272766113,1.1897297688892396e-05,0.00020788379652276123,0.5024875621890548,5,0,False,
UBTD2,0.0014530867338180542,1.1605912256668103e-05,0.00028422916355051346,0.48258706467661694,3,0,False,
GM2A,0.0016426226745049205,1.122904007966375e-05,0.00013097858687049035,0.44776119402985076,3,0,False,
THG1L,0.0011202264577150345,1.1139938522553443e-05,0.000243556563082366,0.4626865671641791,5,0,False,
MFSD3,0.0010206308215856552,1.1013670396016021e-05,0.0003473635795980998,0.4626865671641791,4,0,False,
POC1B,0.0007978174835443497,1.0127878119092976e-05,0.00042386029578106465,0.44776119402985076,4,0,False,
CRYBA2,0.06382744510968527,9.676855120065205e-06,2.5822393985875863e-05,0.30845771144278605,1,0,False,
TMEM199,0.0008038505911827087,9.619954222747456e-06,0.0002778436092886049,0.5223880597014925,5,0,False,
NRBP1,0.00024898846944171327,9.51418477474948e-06,0.002326539427228969,0.5074626865671642,6,0,False,
LANCL1,0.0010980920245250159,9.26207540751355e-06,0.00017270346702227536,0.47761194029850745,4,0,False,
CTDSPL2,0.0005366504192352295,8.817136182124675e-06,0.0006034518325892162,0.4975124378109453,6,0,False,
GOLT1A,0.000883139049013465,8.472963909664839e-06,0.00023085746010173934,0.47761194029850745,3,0,False,
EFL1,0.0007643947998682565,8.290725925909306e-06,0.0002548019474783364,0.4527363184079602,4,0,False,
AUH,0.0007398128509521484,8.014769119615111e-06,0.00023303191331698665,0.5024875621890548,3,0,False,
EXOSC1,0.0003685454527537213,7.628047023426745e-06,0.0009679335721285503,0.5223880597014925,6,0,False,
GGCX,0.00039392709732055664,6.672845926788785e-06,0.0003824123620753001,0.472636815920398,6,0,False,
UBE2G1,0.0002851225435733795,6.087201524873032e-06,0.0006625085695824164,0.527363184079602,6,0,False,
POLG,0.00039779146512348984,5.919734592468762e-06,0.0003526054591225521,0.5024875621890548,5,0,False,
TMPRSS3,0.00044461277623969453,5.753729892887987e-06,0.0008015515307333858,0.472636815920398,5,0,False,
MRPS24,6.195406119036129e-05,5.172395905193021e-06,0.010373368262548685,0.46766169154228854,6,0,False,
SRM,0.00012244532505673034,5.004754021255117e-06,0.003817622621770179,0.47761194029850745,6,0,False,
MOB4,0.00013298044602075287,4.76115316071789e-06,0.0013130737963921366,0.5373134328358209,6,0,False,
SERTAD3,0.0002342797815799713,4.700738602707194e-06,0.0008704702606268625,0.4427860696517413,6,0,False,
ADPGK,0.00023664037386576797,4.41234525352493e-06,0.0005809261787749751,0.5223880597014925,5,0,False,
BRPF3,0.0004619682828585353,4.271843668103804e-06,0.00014657750588592484,0.5074626865671642,4,0,False,
PYCR2,0.00021703292926153472,4.239902239578325e-06,0.0007017620405734104,0.5223880597014925,6,0,False,
FBP2,0.029462041022876903,4.207137703921954e-06,9.633059153705116e-06,0.2885572139303483,0,0,False,
ERCC6,0.0002970372637113028,3.871382878492552e-06,0.0003069631599605151,0.5223880597014925,5,0,False,
VPS37A,0.00019925336043041808,3.3462871452587282e-06,0.0004576771639826147,0.527363184079602,6,0,False,
NUP93,0.0003055085738499913,2.8732633158279037e-06,0.000344975156519093,0.4975124378109453,4,0,False,
NTAN1,0.0001961681991815567,2.717130039457046e-06,0.00046413593276320377,0.5024875621890548,5,0,False,
CCNDBP1,0.00012425333261489868,2.659193939107593e-06,0.0014440106687234582,0.46766169154228854,6,0,False,
TOM1L2,0.00025026748577754165,2.6467031828949847e-06,0.0003114283870323178,0.47761194029850745,5,0,False,
THAP5,0.00015404075384140015,2.3933851486864488e-06,0.0006831136116893213,0.5323383084577115,5,0,False,
SNX19,0.00024368489782014557,2.3148933906865706e-06,0.00016057459156078525,0.5124378109452736,4,0,False,
CYP4V2,0.00042135144273440506,2.311577272366083e-06,0.00010971380895104474,0.4925373134328358,2,0,False,
MTFR1L,0.00024611130356788635,2.117173801997832e-06,0.0003177058732160248,0.48756218905472637,3,0,False,
TIMM44,0.00012273589770001037,1.7329697634837497e-06,0.0005895869977383399,0.5223880597014925,4,0,False,
TAF13,8.709356188774109e-05,1.7201252243061409e-06,0.0008750905411671142,0.5223880597014925,6,0,False,
BRAP,0.00012419310708840225,1.5027457128684869e-06,0.00022862685503480197,0.5223880597014925,5,0,False,
MLLT3,0.00011158734560012817,1.4874718993992608e-06,0.0004012454465368591,0.5074626865671642,5,0,False,
DNAAF5,0.00011280116935570572,1.3950362360731472e-06,0.0003317179496417579,0.4925373134328358,4,0,False,
PDE7A,0.00011618187030155991,1.3931314313850589e-06,0.00027417699216104565,0.47761194029850745,5,0,False,
KIAA1191,5.9895217418670654e-05,1.1364708103665953e-06,0.00046609411037821147,0.4975124378109453,6,0,False,
MLH1,0.00015143367151419784,1.0440100963001405e-06,0.00014766282631870588,0.4925373134328358,2,0,False,
SOX21,0.019238097205137222,9.358332214667225e-07,4.617257265551897e-06,0.42786069651741293,1,0,False,
ATG12,1.6552706559536112e-05,7.578929607762701e-07,0.0023744064081782567,0.5074626865671642,6,0,False,
MXI1,4.5062353213637385e-05,6.919815114945293e-07,0.0004072119032182182,0.4577114427860697,5,0,False,
ZNF480,5.454073349635269e-05,6.330224304427797e-07,0.00033721380716007424,0.5174129353233831,3,0,False,
MXD4,1.5363097190856934e-05,4.7136162577149145e-07,0.0011866483432239861,0.5024875621890548,6,0,False,
PROM1,2.884119749069214e-05,2.979787597710513e-07,0.0006004662470674525,0.48258706467661694,3,0,False,
USP54,1.4115124940872192e-05,2.3022328914461528e-07,0.0011154750376652569,0.5174129353233831,4,0,False,
GKN1,-0.240072701126337,0.0,0.0,1.0,1,0,False,
FEV,0.17048232505718866,0.0,0.0,1.0,1,0,False,
NKX6-2,0.12879479676485062,0.0,0.0,1.0,0,0,False,
YTHDC2,-6.233652432852121e-07,-1.1334126774566964e-08,0.0007135685965214548,0.5771144278606966,5,0,False,
UMPS,-1.804158091545105e-05,-2.753430562955908e-07,0.0005815817286572722,0.527363184079602,5,0,False,
OSGEP,-1.452614863711732e-05,-3.3332135084847735e-07,0.00045309125665535493,0.472636815920398,5,0,False,
RAB20,-2.813463409741257e-05,-3.593176379898237e-07,0.0003163493641449795,0.5323383084577115,5,0,False,
DDX39B,-5.776683489500112e-06,-4.655259853161588e-07,0.006610730708149111,0.5223880597014925,6,0,False,
PGAP1,-0.00010492280125617981,-4.890824461899499e-07,9.261369320256871e-05,0.5223880597014925,1,0,False,
ENDOD1,-5.8307001988097684e-05,-6.668945599506531e-07,0.000275310815130719,0.5223880597014925,5,0,False,
SPA17,-9.402632713317871e-05,-1.0002194933603478e-06,0.00043910505420552626,0.5373134328358209,4,0,False,
HEXIM1,-1.6383826732635498e-05,-1.0316523632883238e-06,0.009520856852707003,0.44776119402985076,6,0,False,
SLC28A2,-0.044589159389336885,-1.1229672485178127e-06,5.535924651753866e-06,0.6318407960199005,1,0,False,
TRMT1L,-0.00014851801097393036,-1.301530256908223e-06,0.00019801732935908784,0.5572139303482587,4,0,False,
CRKL,-0.00011615951855978301,-1.5571529363533803e-06,0.00020723712820814097,0.5124378109452736,4,0,False,
SCRN2,-0.0001741933325926509,-1.780663973509131e-06,0.0003607115390185277,0.527363184079602,5,0,False,
ABAT,-0.0005123174438873834,-1.8228946437479499e-06,6.352187238777616e-05,0.527363184079602,2,0,False,
EIF4E3,-0.00040996943910916184,-2.7227904074241823e-06,0.00015784017648717095,0.5771144278606966,1,0,False,
MLEC,-4.545847574877193e-05,-3.5855752493599085e-06,0.01660466151691573,0.4975124378109453,6,0,False,
ATP8A1,-0.0004470236599445343,-4.084606793463652e-06,0.0003635969150683579,0.5074626865671642,2,0,False,
NSMCE1,-0.00015506893396377563,-4.098138171687161e-06,0.0008190942922316284,0.48258706467661694,6,0,False,
SH2B1,-0.0003688397506872859,-4.155503288944747e-06,0.00023972708026849868,0.48258706467661694,4,0,False,
TAF9,-0.00011695921421051025,-4.17548179386892e-06,0.002266291149523527,0.5223880597014925,6,0,False,
CHAMP1,-0.00043466687202453613,-4.219984741804724e-06,0.00025035238776574667,0.5572139303482587,4,0,False,
CPSF3,-0.00036249371866385605,-4.488704363644525e-06,0.00040382719565680103,0.5024875621890548,4,0,False,
RRP8,-0.0003225058317184448,-4.514821068492548e-06,0.0004571810847428817,0.5323383084577115,5,0,False,
BCLAF3,-0.00042393244802951813,-4.5481739645372534e-06,0.00030084684565008003,0.4975124378109453,3,0,False,
RSRC1,-0.00012684613466262817,-5.061314605292211e-06,0.0023678254010508254,0.5422885572139303,6,0,False,
SNX12,-0.0005002326021591869,-5.326840231150909e-06,0.0002550912938966587,0.5422885572139303,5,0,False,
PDX1,-0.0014562575767437663,-5.492575730621154e-06,0.00020898438699990576,0.527363184079602,2,0,False,
EGFR,-0.0003378142913182669,-5.668909194186637e-06,0.0006409535501398996,0.5174129353233831,5,0,False,
TNKS1BP1,-0.00032880157232284546,-5.840486909113533e-06,0.001038850106246879,0.5174129353233831,5,0,False,
FRG1,-0.0002413814266522818,-5.857279953952728e-06,0.001306435233552673,0.5422885572139303,6,0,False,
AVEN,-0.0006581979493300028,-6.099363764788786e-06,0.00012041076240483311,0.5522388059701493,3,0,False,
SLC25A28,-0.0006475572784741812,-6.532238134849099e-06,0.00020681372025371924,0.4975124378109453,5,0,False,
VWA5A,-0.0013433570663134303,-6.785363330076076e-06,7.86198429801178e-05,0.5422885572139303,0,0,False,
SAMM50,-0.0003767857948938913,-6.981433922361188e-06,0.001142763325258213,0.5472636815920398,5,0,False,
GP2,-0.003532879054546356,-7.09584717504403e-06,0.00012567371649323565,0.582089552238806,2,0,False,
LGALSL,-0.00043788303931555084,-7.171621367317746e-06,0.001077453361482651,0.5174129353233831,5,0,False,
IVNS1ABP,-0.00014903893073403562,-7.328458129196556e-06,0.0045368292732159065,0.48258706467661694,6,0,False,
SPECC1,-0.00041830291350680726,-8.190512409149324e-06,0.0009721493619748358,0.48258706467661694,5,0,False,
TMEM250,-0.001034493247667953,-8.219772434053278e-06,0.00017708235478615917,0.5223880597014925,4,0,False,
FAM89B,-0.000401325523853302,-8.444318295282057e-06,0.0005878237943622428,0.472636815920398,6,0,False,
EPB41L4B,-0.001381009817123413,-8.736753901454078e-06,0.0002925225681782886,0.6218905472636815,2,0,False,
GPN1,-0.0008434529105822153,-9.035096603039937e-06,0.00021550057803514731,0.5323383084577115,4,0,False,
APEH,-0.00041916469732919404,-9.348788521420653e-06,0.0017830965956128226,0.5024875621890548,6,0,False,
IRAK4,-0.0007307889560858455,-9.393538854129306e-06,0.00024604748524949195,0.5572139303482587,5,0,False,
LINC00623,-0.0005626423905293193,-9.450418864165082e-06,0.0006408825847107717,0.48756218905472637,5,0,False,
PRRG2,-0.0006604691346486363,-9.684856990318263e-06,0.000269306195522737,0.5472636815920398,6,0,False,
LRRC8D,-0.0008690947045882497,-9.714992134160477e-06,0.00016923287175918365,0.5223880597014925,4,0,False,
LRCH1,-0.000569825371106461,-9.78672018916618e-06,0.0005778595587690005,0.5323383084577115,4,0,False,
AAAS,-0.001019516959786415,-9.948093615471939e-06,0.0002704408263636909,0.5771144278606966,4,0,False,
ANAPC10,-0.000939931720495224,-9.99754663796282e-06,0.00012702202829449686,0.5522388059701493,5,0,False,
SLC45A4,-0.000648119176427514,-1.0172296467150942e-05,0.0009852359145314771,0.4975124378109453,5,0,False,
TMEM161B,-0.0010354270537694388,-1.0402109911724687e-05,0.00023491757859732518,0.5671641791044776,4,0,False,
UCKL1,-0.0006707285841306143,-1.0599791794516667e-05,0.000363514350902827,0.5024875621890548,5,0,False,
PPP1R12B,-0.0005335373183091574,-1.1724807314455773e-05,0.0007899287385473843,0.5671641791044776,5,0,False,
CASP8AP2,-0.0006692657868067331,-1.189945164712096e-05,0.0009563706904516972,0.5174129353233831,4,0,False,
ZNF576,-0.001050744205713272,-1.2068728391904005e-05,0.00023791505027769043,0.5472636815920398,5,0,False,
TUSC2,-0.00048088033994039825,-1.2219223911948484e-05,0.0009316269016729316,0.5124378109452736,6,0,False,
UCK2,-0.0006458194305499487,-1.2261397663781451e-05,0.0005339604368586901,0.5074626865671642,6,0,False,
STAU2,-0.0008101860682169504,-1.2425758174392802e-05,0.00048067214464472976,0.5472636815920398,5,0,False,
ALG3,-0.00038972869515419006,-1.2551659092819424e-05,0.0016371230388127125,0.5124378109452736,6,0,False,
HGD,-0.0022107685605684962,-1.256581591817097e-05,0.00017578823215212922,0.5373134328358209,2,0,False,
AKAP10,-0.0012557817002137456,-1.2609931245433096e-05,0.00025071084989733693,0.4925373134328358,4,0,False,
SNAPC5,-0.0008385671923557825,-1.2615814673462595e-05,0.00044145185810667647,0.5373134328358209,6,0,False,
MRPL49,-0.0008597249786058969,-1.303892373408621e-05,0.0005089350283059797,0.5870646766169154,5,0,False,
MBOAT1,-0.001064856847127274,-1.3078192588197596e-05,0.0005264993305618539,0.4975124378109453,4,0,False,
GLRX5,-0.0002403557300567627,-1.3190690786167382e-05,0.005466416227993993,0.4427860696517413,6,0,False,
RHPN2,-0.00034146010875701904,-1.3288408884324159e-05,0.004938438293841206,0.5124378109452736,6,0,False,
NACC1,-0.0009752195328474045,-1.339621008556367e-05,0.0003621748294059685,0.5124378109452736,4,0,False,
PBDC1,-0.00040966769059497254,-1.341454907219735e-05,0.002143893822448234,0.5024875621890548,6,0,False,
C3orf38,-0.0010123563309510503,-1.3553827707668673e-05,0.0002679116518948499,0.5572139303482587,4,0,False,
PPIL3,-0.001803440973162651,-1.3665699380060195e-05,0.00017919355625132445,0.5323383084577115,4,0,False,
FARSB,-0.000817070404688508,-1.3744465422306563e-05,0.0007176588948334089,0.5223880597014925,6,0,False,
NAGLU,-0.0014315632482369833,-1.3787509591596383e-05,0.00031165071969730193,0.527363184079602,3,0,False,
KIAA2013,-0.0004984736442565918,-1.4305836284867949e-05,0.0010991223213630034,0.48756218905472637,6,0,False,
PTRH2,-0.0007500015199184418,-1.4369824244706707e-05,0.0005114103746207885,0.5373134328358209,5,0,False,
PLOD2,-0.002342087527116135,-1.4921777910472832e-05,0.00033753210245434745,0.5572139303482587,1,0,False,
G6PD,-0.001015378783146531,-1.5008344753404567e-05,0.0007957933589467965,0.5323383084577115,6,0,False,
HDDC3,-0.0008483429749806815,-1.5039293076927083e-05,0.00044320232411926085,0.472636815920398,6,0,False,
CACFD1,-0.0013363634546597614,-1.5286850684110047e-05,0.00040806400604008616,0.5074626865671642,5,0,False,
ELMOD2,-0.0017814164360364232,-1.5562380016984973e-05,0.00021816903986909535,0.5323383084577115,5,0,False,
BTN2A1,-0.0010010444869597845,-1.585690821919894e-05,0.0004309124298587943,0.5870646766169154,6,0,False,
IDE,-0.0011762119829654694,-1.6059485213063806e-05,0.0007335232022984512,0.527363184079602,5,0,False,
LCOR,-0.0003203501303990497,-1.6144345712290446e-05,0.0036930050620398044,0.4925373134328358,6,0,False,
LCLAT1,-0.001889613767464951,-1.663738077353523e-05,0.00029635709049852965,0.5422885572139303,4,0,False,
AKIRIN2,-0.0007065211733182086,-1.6717264298590693e-05,0.00038422555146261085,0.5373134328358209,6,0,False,
ERVK13-1,-0.0015900048116842813,-1.7022269377623917e-05,0.00027312305570344745,0.5472636815920398,3,0,False,
RAB35,-0.0011264346539974213,-1.7132178463879394e-05,0.0005047097245974307,0.47761194029850745,5,0,False,
CCDC28A,-0.0013553338746229854,-1.7408911305280214e-05,0.00031207901650934813,0.5621890547263682,5,0,False,
BCAS2,-0.0005099202195803509,-1.7752106232172245e-05,0.0019769159548343705,0.572139303482587,6,0,False,
GLMP,-0.0011434840659300533,-1.8026029839308734e-05,0.00034709452077348086,0.5323383084577115,6,0,False,
NRAS,-0.001055235664049775,-1.827078037265585e-05,0.000716035077573609,0.5074626865671642,6,0,False,
TMEM87B,-0.0005894700686136789,-1.8642280168000055e-05,0.0014867019581003096,0.5223880597014925,6,0,False,
GPR137,-0.002086422095696136,-1.8793267924495633e-05,0.0002791095653633994,0.5124378109452736,4,0,False,
VAPB,-0.0007049590349197388,-1.892529789039565e-05,0.0014849166084265261,0.5671641791044776,6,0,False,
ATP7A,-0.0032506262262662206,-1.96893610966271e-05,0.00011845803036421929,0.6019900497512438,1,0,False,
GJB1,-0.0015602782368660112,-1.9923478996178705e-05,0.00043576261893647284,0.5522388059701493,5,0,False,
C5orf15,-0.00146656980117163,-1.9973651754511363e-05,0.0005625436932789861,0.5472636815920398,5,0,False,
MIB2,-0.0005352509518464499,-2.0869319403229813e-05,0.0016139214903101529,0.472636815920398,6,0,False,
PHF11,-0.0007075183093547821,-2.0947156829984323e-05,0.0010137636744158049,0.5323383084577115,6,0,False,
NDUFAF4,-0.0012204187611738748,-2.1095386782501176e-05,0.0003313793966891835,0.47761194029850745,6,0,False,
DCPS,-0.0014285581807295528,-2.1233415265455226e-05,0.0004804504612867249,0.5174129353233831,5,0,False,
FERMT3,-0.003202804674704879,-2.1578845210934206e-05,0.00024126820127203086,0.5174129353233831,1,0,False,
ARFIP2,-0.0012618775169054852,-2.1586514585688682e-05,0.0010262763645629953,0.5373134328358209,6,0,False,
GDAP2,-0.0023146464178959436,-2.1623283678250615e-05,0.00020791058140819164,0.5771144278606966,4,0,False,
INIP,-0.0016857124865055084,-2.1636862533841484e-05,0.0004341697413036573,0.5621890547263682,5,0,False,
VPS26C,-0.0021784392495950156,-2.173929591032145e-05,0.00020733612755776006,0.4975124378109453,4,0,False,
HEATR5A,-0.0018481624623139653,-2.2088959474956526e-05,0.00022844063988152174,0.5323383084577115,5,0,False,
RPGR,-0.0011729424198468341,-2.2132692408104845e-05,0.0010029550027228348,0.5621890547263682,6,0,False,
STK38L,-0.0010782790680726184,-2.2351112949848635e-05,0.0012926448375171285,0.5223880597014925,5,0,False,
DENND10,-0.001735011736551939,-2.258335648858987e-05,0.00035715139922714304,0.5323383084577115,6,0,False,
MPZL1,-0.0005836784839630127,-2.3092853142403672e-05,0.002929861448425078,0.5024875621890548,6,0,False,
GSS,-0.0006429913143316812,-2.310056477182002e-05,0.0021987463450151095,0.5124378109452736,6,0,False,
POLG2,-0.0014581885188817978,-2.4097401160362487e-05,0.0013534650897124877,0.5174129353233831,4,0,False,
MPPE1,-0.0016117654740810394,-2.418054716252555e-05,0.0003412962892815816,0.5124378109452736,5,0,False,
ATP6V0A2,-0.0026786470164855275,-2.4324181032962444e-05,0.00028941634460094687,0.582089552238806,4,0,False,
RRS1,-0.0013834635416666713,-2.4470158423595092e-05,0.0006969030426802345,0.5472636815920398,6,0,False,
RSPH1,-0.0032954663038253784,-2.4473338694181748e-05,0.00020310025917527998,0.5472636815920398,3,0,False,
ACSS1,-0.001120739926894515,-2.4995105859964546e-05,0.0006601932696280358,0.4925373134328358,5,0,False,
C18orf25,-0.002387202034393951,-2.5111047337125733e-05,0.00019695644767029607,0.6169154228855721,4,0,False,
DOCK8,-0.002165459096431732,-2.520108733059162e-05,0.00046308895038052575,0.5373134328358209,1,0,False,
NCK1,-0.0009105131030082703,-2.5267505223585516e-05,0.0009060398936600766,0.5373134328358209,6,0,False,
MFSD11,-0.0019341222941875458,-2.536248069397977e-05,0.00025295327757973675,0.5572139303482587,5,0,False,
CAAP1,-0.001589333017667116,-2.56525674094101e-05,0.0005920073585621064,0.5124378109452736,5,0,False,
SEC24C,-0.00178222979108493,-2.5665692980547856e-05,0.0007129063438641204,0.5522388059701493,5,0,False,
ZNF511,-0.0008676499128341675,-2.5775192485689737e-05,0.0011228611297527732,0.48756218905472637,6,0,False,
TMEM168,-0.002581333120663956,-2.5780708098833973e-05,0.00033015635890657044,0.5771144278606966,4,0,False,
RAMAC,-0.0026018122831980434,-2.6021000003856e-05,0.00021934877338808113,0.6069651741293532,5,0,False,
SPIRE2,-0.0014437822004159107,-2.6224520271711707e-05,0.0007166287791426337,0.46766169154228854,4,0,False,
RAB5A,-0.0006685455640157434,-2.6987759762850765e-05,0.0033032720468679122,0.48756218905472637,6,0,False,
SMG5,-0.0016669544080893106,-2.7423144011659373e-05,0.0003785367106410837,0.4577114427860697,6,0,False,
LHPP,-0.003129567950963974,-2.750108046061995e-05,0.00025018643908287895,0.5621890547263682,3,0,False,
CYP51A1,-0.00034231444199883665,-2.7641528771290244e-05,0.0177965525338119,0.5124378109452736,6,0,False,
BX284668.5,-0.0029414184391498566,-2.789743519677552e-05,0.0004225929597073937,0.47761194029850745,4,0,False,
ARX,-0.02293966275950271,-2.8432656631025054e-05,0.00010201066683472648,0.5771144278606966,1,0,False,
MPDU1,-0.0010774359107017517,-2.8433317025949482e-05,0.00176615616286747,0.48756218905472637,6,0,False,
NAAA,-0.007178019732236862,-2.8510622925082925e-05,0.00010561628097811507,0.5870646766169154,1,0,False,
C4orf33,-0.0022606588900089403,-2.8583268870859883e-05,0.0005098088833536201,0.5124378109452736,4,0,False,
ABHD5,-0.0007866521676381244,-2.8668745224368903e-05,0.0036756074625971195,0.5174129353233831,6,0,False,
FAM83F,-0.006702106446027756,-2.874312170376486e-05,0.00012919739740789596,0.6069651741293532,2,0,False,
TRIM16,-0.0010569008688131876,-2.8863254665833626e-05,0.0032928534538845568,0.527363184079602,6,0,False,
AKAP9,-0.00026285648345947266,-2.8948621698859455e-05,0.019665288591587046,0.5074626865671642,6,0,False,
CEP170B,-0.0012001954019069672,-2.9188216899875755e-05,0.0011254112918764531,0.4975124378109453,6,0,False,
TTC33,-0.003975452855229378,-2.922134423948548e-05,0.0001833746780947966,0.681592039800995,3,0,False,
SLC2A10,-0.010579971596598625,-2.9275624931920997e-05,0.00019398060949940086,0.5671641791044776,1,0,False,
HUS1,-0.002605655541022628,-2.930388281505217e-05,0.0002570127146997701,0.5621890547263682,5,0,False,
FAM49B,-0.00073050210873285,-2.938594545263219e-05,0.001051112113354988,0.48258706467661694,6,0,False,
SPRY2,-0.002156076331933335,-3.0014055161337867e-05,0.0003699214071533076,0.5920398009950248,6,0,False,
PYROXD1,-0.0025887787342071533,-3.015089032633762e-05,0.00034002038339649355,0.5920398009950248,5,0,False,
AP5M1,-0.0022515704234441214,-3.0219808959305267e-05,0.0003103726220744212,0.527363184079602,5,0,False,
BCKDK,-0.0022158163289228983,-3.0368445542517124e-05,0.00043256863832796555,0.5124378109452736,6,0,False,
CEP126,-0.006023146212100969,-3.038980919623471e-05,0.0003811916984433326,0.6019900497512438,1,0,False,
NT5C2,-0.001674490670363099,-3.0554425095179285e-05,0.0006480173322190103,0.5472636815920398,5,0,False,
MFSD12,-0.00149220662812391,-3.058230140228668e-05,0.00063553731414708,0.48258706467661694,6,0,False,
MEPCE,-0.0017680438856283731,-3.070218024508569e-05,0.0005024089963290083,0.5323383084577115,5,0,False,
TRPC4AP,-0.0009807931880156384,-3.079406789656924e-05,0.0012734940546852726,0.5223880597014925,6,0,False,
SEPTIN8,-0.0022991858422756195,-3.0997980630139274e-05,0.0005286692092276462,0.5472636815920398,4,0,False,
HDHD5,-0.0023986908296744075,-3.101655135764911e-05,0.00027430255282889684,0.5124378109452736,4,0,False,
DHRSX,-0.0031556785106658936,-3.1021381948999175e-05,0.00017330141093851,0.6119402985074627,5,0,False,
TCAIM,-0.0028639224668343816,-3.1637136322934355e-05,0.0004066555703801555,0.5572139303482587,5,0,False,
SLFN13,-0.006207469229896859,-3.213195687463359e-05,0.00023080941391696457,0.5472636815920398,3,0,False,
PHRF1,-0.001778970162073762,-3.2285526099957e-05,0.0005704925978632246,0.5472636815920398,4,0,False,
SPDL1,-0.004167129906515285,-3.2300896805376866e-05,0.0002771451189383685,0.5572139303482587,3,0,False,
SMIM5,-0.007321171462535858,-3.2625400040941576e-05,0.00032752271759472454,0.5174129353233831,2,0,False,
SIDT2,-0.004385370761156082,-3.263095272320194e-05,0.0004304537308342495,0.582089552238806,4,0,False,
ATXN7L3,-0.0024692273388306346,-3.3665766335356863e-05,0.00041450205089995387,0.5472636815920398,4,0,False,
ANKMY2,-0.003326850632826478,-3.4478247378886314e-05,0.0003231143417404384,0.5970149253731343,4,0,False,
RAB5B,-0.001930197079976409,-3.449728375778667e-05,0.0007885123629035966,0.5373134328358209,5,0,False,
FOXN2,-0.0016101797421773228,-3.455103408514341e-05,0.0005363410293377141,0.582089552238806,6,0,False,
ALG1,-0.003243064507842064,-3.463303896501317e-05,0.0004033601613553637,0.5621890547263682,4,0,False,
ATG14,-0.0020032295336326056,-3.471718243832116e-05,0.00033037348059172485,0.527363184079602,4,0,False,
PARG,-0.0018238642563422475,-3.474606672634926e-05,0.0006053194069520527,0.5472636815920398,5,0,False,
SHMT2,-0.0017646209647258215,-3.538076169748058e-05,0.0014844898961851212,0.5074626865671642,6,0,False,
CDKN2AIPNL,-0.002844416846831635,-3.6737341159081695e-05,0.00016490816176857172,0.5970149253731343,5,0,False,
KCNQ1,-0.002098719278971345,-3.705675677352077e-05,0.0007249957152855944,0.5522388059701493,5,0,False,
GTF2A1,-0.0020025769869486676,-3.775057896441051e-05,0.0004830001327564421,0.5771144278606966,5,0,False,
UNC50,-0.0016234628856182098,-3.782216504213959e-05,0.0007744886209960306,0.572139303482587,5,0,False,
CCM2,-0.002761058509349823,-3.814964060111826e-05,0.0004547278996835447,0.5621890547263682,6,0,False,
NIPSNAP1,-0.00303365911046663,-3.839778495505741e-05,0.0004857594911681609,0.5223880597014925,5,0,False,
SREBF1,-0.0010807439684867859,-3.864439446828601e-05,0.001908431362004945,0.47761194029850745,6,0,False,
RWDD3,-0.0038886411736408916,-3.8703467697652246e-05,0.00020070301639765834,0.5771144278606966,5,0,False,
DLEU1,-0.004317899545033782,-3.93089229214121e-05,0.0004365140476441274,0.6019900497512438,4,0,False,
BOLA1,-0.002621084451675415,-3.948787734132365e-05,0.0003000425564263309,0.5970149253731343,4,0,False,
PIK3C2B,-0.002664641787608474,-3.959521626523649e-05,0.000610540865272441,0.5621890547263682,5,0,False,
SH3GL1,-0.0029266836742559976,-3.981049218100338e-05,0.00047679170403980314,0.5223880597014925,6,0,False,
MIR4458HG,-0.005959598968426405,-3.9845689337071144e-05,0.0005985198068954065,0.6169154228855721,2,0,False,
ESRP2,-0.0031807174285252843,-4.0460843704121706e-05,0.0006506813977322614,0.5671641791044776,4,0,False,
MTMR14,-0.0033220897118250575,-4.1209721655786105e-05,0.0003133065789964119,0.5323383084577115,6,0,False,
FBRS,-0.0017466532687346048,-4.129047832445419e-05,0.0006917585742318768,0.5174129353233831,6,0,False,
INSIG2,-0.0030800526340802464,-4.135065227531459e-05,0.00022447186924304133,0.6666666666666666,5,0,False,
TTC39A,-0.00566189611951512,-4.143624760996736e-05,0.0005780123807082603,0.5671641791044776,4,0,False,
SPRED2,-0.003298471371332795,-4.171458686253911e-05,0.0003489410050688165,0.5621890547263682,4,0,False,
MAPKAPK5-AS1,-0.0016665756702423096,-4.177235425338866e-05,0.0005712083789738838,0.5522388059701493,6,0,False,
CAPN9,-0.026491348321239144,-4.177515828995673e-05,0.00017421932840602626,0.6318407960199005,0,0,False,
MAP3K5,-0.0049563112358252115,-4.1825908343918095e-05,0.0002569979194607656,0.572139303482587,4,0,False,
APTR,-0.0029505652685960088,-4.1906527012122224e-05,0.0003643513975899176,0.6169154228855721,5,0,False,
KAZALD1,-0.011034232874711364,-4.210957816352575e-05,0.00025552463991196166,0.572139303482587,2,0,False,
ATG9A,-0.002681699891885131,-4.2986014477655225e-05,0.0003827203059735119,0.5323383084577115,6,0,False,
DUSP16,-0.002400041868289321,-4.319643800663473e-05,0.0005242354711838047,0.5970149253731343,4,0,False,
NFU1,-0.0018612965941429138,-4.324017677389748e-05,0.0005713152430334216,0.5621890547263682,6,0,False,
GBF1,-0.0025775184233983173,-4.3444472334499136e-05,0.0005235940385141731,0.5472636815920398,6,0,False,
TRUB1,-0.0047557788590590205,-4.35234002630612e-05,0.0002695952670593136,0.6069651741293532,4,0,False,
CS,-0.0018330166737238751,-4.354515931330496e-05,0.0015811357361346233,0.5074626865671642,6,0,False,
MRPL45,-0.0030289714535077367,-4.3643784809927985e-05,0.0005116250217487467,0.5572139303482587,5,0,False,
THAP1,-0.004980314522981644,-4.3980187073258843e-05,0.0001231430895582751,0.6517412935323383,4,0,False,
TMEM65,-0.005583086982369423,-4.426224815258442e-05,0.00024624194842306644,0.582089552238806,1,0,False,
PDHX,-0.0038941142459710393,-4.477239996227115e-05,0.0005037096148769044,0.5223880597014925,5,0,False,
CNOT8,-0.003392459203799575,-4.4797618937252184e-05,0.0002868133567700213,0.5970149253731343,5,0,False,
PPP2R5D,-0.005073529357711479,-4.579193187544057e-05,9.723123785253391e-05,0.6616915422885572,4,0,False,
SPRYD7,-0.002955518662929535,-4.587383883753685e-05,0.0008014844848046408,0.5870646766169154,6,0,False,
NOC4L,-0.0025956829388936314,-4.6141484089119855e-05,0.00043023245212170716,0.5174129353233831,6,0,False,
TRAPPC10,-0.0027258992195129395,-4.617116415704732e-05,0.0006871351901891325,0.5522388059701493,6,0,False,
TOR3A,-0.00273866206407547,-4.6179090164357805e-05,0.0003747837615202435,0.527363184079602,6,0,False,
SNAPC3,-0.005503804733355849,-4.6759377381781665e-05,0.0003072506575335922,0.6169154228855721,3,0,False,
PPID,-0.0017809420824050903,-4.69798728802423e-05,0.001480269520745863,0.5422885572139303,6,0,False,
BLVRA,-0.004265398407975837,-4.724990925811217e-05,0.00030434698386788174,0.6169154228855721,4,0,False,
ERN1,-0.0016092012325922556,-4.732529175604067e-05,0.0014193797272473066,0.472636815920398,6,0,False,
GALT,-0.005409771576523781,-4.7456490638651304e-05,0.00018421655482240472,0.7064676616915423,4,0,False,
IMPA2,-0.0021845524509748193,-4.748114474547174e-05,0.002679654355728158,0.5472636815920398,6,0,False,
SLC26A2,-0.006285091862082481,-4.7826169103351086e-05,0.00021998535375711357,0.5970149253731343,2,0,False,
HPS5,-0.0056145538886388235,-4.872619464696525e-05,0.00012773789875740056,0.6368159203980099,4,0,False,
PNPO,-0.003200353433688491,-4.887371770027757e-05,0.0007713260064679968,0.5223880597014925,6,0,False,
NAGPA,-0.006137670328219741,-4.93365711349018e-05,0.00023060318851177473,0.6218905472636815,5,0,False,
RAMP1,-0.0023468509316444397,-4.9382013302240754e-05,0.0014815062860050064,0.5074626865671642,4,0,False,
MSN,-0.0013491747279961996,-4.949432982316197e-05,0.0017527873048292515,0.48258706467661694,5,0,False,
NRBF2,-0.0014447992046673908,-4.9854919822270435e-05,0.0016771644484316435,0.5124378109452736,6,0,False,
B4GALT4,-0.0032360392312208996,-5.029476079953769e-05,0.0007408170503854746,0.5621890547263682,5,0,False,
IL13RA1,-0.0014706601699193134,-5.043662543918817e-05,0.0017356960722420313,0.48258706467661694,6,0,False,
MUS81,-0.0032932187120119777,-5.07880990835329e-05,0.0003438162451646008,0.5870646766169154,5,0,False,
DBP,-0.005420252680778503,-5.111207847798951e-05,0.00020761404597543256,0.6268656716417911,4,0,False,
MAD2L1BP,-0.005346642807126045,-5.12738051584381e-05,0.0002131876634968327,0.6567164179104478,4,0,False,
PCNX3,-0.00403948687016964,-5.1320909464654326e-05,0.0003970175100672512,0.527363184079602,5,0,False,
HBS1L,-0.002706168840328843,-5.134035362944884e-05,0.0008049274083366702,0.5920398009950248,5,0,False,
DDX56,-0.0022466195126374378,-5.137432786993427e-05,0.0007745040839503129,0.5024875621890548,6,0,False,
LIPA,-0.00501054649551709,-5.1397374945291946e-05,0.0001823547411907696,0.6666666666666666,4,0,False,
SLC30A9,-0.002364958326021821,-5.140559985119253e-05,0.0015866165525548234,0.5621890547263682,5,0,False,
FAM104B,-0.005118281890948623,-5.18555324000046e-05,0.0001360273137066757,0.7014925373134329,5,0,False,
NUP37,-0.004000258942445115,-5.209805516242762e-05,0.00028768333726675186,0.582089552238806,5,0,False,
ARFGEF2,-0.0015349524716536112,-5.235706934605372e-05,0.0017816199944541708,0.6069651741293532,6,0,False,
TRMT61B,-0.00734383364518483,-5.2698085349269924e-05,0.00015164474217190915,0.6517412935323383,4,0,False,
TADA3,-0.0021955569585164203,-5.287025179516644e-05,0.0009455016737679044,0.5174129353233831,6,0,False,
MTA3,-0.0027703456580638885,-5.2872483892224736e-05,0.0006164902897633027,0.5771144278606966,5,0,False,
STEAP3,-0.009677188470959663,-5.3863590803829974e-05,0.0003791985941863824,0.5422885572139303,3,0,False,
WDR60,-0.001889832317829132,-5.4282631004070406e-05,0.002459743007275329,0.527363184079602,5,0,False,
TMEM265,-0.001391613855957985,-5.43245911365783e-05,0.002169963755676914,0.5124378109452736,6,0,False,
MCRS1,-0.003272486229737581,-5.434003876354557e-05,0.0007180366294170442,0.5373134328358209,6,0,False,
FADD,-0.004635239019989967,-5.4542125010411454e-05,0.00035767009821701274,0.5621890547263682,5,0,False,
TMEM11,-0.0029264638821283884,-5.493131914845944e-05,0.0006169733991161135,0.5223880597014925,6,0,False,
COQ2,-0.006605542575319603,-5.5323750791428545e-05,0.00021492344854586162,0.572139303482587,5,0,False,
CHMP1A,-0.0021481961011886874,-5.603966873826211e-05,0.001864773657350992,0.4975124378109453,6,0,False,
ACOT9,-0.0028101305166880197,-5.624249830333057e-05,0.0007619970291701132,0.5323383084577115,6,0,False,
MRM2,-0.005986783653497696,-5.63732144540595e-05,0.00029397953207186393,0.6069651741293532,5,0,False,
FASTKD1,-0.006590786079565689,-5.6552428113497476e-05,0.00025428137332463637,0.6616915422885572,4,0,False,
SESN1,-0.0038261227309703827,-5.685089930846068e-05,0.0005006257764465369,0.5572139303482587,3,0,False,
FBXO34,-0.001984837154547364,-5.6959408438477336e-05,0.0014719643990728703,0.4975124378109453,6,0,False,
MFN2,-0.004110270490249007,-5.702963845671688e-05,0.000432930591481419,0.5771144278606966,5,0,False,
TMCO4,-0.005021740371982261,-5.7150297711464415e-05,0.0002915346938273292,0.5522388059701493,4,0,False,
ARL1,-0.0013647973537445068,-5.724332523964201e-05,0.004614144984324902,0.5373134328358209,6,0,False,
ENTPD4,-0.002674192190170288,-5.749938773503192e-05,0.0006835250925848185,0.5771144278606966,5,0,False,
MRPS12,-0.0008814210693041113,-5.759249468554189e-05,0.007576023769147122,0.4427860696517413,6,0,False,
RNF111,-0.004106111824512482,-5.803280701780133e-05,0.00032114738321280874,0.6666666666666666,4,0,False,
PNPLA6,-0.0065664686262607574,-5.804972664404199e-05,0.00014791517036577767,0.6666666666666666,4,0,False,
ACSL1,-0.0047421082854270935,-5.809300101131646e-05,0.000665276986579925,0.5920398009950248,3,0,False,
RMND5B,-0.006945359210173294,-5.849684622859966e-05,0.00024038250783630106,0.6368159203980099,4,0,False,
POP4,-0.002606778095165879,-5.881291838887273e-05,0.001054169913549837,0.5572139303482587,6,0,False,
ME1,-0.00850850095351538,-5.908891223014932e-05,0.0009819925198009446,0.5422885572139303,2,0,False,
MALT1,-0.0036163609474897385,-5.909145293103748e-05,0.00038315774291507876,0.5522388059701493,5,0,False,
PGM1,-0.005639785279830306,-5.9508975163161606e-05,0.0005784003315950398,0.5472636815920398,4,0,False,
EMC2,-0.002451794842878968,-5.962156383858691e-05,0.0011710273122421519,0.5671641791044776,6,0,False,
AGTRAP,-0.002304479479789734,-5.974674312239379e-05,0.0007733512861735933,0.5024875621890548,6,0,False,
TRAFD1,-0.006606432919700936,-5.9941036247190756e-05,0.00017082890571855152,0.7114427860696517,4,0,False,
FBXL20,-0.005128252009550735,-6.012199459672131e-05,0.00017578970772066948,0.6218905472636815,4,0,False,
TMEM68,-0.00434093177318573,-6.0841213116515005e-05,0.0004127996003462731,0.6517412935323383,5,0,False,
FAM102B,-0.004447896033525467,-6.108066450440595e-05,0.0005070805465990175,0.5671641791044776,4,0,False,
ISCA2,-0.0036190561950206757,-6.212111030882578e-05,0.0006362858462397407,0.5572139303482587,5,0,False,
RRP36,-0.0036010456581910544,-6.257415620064571e-05,0.0008286150860622565,0.5771144278606966,6,0,False,
TRIM11,-0.004562759771943092,-6.311493926563767e-05,0.00030097336515491656,0.5771144278606966,5,0,False,
VPS16,-0.0034674033522605896,-6.31583876443255e-05,0.00039483936740725823,0.6069651741293532,6,0,False,
LSM5,-0.0010299533605575562,-6.336410615397793e-05,0.00650281683144646,0.4975124378109453,6,0,False,
TEDC1,-0.00638105968634288,-6.381075111054678e-05,0.0003284902295609695,0.5572139303482587,3,0,False,
USP25,-0.004975378513336182,-6.392455071159165e-05,0.0004544444986698479,0.5920398009950248,4,0,False,
MSL3,-0.0031662831703821726,-6.411116230563621e-05,0.0008948523000546662,0.5422885572139303,6,0,False,
RIOK2,-0.005976846441626549,-6.42644232726936e-05,0.0003697641579213668,0.6467661691542289,5,0,False,
REP15,-0.022231613596280425,-6.43977380380063e-05,0.00044289318228257605,0.5771144278606966,1,0,False,
ARPIN,-0.006201768914858491,-6.463619597538395e-05,0.00044696912954248077,0.5970149253731343,5,0,False,
PXMP4,-0.00701459248860678,-6.483033207426274e-05,0.0002144051937952488,0.6865671641791045,4,0,False,
DVL1,-0.003579912086327866,-6.512337470923323e-05,0.000748726111153318,0.5373134328358209,5,0,False,
GON7,-0.00532294933994612,-6.555804433122722e-05,0.00022876216358242907,0.6019900497512438,5,0,False,
MICU2,-0.0026475439469019757,-6.614866480519222e-05,0.0012428926909184518,0.5621890547263682,6,0,False,
HK1,-0.0029908642172813416,-6.621409655150777e-05,0.002271726534147269,0.5124378109452736,6,0,False,
KIF20B,-0.0038113482296466827,-6.630119435891097e-05,0.0009179252351934495,0.5373134328358209,4,0,False,
C5orf51,-0.006229865675171212,-6.68974010384205e-05,0.00031798851916356224,0.6865671641791045,5,0,False,
ARL5B,-0.0015884314974148883,-6.709106251333937e-05,0.006387815740648006,0.5323383084577115,6,0,False,
ARHGEF18,-0.005934074521064758,-6.736753929273637e-05,0.00020524489574613608,0.6517412935323383,4,0,False,
MAP4K3,-0.0039166261752446585,-6.751238481562808e-05,0.0009595354720548132,0.5671641791044776,6,0,False,
SCAMP4,-0.003146036217610032,-6.763722763115094e-05,0.0007269943148357375,0.4975124378109453,6,0,False,
SUCLA2,-0.003238951166470827,-6.766154158465692e-05,0.0007561190989665616,0.5970149253731343,6,0,False,
BLOC1S4,-0.0035606895883878026,-6.806832111158348e-05,0.0007273102133126587,0.5621890547263682,5,0,False,
FAM104A,-0.0037868544459342957,-6.810161096777956e-05,0.0006837406631733575,0.5870646766169154,6,0,False,
MFSD4B,-0.006529942154884338,-6.886142483774755e-05,0.0003376430930116397,0.6716417910447762,4,0,False,
SCYL2,-0.003169325490792574,-6.912468775211402e-05,0.0007652544161870117,0.4626865671641791,6,0,False,
MIS18BP1,-0.0014578600724537982,-6.915728175565963e-05,0.0031361140590176573,0.4925373134328358,6,0,False,
ABCB7,-0.006919932862122849,-6.92152609076648e-05,0.00014771662044409602,0.7064676616915423,5,0,False,
KMT5A,-0.00256484498580295,-6.939453366369667e-05,0.001653961024109255,0.5174129353233831,6,0,False,
MTX2,-0.0028241612017154694,-6.972355125547212e-05,0.0005892218377609601,0.5472636815920398,6,0,False,
FER1L6,-0.03698313422501087,-6.982993844737586e-05,0.0002598806957493805,0.6915422885572139,1,0,False,
EHHADH,-0.01102072186768055,-6.990827202311848e-05,0.00018899860145450332,0.736318407960199,3,0,False,
GOLGA1,-0.005611542612314224,-7.015016637663882e-05,0.00031174187748427007,0.5970149253731343,4,0,False,
GCNT2,-0.009794030338525772,-7.0337995416932e-05,0.00030272316282995413,0.6766169154228856,1,0,False,
CYTIP,-0.004490349441766739,-7.055437866322559e-05,0.0004046589049888453,0.5920398009950248,2,0,False,
HACL1,-0.00919688306748867,-7.101424637850502e-05,0.00019427512782891815,0.6218905472636815,4,0,False,
MIR29B2CHG,-0.008295341084400804,-7.13282834006369e-05,0.0003473203129546435,0.6865671641791045,3,0,False,
ALDH16A1,-0.004155891637007386,-7.16206081557984e-05,0.0009442470891600896,0.5323383084577115,6,0,False,
ZBED1,-0.0065786466002464294,-7.206789647821072e-05,0.0003587632056318088,0.6517412935323383,5,0,False,
INTS8,-0.0047571895023186955,-7.267908257898456e-05,0.0003248094434373203,0.6517412935323383,5,0,False,
LAMB2,-0.0034958248337109837,-7.278914726291865e-05,0.0007034722376551092,0.5671641791044776,6,0,False,
SLC35D1,-0.011012502014636993,-7.313026470182654e-05,0.0001833569507344967,0.7164179104477612,3,0,False,
GNPTG,-0.003246355801820755,-7.322201514812067e-05,0.0004894892366755514,0.5671641791044776,6,0,False,
GMNN,-0.004861462861299515,-7.32440583200008e-05,0.0007459686709001105,0.4925373134328358,4,0,False,
ASRGL1,-0.0059807722767194205,-7.352987276588337e-05,0.0013702582979812127,0.46766169154228854,5,0,False,
SPTLC2,-0.0026772096753120422,-7.397630833007753e-05,0.0032329932341165664,0.5422885572139303,6,0,False,
DBNL,-0.0023122280836105347,-7.469475330142646e-05,0.00244671020692431,0.5373134328358209,6,0,False,
PDHB,-0.003721040983994811,-7.499294755526044e-05,0.0017025571922292216,0.5870646766169154,6,0,False,
TXNDC9,-0.002850199739138276,-7.562175158989863e-05,0.0015343556767920894,0.5422885572139303,6,0,False,
TOR1A,-0.005403942118088395,-7.632606964051944e-05,0.00024617911680005397,0.6368159203980099,5,0,False,
FAHD2A,-0.008232183754444122,-7.633905005442605e-05,0.00020462577150816912,0.6865671641791045,5,0,False,
SMC6,-0.00362905984123546,-7.71482236967454e-05,0.0011232072436289779,0.5223880597014925,5,0,False,
SMAP1,-0.0018437951803207397,-7.732894031079317e-05,0.0022508461830708245,0.527363184079602,6,0,False,
ARHGEF10L,-0.008048578475912407,-7.762815406567326e-05,0.000339319019871358,0.5771144278606966,4,0,False,
ACAD9,-0.005947180092334747,-7.83425293237307e-05,0.0004921085454595416,0.582089552238806,5,0,False,
CNN3,-0.002993844449520111,-7.844475521566661e-05,0.0012810242375249055,0.5174129353233831,5,0,False,
NBN,-0.003118650366862624,-7.871738580067961e-05,0.0014511892814909003,0.5323383084577115,6,0,False,
PRKAG1,-0.003992181271314635,-7.888819314773364e-05,0.0007210627753086408,0.5920398009950248,6,0,False,
TRAPPC6B,-0.00534984717766443,-7.896758911424494e-05,0.0004036063654211455,0.6766169154228856,5,0,False,
NIPA2,-0.004028062025705964,-7.960137490961564e-05,0.0011453090539982347,0.5074626865671642,6,0,False,
TTC9C,-0.007062408452232674,-8.003855771901921e-05,0.00019051767326121435,0.736318407960199,5,0,False,
ATAD1,-0.004291216532389341,-8.078928340559283e-05,0.0007021417042245718,0.6019900497512438,6,0,False,
R3HCC1L,-0.0057484296460946355,-8.140233102176206e-05,0.0002923614933272488,0.6368159203980099,4,0,False,
UBE3B,-0.007633499801158905,-8.272520986050723e-05,0.0002223719154870087,0.7213930348258707,4,0,False,
ARHGAP35,-0.0034585570295651846,-8.273077369288348e-05,0.0008709282336096965,0.5522388059701493,6,0,False,
SLC39A9,-0.0060938733319441385,-8.28260455865501e-05,0.0004258676072278211,0.582089552238806,5,0,False,
ZNF92,-0.00809439830482006,-8.329824294804096e-05,0.0002143406003178435,0.7114427860696517,4,0,False,
ATAD2B,-0.004554972052574158,-8.439224019395345e-05,0.0005749161747535421,0.6069651741293532,5,0,False,
STXBP6,-0.010578610623876258,-8.447688500263179e-05,0.00041472956518433864,0.582089552238806,3,0,False,
MPV17,-0.005020772417386368,-8.518944366189943e-05,0.0003399384925874001,0.6716417910447762,5,0,False,
PNO1,-0.0038291712601979527,-8.524132599284405e-05,0.0009178760618132417,0.5323383084577115,6,0,False,
HEPACAM2,-0.03488403372466564,-8.563644113085602e-05,0.000222512596393184,0.6268656716417911,1,0,False,
STK4,-0.001837206383546175,-8.592373624695482e-05,0.0023576500202143022,0.5074626865671642,6,0,False,
RPS6KA4,-0.0059203654527664185,-8.610624060944873e-05,0.0010266341222298445,0.5472636815920398,6,0,False,
DYNC2LI1,-0.007280013213555023,-8.611344357806587e-05,0.0003310897104956634,0.6716417910447762,5,0,False,
CAMSAP3,-0.009702940161029502,-8.656782804891463e-05,0.00034332696802570893,0.6019900497512438,4,0,False,
WDR20,-0.0062231458723545074,-8.664774008913613e-05,0.00019093732523111658,0.7064676616915423,5,0,False,
PAFAH2,-0.017457655941446618,-8.701245414906254e-05,0.00014568235313582086,0.7860696517412935,3,0,False,
POLD3,-0.002648279070854187,-8.709962257620978e-05,0.0028345659282564026,0.5223880597014925,6,0,False,
DDX19B,-0.005609498669703797,-8.724172806272388e-05,0.0004755624447705928,0.6318407960199005,5,0,False,
ARRB2,-0.006732183198134095,-8.753007212743332e-05,0.0002881457821149396,0.7114427860696517,4,0,False,
FAM8A1,-0.007708465059598296,-8.755719017102902e-05,0.00028931487797612327,0.7263681592039801,5,0,False,
CNST,-0.004652035733064011,-8.781128918617147e-05,0.0005231451977969039,0.5621890547263682,5,0,False,
BAG4,-0.006443226709961891,-8.841041130561698e-05,0.0003262476490883294,0.6567164179104478,4,0,False,
CCDC112,-0.004571206867694855,-8.910361548168736e-05,0.0007890637491208725,0.5771144278606966,6,0,False,
SOS2,-0.004388841489950807,-8.965080841349233e-05,0.0006096784203052058,0.6368159203980099,5,0,False,
ACTR1B,-0.005490237226088837,-8.977462055150616e-05,0.0004948606411489772,0.572139303482587,5,0,False,
SLC35B3,-0.006844847152630479,-9.082363717154898e-05,0.00037034238300664133,0.6119402985074627,5,0,False,
DHX16,-0.004127939542134612,-9.138192866042043e-05,0.0008838498109448833,0.5771144278606966,5,0,False,
GPATCH11,-0.009838474914431572,-9.147606712638139e-05,0.0002802918254085784,0.6865671641791045,4,0,False,
CDR2L,-0.005972564841310188,-9.16171980526449e-05,0.0004112782904226683,0.5621890547263682,5,0,False,
DNAJB4,-0.002991190801064164,-9.207360260251023e-05,0.0008946650221360464,0.5422885572139303,5,0,False,
KCTD3,-0.0056669165690739765,-9.223972499176604e-05,0.0005667587445731281,0.6268656716417911,6,0,False,
LYSMD3,-0.00777236744761467,-9.24660275245597e-05,0.00040112910192809207,0.6716417910447762,4,0,False,
ANAPC13,-0.0043776792784532,-9.255680468533013e-05,0.0009067313393171498,0.582089552238806,6,0,False,
MRRF,-0.006396573036909103,-9.258891089077793e-05,0.0004329916775596804,0.5621890547263682,5,0,False,
CUL2,-0.004863109439611435,-9.338119303926775e-05,0.0008332209999756681,0.5970149253731343,6,0,False,
TIMMDC1,-0.0028026600678761615,-9.397246523444327e-05,0.001910563280042822,0.5323383084577115,6,0,False,
SRGAP1,-0.003365774949391692,-9.432712379944462e-05,0.0016461179172602063,0.5323383084577115,6,0,False,
SCRN3,-0.01289380217591922,-9.517119247596053e-05,0.0003490977920996232,0.7313432835820896,3,0,False,
PCCB,-0.010401894648869828,-9.52564045973764e-05,0.00043425961871571353,0.5920398009950248,5,0,False,
GORASP2,-0.0029091661175092154,-9.558165344464868e-05,0.002529426765379039,0.5572139303482587,6,0,False,
MED14,-0.005637733886639268,-9.562666236824398e-05,0.00042341037061579526,0.5970149253731343,5,0,False,
TTC39B,-0.00651482244332631,-9.599297400885961e-05,0.0003897448989104416,0.6417910447761194,5,0,False,
FANCF,-0.012722020347913116,-9.620603374603618e-05,0.00022152254075651648,0.7860696517412935,4,0,False,
LRRC59,-0.0016668488581975116,-9.633584922611013e-05,0.011735573034069234,0.5223880597014925,6,0,False,
COG4,-0.0053731451431910104,-9.637695078423581e-05,0.0006296044430298706,0.6019900497512438,5,0,False,
DUSP11,-0.007379550486803055,-9.64072663934914e-05,0.00021887086018971557,0.6616915422885572,5,0,False,
PRKD2,-0.004523673405249909,-9.641500778121345e-05,0.00042481213786709865,0.5621890547263682,6,0,False,
KDM1B,-0.0071689163645108495,-9.65939663954797e-05,0.0003168968624459794,0.681592039800995,4,0,False,
RPE,-0.006568217029174164,-9.679238025436218e-05,0.0005745950011965859,0.6119402985074627,6,0,False,
ARHGAP17,-0.006266875192523003,-9.689189534720595e-05,0.0004069628377673867,0.6318407960199005,5,0,False,
FILIP1L,-0.0033300804595152445,-9.698168854173627e-05,0.0009695726413059027,0.6019900497512438,5,0,False,
MPI,-0.013117402171095208,-9.708861663446317e-05,0.00024740574156321114,0.6915422885572139,4,0,False,
PSMA1,-0.0014014144738515588,-9.749750666946865e-05,0.007894224702112713,0.5422885572139303,6,0,False,
GPKOW,-0.009623038272062942,-9.775103384552886e-05,0.0003208452087658274,0.6716417910447762,5,0,False,
SLC25A25-AS1,-0.009552219261725739,-9.89947263027146e-05,0.00025816886272526755,0.681592039800995,4,0,False,
TRMT11,-0.006150346249341965,-9.910567415767097e-05,0.0006129713024070085,0.6218905472636815,5,0,False,
AL158206.1,-0.019294515252113342,-9.932811963360796e-05,0.00041741166063186786,0.6467661691542289,3,0,False,
DHCR24,-0.0035300503174463538,-9.978707215090756e-05,0.003934928872299029,0.4626865671641791,6,0,False,
PTGFRN,-0.008600320667028427,-9.994507106335322e-05,0.0004161071534682276,0.6169154228855721,6,0,False,
CYBC1,-0.004842256506284073,-0.00010037062229118615,0.0009014788571056531,0.5572139303482587,6,0,False,
HSPA14-1,-0.006627317517995834,-0.00010063642800443105,0.00041359919388035807,0.5920398009950248,6,0,False,
PDK2,-0.009891914203763008,-0.0001013112053558055,0.00024040237083303972,0.7512437810945274,4,0,False,
STEAP1,-0.004963189363479614,-0.00010144970490062947,0.000837209809096098,0.527363184079602,6,0,False,
ARSA,-0.006185534099737794,-0.00010241263658323423,0.0007593240534685,0.582089552238806,6,0,False,
MARCH2,-0.011923174684246376,-0.00010281651589058816,0.0003797417927417257,0.7014925373134329,4,0,False,
MRPL37,-0.003826482842365919,-0.0001028334288420166,0.0024009255031670774,0.5323383084577115,6,0,False,
FAM111A,-0.003877492000659316,-0.00010349197083840751,0.001144345351904538,0.572139303482587,5,0,False,
LIMCH1,-0.015882454812526703,-0.00010354458501894835,0.0003785857384568021,0.7412935323383084,1,0,False,
CNKSR1,-0.007511579742034272,-0.00010376286068027488,0.0003919554334010935,0.6218905472636815,4,0,False,
UMAD1,-0.011552031462391213,-0.00010380207703459689,0.00028391662484065274,0.7263681592039801,4,0,False,
INTS12,-0.011253944287697479,-0.00010382945498720824,0.00013835906309119628,0.8407960199004975,5,0,False,
OGFR,-0.003020673990249634,-0.00010524975671373209,0.001165415387079019,0.5074626865671642,6,0,False,
CHPF,-0.0039239078760147095,-0.00010534871189753529,0.0013317100504849483,0.5771144278606966,6,0,False,
TUT7,-0.002849531670411465,-0.0001055005275767664,0.002556171555472282,0.5074626865671642,6,0,False,
ZBTB7C,-0.02167738104859987,-0.00010630734174279525,0.0004033086928680427,0.6119402985074627,1,0,False,
SLC4A4,-0.017648893098036467,-0.00010644363993837268,0.0003853384184351757,0.6218905472636815,2,0,False,
MRPL46,-0.006179146468639374,-0.00010657175544082057,0.0006506866199885644,0.5920398009950248,5,0,False,
AC127526.5,-0.007771473998824746,-0.00010715966671131962,0.00041389815721103716,0.6368159203980099,5,0,False,
VRK3,-0.0048256851732730865,-0.00010745797575433163,0.0006818117948571621,0.5870646766169154,6,0,False,
SHMT1,-0.015261036033431694,-0.0001074820485894358,0.0002801390444758367,0.6517412935323383,4,0,False,
COG2,-0.00582932432492575,-0.00010833233594215874,0.0010236331326313993,0.5920398009950248,6,0,False,
ZFYVE9,-0.010072583953539521,-0.00010852540433455181,0.00047069660112733887,0.6766169154228856,4,0,False,
AGPS,-0.0065566301345825195,-0.00010897966589933463,0.0009385602000474273,0.527363184079602,4,0,False,
TMEM214,-0.005724512040615082,-0.00010900489382453959,0.0014924625513722397,0.5771144278606966,6,0,False,
CCDC125,-0.011830388257900865,-0.0001090565344814119,0.0005561896016864179,0.6318407960199005,4,0,False,
MTFR1,-0.006657703469196946,-0.00010908894833290379,0.0005975019963134165,0.6119402985074627,6,0,False,
TMEM144,-0.011656955505410821,-0.00010909150679623694,0.00026425661758598646,0.6965174129353234,4,0,False,
GLB1,-0.007214014728864043,-0.0001091416430609713,0.0006314647353525191,0.5771144278606966,6,0,False,
EGLN1,-0.005387251575787844,-0.00010925901071010815,0.0005700426654888927,0.6467661691542289,6,0,False,
DNAJC17,-0.011783694227536515,-0.00010931519814651446,0.00024351450210409524,0.7611940298507462,5,0,False,
QARS,-0.0034213413794835223,-0.00010966051686919702,0.003050285416275628,0.5124378109452736,6,0,False,
LRP5,-0.004252827415863691,-0.00011021289688004765,0.0014968216533243885,0.5074626865671642,6,0,False,
KRCC1,-0.01184655229250589,-0.0001111213876411578,0.0003370115431761543,0.6567164179104478,4,0,False,
NUDT12,-0.010652436564366027,-0.00011175111708672379,0.0003759052550908292,0.582089552238806,4,0,False,
ARMT1,-0.013641805698474258,-0.00011203651187478245,0.00036580301703811977,0.6865671641791045,4,0,False,
TBC1D8B,-0.009254369884729385,-0.0001122193961426123,0.0005461285397573422,0.6119402985074627,5,0,False,
KANSL2,-0.007855830093224839,-0.00011227091750785899,0.00022303902217433864,0.7661691542288557,4,0,False,
NDUFS4,-0.0019030223290125159,-0.00011245154498541881,0.004312309385737737,0.5323383084577115,6,0,False,
SDHAF3,-0.0043439293901125775,-0.00011257362178536311,0.0012119623206869757,0.5174129353233831,6,0,False,
TTC7A,-0.009863176693518952,-0.00011312392336109332,0.0003811428531158008,0.6716417910447762,5,0,False,
TMEM248,-0.0026623706022897986,-0.00011315470730526611,0.0022295524575889395,0.5174129353233831,6,0,False,
GRAMD2B,-0.009505856782197952,-0.0001131639242059455,0.00039074338292578297,0.746268656716418,4,0,False,
MRPL10,-0.00798085331916809,-0.00011326662115537412,0.0004349872873777895,0.6368159203980099,6,0,False,
GLCCI1,-0.016364004462957382,-0.00011331853261426326,0.00018257263096604985,0.8955223880597015,2,0,False,
ALAD,-0.009272391597429916,-0.00011368219291644668,0.00027667644485905287,0.7761194029850746,5,0,False,
SAP30L,-0.008282500008742005,-0.0001139697651458203,0.0005134887305644005,0.6019900497512438,4,0,False,
B4GALT1,-0.0024968236684799194,-0.00011404622279717086,0.006936482451129083,0.48756218905472637,6,0,False,
ARRDC4,-0.01597465823094049,-0.00011537589073442242,0.0002385527574045287,0.7910447761194029,3,0,False,
YAE1,-0.012852445865670845,-0.00011656278025458413,0.0002660947307372224,0.7711442786069652,5,0,False,
POP7,-0.003417905420064926,-0.00011897948224995594,0.002156869855766419,0.5174129353233831,6,0,False,
DLST,-0.007251378148794174,-0.00011982710294622792,0.0005674699083908451,0.5472636815920398,6,0,False,
TMOD3,-0.0017536332209905359,-0.00012108248885416153,0.01052145885659659,0.47761194029850745,6,0,False,
MGAT5,-0.005435613294442504,-0.00012128977985220768,0.0013641041541470886,0.582089552238806,6,0,False,
TOMM40,-0.002743485073248564,-0.00012198380686266243,0.003954557679149137,0.4577114427860697,6,0,False,
USB1,-0.010184358805418015,-0.00012206338406966905,0.0002810192145067191,0.6666666666666666,6,0,False,
OCEL1,-0.007569693028926849,-0.00012214908584726154,0.0004463505199128068,0.6467661691542289,5,0,False,
ZGPAT,-0.005067257831494018,-0.0001223010233144859,0.0005786075626003289,0.6169154228855721,6,0,False,
TBL2,-0.00848533709843953,-0.00012236111011303634,0.0003845074079584635,0.6716417910447762,5,0,False,
CROT,-0.02266683181126912,-0.0001229904422653518,0.00016623092299001792,0.8308457711442786,2,0,False,
WARS,-0.003967814147472382,-0.00012359346839268238,0.0021922999941414827,0.527363184079602,6,0,False,
GBA2,-0.010561928153038025,-0.00012382657579854936,0.0005396017950093591,0.6467661691542289,5,0,False,
ACP2,-0.011180163671573012,-0.00012416003724635677,0.0003625539539072229,0.7114427860696517,4,0,False,
RASSF1,-0.006661968926588685,-0.0001244295435636171,0.0006020565130486557,0.5920398009950248,5,0,False,
HMGCL,-0.010170083492994308,-0.0001260582219664737,0.0005900231365451598,0.6368159203980099,5,0,False,
LRPAP1,-0.0019757052262624475,-0.00012658619537685414,0.005456723301476558,0.5223880597014925,6,0,False,
CDK16,-0.005580668648083986,-0.00012814362955520842,0.0010833046349226813,0.5621890547263682,6,0,False,
PLEKHG2,-0.010585476023455456,-0.000129863422196599,0.0009621518841613471,0.5621890547263682,3,0,False,
TMEM189,-0.005451623350381851,-0.00012997566746556324,0.0008741170044560714,0.5870646766169154,6,0,False,
CIAO3,-0.009785319988926247,-0.0001300134726024475,0.0003080972159054692,0.6965174129353234,5,0,False,
SNRNP35,-0.005999697993199049,-0.00013070962124292555,0.0012294324850624272,0.6019900497512438,6,0,False,
AIMP2,-0.007519063850243882,-0.0001315873906416138,0.000676599164857606,0.5572139303482587,6,0,False,
ARAP2,-0.005949312200148882,-0.00013158954170861497,0.0011466287926951767,0.5223880597014925,5,0,False,
LRCH4,-0.008360955864191055,-0.00013196979425384193,0.0004915913352541127,0.6417910447761194,5,0,False,
MBNL1,-0.0017048070828119544,-0.00013292947848316775,0.007976847091017685,0.472636815920398,6,0,False,
SMAD1,-0.008376289159059525,-0.00013311282726750066,0.000377691746183527,0.6467661691542289,5,0,False,
CNPPD1,-0.006662511577208832,-0.00013377923738839566,0.0005519882905712369,0.5920398009950248,5,0,False,
C1orf210,-0.011855116734902083,-0.00013415794741119272,0.0005411153682362167,0.6616915422885572,5,0,False,
DDX23,-0.003920562565326691,-0.00013445730071945703,0.0017859461244546155,0.5074626865671642,6,0,False,
NAA20,-0.0021996572613716125,-0.00013522646205508268,0.0029497092027188435,0.5323383084577115,6,0,False,
PLEKHH1,-0.018046259880065918,-0.00013550083700577354,0.00018197093128935251,0.8606965174129353,3,0,False,
MAN2B2,-0.015904257694880172,-0.00013589757780242112,0.00017708138223341538,0.8557213930348259,4,0,False,
BDH1,-0.005913455039262758,-0.00013590790717531466,0.0004334183417719597,0.6467661691542289,5,0,False,
NR1H2,-0.005721567819515869,-0.00013601320248585918,0.000810599905016018,0.5671641791044776,6,0,False,
ADCY6,-0.015153524776299804,-0.0001362166774508227,0.0002483310894356287,0.7014925373134329,4,0,False,
PIP4K2C,-0.011793841918309525,-0.00013638681735138092,0.0005238536162396093,0.6268656716417911,5,0,False,
ZYX,-0.0040965452790260315,-0.00013666677995454845,0.0016783510309006293,0.5522388059701493,6,0,False,
TMEM238L,-0.013640541583299637,-0.00013682702887929165,0.0007423705684291671,0.6119402985074627,4,0,False,
TMEM38A,-0.018466509257753685,-0.00013700453237687856,0.0005118472344577005,0.6368159203980099,4,0,False,
ABR,-0.007826962818702057,-0.00013724193118684177,0.0005974566833713376,0.6517412935323383,6,0,False,
HDAC8,-0.00831744447350502,-0.00013744111271300416,0.00038841907971168943,0.746268656716418,5,0,False,
IFT172,-0.006415598094463348,-0.00013764032049660283,0.0008289032134765122,0.5472636815920398,6,0,False,
KHNYN,-0.011899380634228393,-0.00013768150897081735,0.0003447464564976479,0.7313432835820896,4,0,False,
RIN2,-0.004752222448587418,-0.00013772730866360447,0.0011680369376378054,0.582089552238806,6,0,False,
PCMT1,-0.004015343884627043,-0.00013797398185489134,0.0018988831291571744,0.6019900497512438,6,0,False,
TIMM29,-0.006878729909658432,-0.00013797806945894174,0.000553759538425806,0.6368159203980099,5,0,False,
MTREX,-0.007701175908247648,-0.0001380527328208013,0.0013328286388653184,0.6218905472636815,5,0,False,
LMBRD1,-0.005579402049382509,-0.00013823656159849408,0.0005910221639386855,0.6915422885572139,6,0,False,
CCDC88C,-0.008596707135438919,-0.00013910232002292417,0.0005535890070734954,0.6169154228855721,4,0,False,
SLC7A8,-0.0378248045841853,-0.00013975444484364165,0.0004461849711375939,0.6965174129353234,1,0,False,
DNAJC13,-0.008807578434546798,-0.00013980013815808999,0.0007860796329958896,0.6318407960199005,4,0,False,
ITGB8,-0.005204013238350569,-0.0001404396325572197,0.00212469226621682,0.5621890547263682,5,0,False,
STAU1,-0.0016471246878306256,-0.00014068943813791418,0.008167533342061915,0.5323383084577115,6,0,False,
DNAJC25,-0.01156577716271083,-0.0001409273181427133,0.0002854677617974087,0.6915422885572139,5,0,False,
SETD3,-0.00605546310544014,-0.0001409396561178169,0.001187848980745094,0.5522388059701493,5,0,False,
DAPK1,-0.01475592950979869,-0.00014170201580903155,0.00030343648740560435,0.7611940298507462,2,0,False,
AMFR,-0.014513819168011352,-0.00014230393733404603,0.0002458253043320023,0.7960199004975125,4,0,False,
TBC1D22A,-0.005652309705813735,-0.00014258485701349637,0.0010457436021932727,0.5671641791044776,5,0,False,
PPP1R12C,-0.008695919066667557,-0.00014298689138150366,0.0003657286302794288,0.6417910447761194,5,0,False,
RMDN1,-0.004699926823377609,-0.0001434283830262681,0.0020104080100342564,0.5223880597014925,6,0,False,
RNF141,-0.010373465716838823,-0.0001435431899996387,0.0004838780631376253,0.6616915422885572,5,0,False,
KDM7A-DT,-0.014483842998743057,-0.00014365119561410424,0.0001677366612379241,0.8606965174129353,4,0,False,
MED15,-0.005249356230100005,-0.0001438401622119986,0.001396674106924269,0.5074626865671642,6,0,False,
AGAP1,-0.010568577796220793,-0.00014419473961638454,0.0004299132003998002,0.6517412935323383,4,0,False,
C15orf40,-0.00662837674220404,-0.00014425901216053347,0.0005611085988462737,0.6368159203980099,5,0,False,
GPD1L,-0.02404686187704405,-0.0001446730246057994,0.00030822489322220644,0.7761194029850746,4,0,False,
E2F4,-0.00649504984418553,-0.0001455745817423548,0.0007785203748787186,0.5472636815920398,6,0,False,
PRPF18,-0.006988463302453368,-0.000146063467096985,0.0013057872146403885,0.6268656716417911,6,0,False,
PPP6R1,-0.004832863807678223,-0.0001475602641722664,0.0024208549937552023,0.4975124378109453,6,0,False,
BORCS5,-0.009778987616300583,-0.00014768218538125215,0.000470856994824427,0.7213930348258707,5,0,False,
RHOU,-0.010448325425386443,-0.0001487658714917047,0.0002859059627985727,0.7810945273631841,5,0,False,
MAT2B,-0.009372789412736893,-0.00014919573890714575,0.000784260808255808,0.5970149253731343,5,0,False,
MARC2,-0.02374105341732502,-0.00014938038061373422,0.00029178834606470144,0.7512437810945274,1,0,False,
ABHD16A,-0.006017765651146589,-0.00014967251030702727,0.0007944204715732647,0.6318407960199005,6,0,False,
PPP3R1,-0.007927558074394853,-0.00014971975457839004,0.0006933978388998275,0.6268656716417911,6,0,False,
PTER,-0.014498647923270866,-0.00015199397924231935,0.00045066446545451215,0.5970149253731343,4,0,False,
AP2A2,-0.008019986251989991,-0.00015457773819737682,0.0006591130736991187,0.6467661691542289,6,0,False,
RFK,-0.005203425884246826,-0.00015468935216164618,0.002098363352513292,0.572139303482587,6,0,False,
CARD19,-0.004973221570253372,-0.00015546034102100511,0.0009056947670317118,0.5671641791044776,6,0,False,
TMEM243,-0.009457388271888106,-0.00015596788028962512,0.00047494703516091127,0.6268656716417911,6,0,False,
ARHGEF38,-0.009537390743692725,-0.00015611412987012307,0.0010818579611300268,0.5671641791044776,4,0,False,
P2RX4,-0.012052670121192932,-0.00015655890374816468,0.00039895459409709116,0.6965174129353234,5,0,False,
LEO1,-0.0066658928990364075,-0.0001580233325257201,0.001794181954428862,0.6169154228855721,6,0,False,
STX18,-0.00878764564792317,-0.0001584632773040554,0.0007710255559814992,0.6119402985074627,4,0,False,
HNMT,-0.005653801063696548,-0.00015875367337164816,0.0005959929908318126,0.6567164179104478,5,0,False,
REEP4,-0.013780131936073303,-0.00015989320600984805,0.0003410567890907674,0.7263681592039801,4,0,False,
BCL2L14,-0.02470897013942401,-0.00016010412062101605,0.00033837231482937983,0.7064676616915423,5,0,False,
CSNK1G3,-0.0053716873129208975,-0.0001601667703352796,0.0009567971603623272,0.6019900497512438,6,0,False,
NSRP1,-0.003741629421710968,-0.00016056476775006033,0.003502580608945821,0.5771144278606966,6,0,False,
CC2D1A,-0.00677967444062233,-0.00016059443322264045,0.0009978193096247712,0.5472636815920398,5,0,False,
BRCC3,-0.00887236123283705,-0.00016067222131268947,0.0010810290440182438,0.572139303482587,6,0,False,
MRPL58,-0.008187624315420777,-0.00016100541357112687,0.0008498777416514138,0.5522388059701493,6,0,False,
DUSP23,-0.00321872035662335,-0.00016128301133026438,0.0031797573069428857,0.5124378109452736,6,0,False,
SLC35F6,-0.008766916890939086,-0.00016152747270104485,0.0008217699659726375,0.5920398009950248,6,0,False,
MPND,-0.021630175411701202,-0.00016252766012189444,0.00022379607895285972,0.8258706467661692,3,0,False,
TNFSF13,-0.011144932359457016,-0.00016312325889697085,0.0008793965352961985,0.5572139303482587,4,0,False,
RALY,-0.0024396106600761414,-0.00016346017726727975,0.0051253969998227645,0.4925373134328358,6,0,False,
GRPEL1,-0.0046509504318237305,-0.00016411187251704672,0.0018830622632414562,0.5074626865671642,6,0,False,
MRPL48,-0.006403680890798569,-0.00016415223661988225,0.0008298125214206024,0.572139303482587,6,0,False,
MANSC1,-0.010022440304358782,-0.00016476056003259226,0.0011609037307827221,0.5522388059701493,5,0,False,
SLC35A2,-0.011957723647356033,-0.00016483658121805073,0.0004026915512767103,0.7114427860696517,6,0,False,
RAD9A,-0.0070553552359342575,-0.0001648643330922333,0.0009440722129674178,0.5920398009950248,6,0,False,
MTFP1,-0.008648678660392747,-0.00016502794170707827,0.0009669774357732073,0.5422885572139303,6,0,False,
RSPRY1,-0.009077029923597962,-0.00016532381516576447,0.0005425995685953264,0.7114427860696517,5,0,False,
TSC22D4,-0.006380751729011536,-0.00016623295638133179,0.0009075882480489994,0.5621890547263682,6,0,False,
FASTK,-0.005409598350524875,-0.0001669497420787904,0.0019381007067090323,0.5472636815920398,6,0,False,
MCEE,-0.015529039005438491,-0.00016702391718196563,0.0003403799086773257,0.7860696517412935,4,0,False,
ACSL4,-0.008963303019603089,-0.00016737124810243165,0.0006304316119629492,0.7064676616915423,6,0,False,
CCNG2,-0.014668956398963928,-0.0001679384375227336,0.0003273916607446988,0.7512437810945274,4,0,False,
KLC4,-0.015454847365617738,-0.00016803063508562043,0.0004124510131846644,0.7213930348258707,4,0,False,
LRRFIP2,-0.004223560293515505,-0.00016848351837741522,0.0023856181561422167,0.47761194029850745,6,0,False,
ZFYVE16,-0.0052868177493413104,-0.0001696907327430997,0.0009965863184711193,0.6567164179104478,6,0,False,
TINAGL1,-0.002570056666930526,-0.00016987000483878654,0.0047581858246385405,0.527363184079602,6,0,False,
PXN,-0.009021535515785217,-0.0001702702427284949,0.0007696179141689714,0.6169154228855721,6,0,False,
TIMM23,-0.013406896342833832,-0.00017085396839881104,0.00035484572427720305,0.7164179104477612,5,0,False,
DHX32,-0.012616802006959915,-0.000171348371563495,0.0008676037637782756,0.6169154228855721,5,0,False,
PREB,-0.01115217680732411,-0.0001716956811852004,0.0009803190678946193,0.5970149253731343,6,0,False,
CCND3,-0.0074683986604213715,-0.00017373202930449645,0.0009848069565101753,0.5771144278606966,6,0,False,
TMEM164,-0.01532280445098877,-0.00017394086018753142,0.0003268059827652239,0.8109452736318408,6,0,False,
NCSTN,-0.008860937009255082,-0.00017410342415974877,0.000776726308338856,0.6417910447761194,6,0,False,
MRPS11,-0.00656437873840332,-0.0001742414947614016,0.0014209592328487681,0.5572139303482587,6,0,False,
GKN2,-0.11380393741031491,-0.00017450507926880133,0.0009037922108260675,0.6467661691542289,1,0,False,
CNIH1,-0.0047640303770701,-0.00017564972158550426,0.0013520871610084534,0.5920398009950248,6,0,False,
THOC3,-0.0171240655084451,-0.00017584420141082883,0.0003855137090889311,0.7114427860696517,4,0,False,
BTBD1,-0.014629509299993501,-0.0001762575899679874,0.0003737495921133045,0.8059701492537313,5,0,False,
GEMIN6,-0.01218644281228383,-0.0001769306306146931,0.00048485496503071474,0.681592039800995,5,0,False,
STN1,-0.012050462265809386,-0.00017773432501218842,0.0005055935671074032,0.6915422885572139,6,0,False,
PHF5A,-0.011207055921355874,-0.00017817295424061262,0.0005354847491187034,0.6467661691542289,4,0,False,
SDSL,-0.018643223990996674,-0.000178247341926171,0.0002890602547099251,0.8159203980099502,5,0,False,
SLC37A4,-0.021570635959506035,-0.00017860020390000675,0.00030930125395355876,0.7164179104477612,4,0,False,
MAIP1,-0.016093820954362542,-0.00017897867002975658,0.0002178992863771755,0.8059701492537313,5,0,False,
GGT6,-0.03242808332045874,-0.00017945652158556297,0.00023868731987419453,0.7960199004975125,1,0,False,
AK2,-0.0035435507694879798,-0.0001795292531331878,0.0043277444942552475,0.5174129353233831,6,0,False,
PPIP5K2,-0.008498311042785645,-0.00017978695202013965,0.001149847778141513,0.6019900497512438,5,0,False,
AARS,-0.010250752170880631,-0.0001798543246018264,0.0006404390460899208,0.681592039800995,6,0,False,
SYVN1,-0.010499879717826843,-0.0001798886428122532,0.0008977717574623413,0.6069651741293532,5,0,False,
BRI3BP,-0.005588981012503269,-0.00017995499532658842,0.003864807839019476,0.4527363184079602,5,0,False,
EIF2B1,-0.0113925039768219,-0.00018010301527720277,0.0005328875976273838,0.7213930348258707,5,0,False,
TET2,-0.008767716586589813,-0.00018028534231768063,0.0008794803521112008,0.6318407960199005,4,0,False,
SCOC,-0.005727941791216551,-0.0001805535531497147,0.0031167784527261,0.582089552238806,6,0,False,
CRNKL1,-0.005204046765963227,-0.00018077688306514353,0.0016112481142803881,0.6268656716417911,6,0,False,
MTX1,-0.005146729449431092,-0.00018109789564825458,0.001977881379681349,0.527363184079602,6,0,False,
MPHOSPH6,-0.009567661831776292,-0.00018166722015260222,0.0008333022168093673,0.6318407960199005,6,0,False,
DPH3,-0.007907855014006288,-0.00018203226114090157,0.0009051910145153099,0.5472636815920398,6,0,False,
COP1,-0.010721699645121888,-0.00018317099134736913,0.0005536598718936477,0.6417910447761194,5,0,False,
PRKAB2,-0.01369592547416687,-0.00018330468620159502,0.00024141434202319768,0.8855721393034826,5,0,False,
NBR1,-0.006044196585814177,-0.00018377228101572421,0.0011044334321261792,0.6069651741293532,6,0,False,
EPB41L2,-0.007407374680042267,-0.0001848676318564869,0.0012332657547906372,0.5522388059701493,6,0,False,
CRYZ,-0.017705970754226044,-0.00018605187417320476,0.00044334908925881974,0.7562189054726368,5,0,False,
MRPL44,-0.013518647601207079,-0.00018767139193681914,0.0007028338376158559,0.6019900497512438,6,0,False,
BCL7B,-0.0070711225271224976,-0.00018876250562320558,0.0012733228272094573,0.5870646766169154,5,0,False,
AC011379.1,-0.012269861996173859,-0.00018888174399664588,0.0013221124790787917,0.6666666666666666,4,0,False,
ENTPD7,-0.027108759308854743,-0.00018953651631198516,0.0003913574821882614,0.6865671641791045,3,0,False,
FAM192A,-0.006438059111436217,-0.00019012095530489902,0.001779436895431707,0.582089552238806,6,0,False,
AP3S2,-0.012384762366612748,-0.00019029804168991193,0.0003899395649365323,0.7114427860696517,5,0,False,
FAM160B1,-0.016023371989528343,-0.00019033398410000645,0.0004072622766728495,0.5970149253731343,4,0,False,
JOSD2,-0.005680561065673828,-0.00019052889269586127,0.0027334134069468014,0.5024875621890548,6,0,False,
TAPBPL,-0.01930740537742774,-0.0001918960466487259,0.0003979241111964491,0.7263681592039801,4,0,False,
MITD1,-0.007304695745309203,-0.00019245754826734482,0.0015987335031655114,0.6069651741293532,6,0,False,
ELOVL1,-0.00475706656773886,-0.00019284660689775752,0.0032800999037809002,0.5373134328358209,6,0,False,
YARS,-0.007855852444966616,-0.00019365618803692918,0.0017458520012500717,0.5572139303482587,6,0,False,
PPP1R35,-0.005797247091929136,-0.00019406414167947545,0.001615417137734894,0.6119402985074627,6,0,False,
BET1L,-0.014847771575053528,-0.00019476146956610106,0.00044768371902674373,0.7711442786069652,5,0,False,
WDR33,-0.005148964623610197,-0.0001949107570823143,0.001186306891081857,0.5920398009950248,6,0,False,
ACER3,-0.011443323145310075,-0.00019522259434064923,0.000673251244297851,0.6169154228855721,6,0,False,
UXS1,-0.01185477152466774,-0.00019590460602980674,0.001019241358087424,0.6467661691542289,5,0,False,
NUBP1,-0.010676162938276931,-0.00019607991795786499,0.0007980239385260435,0.6417910447761194,6,0,False,
COASY,-0.009718205779790878,-0.00019675843615064718,0.0008000917300036049,0.6318407960199005,6,0,False,
SRC,-0.00861798475186032,-0.00019704973794611343,0.000980493767683211,0.5970149253731343,6,0,False,
RELCH,-0.013005753358205169,-0.00019721113517702388,0.0005643541492523107,0.7164179104477612,4,0,False,
PARP8,-0.01747509092092514,-0.0001975376540962913,0.0002589250577026757,0.8507462686567164,4,0,False,
DNAJC11,-0.010369316985209792,-0.00019803114240667945,0.0005596640939916274,0.6666666666666666,5,0,False,
GATAD2A,-0.005954273045063019,-0.00019821656597949542,0.0025004797303721116,0.4975124378109453,6,0,False,
PINK1,-0.01152089610695839,-0.00019825300630352862,0.00046988719220196853,0.7114427860696517,6,0,False,
AK4,-0.024855005244414002,-0.00019930252777102314,0.0005179156261285137,0.6965174129353234,3,0,False,
CLPX,-0.011852830648422241,-0.00019971263182706197,0.0011312206297013697,0.5920398009950248,6,0,False,
NUDT15,-0.011516025910774857,-0.00020124281831717397,0.0007735706240825318,0.6069651741293532,6,0,False,
GMDS-DT,-0.01118605087200801,-0.00020189731894414636,0.0006227762855038354,0.7164179104477612,5,0,False,
AAGAB,-0.014722863833109529,-0.00020199345863665082,0.0005405721412993419,0.6965174129353234,5,0,False,
NSUN6,-0.01163229967157045,-0.0002024970738034217,0.0006017064412590777,0.7064676616915423,4,0,False,
HCCS,-0.008511106173197433,-0.00020279190870639072,0.0009287401345117834,0.582089552238806,6,0,False,
STXBP3,-0.007910559574762999,-0.00020307658198923608,0.0013601919914158975,0.6666666666666666,6,0,False,
IWS1,-0.00497841586669287,-0.0002046226048720315,0.001970760282638657,0.5472636815920398,6,0,False,
PMM2,-0.005115767319997161,-0.00020523196481527848,0.0020397400597898753,0.4975124378109453,6,0,False,
UNC5CL,-0.02116577823956807,-0.00020607713230380508,0.0006364356441113959,0.6417910447761194,4,0,False,
TRPT1,-0.012825819353262574,-0.0002065240345218993,0.0004950384157546523,0.6965174129353234,5,0,False,
DLAT,-0.018662863100568444,-0.00020673909315943833,0.0005217985464352065,0.7114427860696517,4,0,False,
PMPCB,-0.00752471387386322,-0.00020703849599485613,0.0019972218662774872,0.5572139303482587,6,0,False,
BCL9L,-0.008400709678729384,-0.0002076781935638198,0.0008827270323293548,0.6368159203980099,5,0,False,
THAP4,-0.011481879899899156,-0.0002082918977032688,0.0007213085573708846,0.5870646766169154,6,0,False,
ZSWIM8,-0.010389957576990128,-0.00020890429655142355,0.0005423792122534207,0.6567164179104478,5,0,False,
NSMF,-0.013267518331607192,-0.00021011244706933518,0.0006050204472835452,0.6119402985074627,6,0,False,
MAPK14,-0.012000172088543565,-0.0002103707423300557,0.0007008210998717283,0.6766169154228856,6,0,False,
SLC12A7,-0.007199852416912733,-0.0002104618440630969,0.0007528063276615313,0.6268656716417911,6,0,False,
ZCCHC9,-0.012742463499307619,-0.00021052637117067213,0.0006548653383431072,0.7064676616915423,5,0,False,
ZNF506,-0.01232289398709932,-0.00021086856040576066,0.0008239413319314849,0.681592039800995,4,0,False,
RBM41,-0.016793719182411834,-0.00021145424329591935,0.00031997244816660134,0.8308457711442786,5,0,False,
EHD1,-0.006859918435414641,-0.00021147197754205741,0.0024097046895924976,0.5522388059701493,6,0,False,
TSPAN14,-0.009226168195406614,-0.00021158045932843477,0.0007000828937737351,0.6169154228855721,6,0,False,
WDR45,-0.008205212652683258,-0.00021188083312781436,0.0007709445188664502,0.6517412935323383,6,0,False,
AC008397.1,-0.012721303850412369,-0.00021312338386887415,0.0034198368672333614,0.5373134328358209,5,0,False,
SFXN1,-0.011543100078900637,-0.000214330329929349,0.0008100017590670309,0.6318407960199005,6,0,False,
PRXL2A,-0.005470807353655516,-0.0002151223731014254,0.002642267635347789,0.5223880597014925,6,0,False,
EFNB2,-0.004334037502606691,-0.00021582345148312917,0.012192035632455578,0.5124378109452736,6,0,False,
GNPNAT1,-0.00851043313741684,-0.00021589452188039952,0.00337748844756015,0.5373134328358209,6,0,False,
MAN1A1,-0.018242880702018738,-0.00021671353208754018,0.0009134584012647937,0.6417910447761194,5,0,False,
SHROOM1,-0.01891273260116577,-0.00021695946625368108,0.00045208203081797857,0.7263681592039801,4,0,False,
LZIC,-0.008738388617833437,-0.0002174348585642984,0.0011536401218678748,0.6119402985074627,6,0,False,
CPT2,-0.021438948810100555,-0.00021753348243800733,0.0004917513167677603,0.6865671641791045,4,0,False,
PIP4K2A,-0.01628832146525383,-0.00021824109321861993,0.0003943378591734159,0.8059701492537313,4,0,False,
DPP9,-0.010883064319690078,-0.00021835831730337486,0.0007320366007316966,0.6169154228855721,6,0,False,
ATG4D,-0.016547825187444687,-0.00021840646412551578,0.0004914119178623359,0.6865671641791045,4,0,False,
PSME3,-0.00766505797704059,-0.00021851369013390585,0.0014220613923460127,0.5671641791044776,6,0,False,
TXNDC11,-0.009050120910008758,-0.00021898454804083244,0.0008900992862188842,0.5920398009950248,6,0,False,
PKP2,-0.011096465090910584,-0.00021935748431397813,0.001674628221306624,0.5522388059701493,4,0,False,
TBC1D1,-0.009317864974339798,-0.00022004290140414958,0.0010871752217768294,0.6019900497512438,6,0,False,
ME2,-0.008530639111995697,-0.00022004426707611347,0.0019685893440387903,0.5970149253731343,6,0,False,
STX12,-0.008458775778611538,-0.00022011544623888488,0.0021051970290895264,0.572139303482587,6,0,False,
PLEKHA7,-0.013408845911423356,-0.00022101646475828878,0.0008690236966561747,0.6119402985074627,4,0,False,
RAB11FIP4,-0.012614863614241273,-0.0002213059232913785,0.0005381831671448456,0.681592039800995,5,0,False,
DENND2D,-0.01885497694214186,-0.00022176643664167646,0.0005747549388299883,0.681592039800995,5,0,False,
CA13,-0.02074126837154229,-0.0002219395020359955,0.00032097700269139015,0.7860696517412935,4,0,False,
SMPDL3A,-0.04366410026947656,-0.00022243074821227837,0.00019440898342941085,0.9502487562189055,2,0,False,
PIGBOS1,-0.012450934698184327,-0.00022307163680542196,0.0005304393924019001,0.7014925373134329,5,0,False,
SLC25A23,-0.018374039481083543,-0.00022311335631346286,0.00047211893154191223,0.7412935323383084,5,0,False,
JAGN1,-0.006073166926701873,-0.00022342476520083977,0.0021986896195512902,0.5472636815920398,6,0,False,
DYRK4,-0.017660263925790787,-0.00022370031085287379,0.0005315150762192337,0.7562189054726368,5,0,False,
MTRES1,-0.01993631571531297,-0.0002238259095729652,0.0005195251445894449,0.7263681592039801,5,0,False,
TOR4A,-0.016169169917702675,-0.00022408205522165062,0.0006316158304975871,0.6318407960199005,6,0,False,
UBA5,-0.015016723424196243,-0.00022534184805491915,0.0006971007624223445,0.7014925373134329,5,0,False,
UBAC2,-0.008963820834954575,-0.00022658225265935006,0.0006577840832285487,0.6019900497512438,6,0,False,
SSNA1,-0.003324026862780216,-0.00022788463826313107,0.005142626138371902,0.5124378109452736,6,0,False,
ELP5,-0.02434740960597992,-0.00022792901065015223,0.0007429948446149181,0.7064676616915423,5,0,False,
BTD,-0.021735234806934983,-0.0002287575920842667,0.0002902600359241586,0.8955223880597015,5,0,False,
SMIM20,-0.010157143076260894,-0.0002291371401545888,0.0009664813944892487,0.5771144278606966,6,0,False,
EXOC1,-0.008126093695561082,-0.00023075419799290197,0.0013543272634205731,0.6218905472636815,6,0,False,
RNH1,-0.003354012966156006,-0.00023087414053204894,0.006053119363979958,0.5621890547263682,6,0,False,
SIAH2,-0.012166250497102737,-0.00023144186558268103,0.0006775608811870417,0.6368159203980099,5,0,False,
DCTN2,-0.00621168315410614,-0.0002317919259637326,0.0027677146222083414,0.5572139303482587,6,0,False,
MMADHC,-0.005215091009934725,-0.0002322288219127614,0.003761341806769447,0.5522388059701493,6,0,False,
ARRB1,-0.016656777511040374,-0.00023298750288434637,0.0003518747754512944,0.9054726368159204,6,0,False,
SCO1,-0.012078989297151566,-0.00023310309592655464,0.0009940968215061388,0.5970149253731343,6,0,False,
ACTR6,-0.016572782148917525,-0.0002337139279191789,0.00044318653949186214,0.8208955223880597,5,0,False,
FAM174C,-0.005474505325158419,-0.00023381405559651155,0.0031190567200586787,0.5174129353233831,6,0,False,
KIAA1217,-0.006561237076918303,-0.00023395621723848315,0.003274973540656996,0.5223880597014925,6,0,False,
SRD5A3,-0.014562807977199554,-0.000234613805813568,0.0006849252712263379,0.6517412935323383,6,0,False,
TPCN1,-0.016443369289239243,-0.00023473357926586365,0.0005784898873575972,0.7213930348258707,5,0,False,
DENND1B,-0.01673795407017073,-0.00023508860722134636,0.0003389547841269729,0.7960199004975125,6,0,False,
NR2F6,-0.007208491365114866,-0.0002353676110841794,0.003778710436530344,0.527363184079602,6,0,False,
C6orf47,-0.01616162434220314,-0.00023644410678772378,0.00035953232345479797,0.8507462686567164,4,0,False,
MID1IP1,-0.012570905188719422,-0.00023692431480361195,0.0010751993917403097,0.6119402985074627,6,0,False,
TUBG1,-0.01623877386252086,-0.00023805523771254917,0.0005320124259303499,0.7213930348258707,5,0,False,
PLCE1,-0.017290409654378877,-0.00023880051455475412,0.0008040769247810509,0.6368159203980099,4,0,False,
TXN2,-0.00506044427553809,-0.0002388039610142832,0.004904635819459648,0.5074626865671642,6,0,False,
TP53INP2,-0.009288928161064774,-0.00023891359343982752,0.0016581049048072596,0.6119402985074627,6,0,False,
ABCD4,-0.013140079875787095,-0.00023907900495494027,0.0005946497291066728,0.6517412935323383,5,0,False,
KCNK6,-0.01184138407309851,-0.00023941047902162647,0.0020856627962325125,0.5572139303482587,6,0,False,
CPT1A,-0.008462170759836823,-0.00024003412002962074,0.0021527396037201154,0.5373134328358209,6,0,False,
KIF13A,-0.01132036993900934,-0.00024022731401132527,0.0006493571450336241,0.7263681592039801,5,0,False,
FAM83E,-0.03484245762228967,-0.00024028146386070615,0.0003881504147697093,0.7810945273631841,2,0,False,
SNX7,-0.020353751877943665,-0.00024247803836630207,0.0005537696454368683,0.6567164179104478,5,0,False,
C1orf21,-0.007165253162384033,-0.00024351750900878446,0.001469682683913804,0.5223880597014925,6,0,False,
STAM2,-0.014812743912140519,-0.0002448156884263693,0.0007875922948163328,0.6716417910447762,4,0,False,
CLPP,-0.00751581291357678,-0.00024524150479980145,0.0025223989649577707,0.5572139303482587,6,0,False,
COA1,-0.008659611145655333,-0.0002459381726128311,0.001645206684784712,0.5522388059701493,6,0,False,
DGLUCY,-0.01655904948711394,-0.00024702513903038963,0.0006448078430998014,0.6567164179104478,5,0,False,
AP1M2,-0.007255325714747074,-0.0002473366489581686,0.0034314662080351856,0.5323383084577115,6,0,False,
MAPKAPK5,-0.013644489149252592,-0.000247495771034809,0.0003444409001771507,0.8109452736318408,5,0,False,
STX10,-0.008503581086794526,-0.0002476069907954554,0.001467197147564072,0.5920398009950248,6,0,False,
ADRM1,-0.002913837631543459,-0.00024773760144723966,0.008253362703060744,0.5572139303482587,6,0,False,
OXNAD1,-0.024999211231867477,-0.00024947893705419495,0.0002890597798195585,0.8805970149253731,4,0,False,
LNPK,-0.017770924915870012,-0.0002497377506489348,0.0007259044003702137,0.746268656716418,4,0,False,
SLC43A2,-0.021986723567048713,-0.0002501888955027574,0.0005548505254211771,0.6716417910447762,4,0,False,
MYO18A,-0.020076348135868713,-0.00025100104282248096,0.0004926766477978476,0.7860696517412935,5,0,False,
TMED2,-0.003447959820429558,-0.00025152053147071767,0.012604033073820325,0.5422885572139303,6,0,False,
ITSN1,-0.013523823271195085,-0.0002520912119878072,0.0007430770643099315,0.6616915422885572,5,0,False,
TK1,-0.014820658912261336,-0.00025711773971609167,0.0019926634124033476,0.5024875621890548,5,0,False,
SCD,-0.008860779305299105,-0.0002572015000050726,0.004083284759958157,0.582089552238806,6,0,False,
FRK,-0.015369022885958344,-0.000257294899407784,0.0008883914917562322,0.6069651741293532,4,0,False,
ALG5,-0.0069794331987698965,-0.00025748032371105854,0.0022799249209538982,0.6169154228855721,6,0,False,
GRK2,-0.007894044121106475,-0.0002583118753667965,0.002088452500456511,0.5920398009950248,6,0,False,
OIP5-AS1,-0.00921589632829034,-0.00025860833174067385,0.001698714474066662,0.6218905472636815,6,0,False,
EDEM1,-0.02172343308726947,-0.0002587428277109,0.0004306733429661416,0.7910447761194029,4,0,False,
WDR55,-0.012691952288150787,-0.0002594906909942632,0.0008186255305201338,0.6069651741293532,6,0,False,
NIT1,-0.016336899250745773,-0.00026010684695353884,0.000448443337241218,0.8159203980099502,5,0,False,
RPP25L,-0.016126199314991638,-0.00026066748918360656,0.00048472624707915287,0.7064676616915423,6,0,False,
SIGMAR1,-0.011713864902655302,-0.00026137165192471326,0.001377632920478113,0.5920398009950248,6,0,False,
BLNK,-0.027259022618333503,-0.00026143728314460314,0.00040089189989883314,0.8009950248756219,4,0,False,
ERN2,-0.00910870482524237,-0.00026263109294415003,0.0021856503769121247,0.4925373134328358,5,0,False,
TFPT,-0.01091539238890013,-0.0002629770493795961,0.0009746503706779888,0.6865671641791045,6,0,False,
ARHGAP32,-0.012185643116633116,-0.0002633650190732691,0.000982689184213891,0.6119402985074627,5,0,False,
PREP,-0.017537931601206466,-0.0002640222768357967,0.0004667305240377824,0.8308457711442786,4,0,False,
AP3B1,-0.008207514882087708,-0.0002649467744730188,0.0020584881765028135,0.5472636815920398,6,0,False,
VTI1A,-0.015092780192693084,-0.0002663740455721951,0.00046151173662797363,0.7512437810945274,6,0,False,
ZNRF2,-0.01585314671198529,-0.00026673121145642765,0.0006716732829130067,0.7064676616915423,5,0,False,
TMED4,-0.004655400911966923,-0.0002678911549565321,0.004966209066940359,0.5671641791044776,6,0,False,
AGPAT3,-0.020073935389518738,-0.00026792587902218075,0.0007357716600519262,0.6915422885572139,6,0,False,
VPS4A,-0.01119212806224823,-0.00026807719079550323,0.0010770330247416927,0.6467661691542289,6,0,False,
ATF5,-0.011061199009418488,-0.0002696012862589577,0.00126586095986964,0.5771144278606966,6,0,False,
TRIP4,-0.025632238015532494,-0.0002717108774938264,0.00032203381276751014,0.8905472636815921,5,0,False,
ICK,-0.017551545053720474,-0.0002725153745312684,0.0010853985139596097,0.6218905472636815,5,0,False,
RHBDL2,-0.021927795062462507,-0.000272616109118791,0.0010675612306302754,0.6069651741293532,5,0,False,
ABCB8,-0.0185055211186409,-0.00027340469293466466,0.0004804172588154889,0.746268656716418,6,0,False,
GOLPH3L,-0.013051676253477723,-0.00027441386269088535,0.001128801893404505,0.6567164179104478,6,0,False,
ARID4A,-0.008329165478547423,-0.0002745358889303726,0.0011762502386374618,0.6417910447761194,6,0,False,
TBRG4,-0.010727530966202409,-0.0002763198107008231,0.0011765016320782853,0.582089552238806,6,0,False,
AIDA,-0.00854658583799997,-0.0002773127466068252,0.0019265282658294759,0.6368159203980099,6,0,False,
USP53,-0.008882030844688416,-0.0002773218050119669,0.0025042981087466647,0.5671641791044776,6,0,False,
ZBTB8OS,-0.00784682979186374,-0.0002776432584957032,0.0016844306301334498,0.5870646766169154,6,0,False,
MGAT2,-0.022389979412158326,-0.0002776633297994385,0.0006923611190941839,0.7711442786069652,5,0,False,
KXD1,-0.010114682217438997,-0.00027871705759882333,0.001362305718351555,0.5870646766169154,6,0,False,
GALNT2,-0.01657262568672499,-0.00027931484854958657,0.0007352715895118695,0.6268656716417911,6,0,False,
EMC9,-0.019661304851373046,-0.0002793448571338134,0.0005405047192186145,0.746268656716418,4,0,False,
SNX1,-0.011821158230304718,-0.00027985971688211707,0.0010860001023980058,0.6965174129353234,6,0,False,
CREG1,-0.008998620013395936,-0.00028005147232481264,0.001514193237070933,0.5771144278606966,6,0,False,
NSMCE4A,-0.010301711658636747,-0.00028005290630075843,0.0011763428199535752,0.5522388059701493,6,0,False,
HPS3,-0.018202605346838638,-0.00028060048283699065,0.00045791222191324607,0.7960199004975125,4,0,False,
ABHD3,-0.012564249336719513,-0.000281169867682874,0.0010842080514718079,0.6218905472636815,6,0,False,
SMPDL3B,-0.027946899334589645,-0.0002836763562273217,0.0003413946780003156,0.8407960199004975,5,0,False,
COPB1,-0.006835748751958193,-0.0002844678096765601,0.005924560549707665,0.5671641791044776,6,0,False,
PSENEN,-0.006919093430042267,-0.00028461519176181704,0.0030864424766481892,0.5870646766169154,6,0,False,
KDM7A,-0.014147082964579255,-0.0002852994468120099,0.0008556595425992888,0.7562189054726368,5,0,False,
WWP2,-0.018603790551424026,-0.00028540981759253445,0.0004215910441500905,0.8308457711442786,4,0,False,
PPFIBP2,-0.019446805119514465,-0.0002874114831192888,0.0011280957664113551,0.6517412935323383,4,0,False,
GPRIN3,-0.019194507971405997,-0.0002880792556191492,0.0007430178533708805,0.6268656716417911,3,0,False,
RAPGEF1,-0.011529234548409789,-0.00028859264248639184,0.0008011895798677405,0.7014925373134329,6,0,False,
ISOC2,-0.0056506221493085595,-0.0002891218296194189,0.0072206839023530815,0.4925373134328358,6,0,False,
CHCHD2,-0.0011899868647256007,-0.0002899712744255493,0.0477899516489162,0.48258706467661694,6,0,False,
PVR,-0.015401052931944534,-0.00029013678366360317,0.0005293952588845194,0.7661691542288557,6,0,False,
GPR108,-0.012056171894073486,-0.0002907616751516882,0.001091545132399727,0.6716417910447762,6,0,False,
SPR,-0.013371337205171571,-0.0002978500606700332,0.0008941941547329329,0.5870646766169154,6,0,False,
PAPSS2,-0.05112004652619363,-0.00029794861685639845,0.00024885442666002286,0.945273631840796,1,0,False,
UBA7,-0.025575937082370118,-0.0002984597913581666,0.0004561344857923653,0.8009950248756219,4,0,False,
GCHFR,-0.024130320797363908,-0.00029858026936738897,0.0007543188327461569,0.6965174129353234,5,0,False,
DOCK1,-0.01785259445508322,-0.00030119733883416625,0.0005617458765558299,0.7412935323383084,5,0,False,
EXOSC4,-0.011182549099127442,-0.0003019403249688599,0.0011910615028036479,0.6417910447761194,6,0,False,
GALNT1,-0.009561613202095032,-0.00030269492256610755,0.002738636976939164,0.5323383084577115,6,0,False,
CIAO2A,-0.014307832966248213,-0.0003030253653698503,0.0012948322135253355,0.6268656716417911,6,0,False,
C8orf76,-0.014210846275091171,-0.00030317056104238623,0.0005584445161113036,0.7213930348258707,6,0,False,
KDELR2,-0.002737492322921753,-0.0003055316949309922,0.02836223237764058,0.5024875621890548,6,0,False,
DNAAF2,-0.019102834165096283,-0.0003056710374253986,0.0004414920721591934,0.8706467661691543,5,0,False,
CLPTM1,-0.0085693473617236,-0.0003061528093373823,0.002066545966294307,0.5373134328358209,6,0,False,
KDM4A,-0.0180193136135737,-0.0003074513021786441,0.0007396157754566078,0.746268656716418,5,0,False,
ERAP2,-0.030605094817777484,-0.0003086376726639254,0.001084215605883184,0.6915422885572139,3,0,False,
COMMD5,-0.013494742413361863,-0.0003093189067527041,0.0004915883090609361,0.7661691542288557,6,0,False,
DAP3,-0.006289278467496245,-0.00030975692927662614,0.0032992033881724184,0.5223880597014925,6,0,False,
MAGOHB,-0.015070288131634385,-0.00031035060944947974,0.0009263305161052363,0.6616915422885572,6,0,False,
ALDH18A1,-0.02169826254248619,-0.0003104112546340226,0.0007887688184514541,0.6517412935323383,5,0,False,
CCDC58,-0.018752482409278556,-0.00031049526741300205,0.000676487383277126,0.746268656716418,5,0,False,
STXBP5,-0.02689238886038464,-0.00031120195930813384,0.0005290336621214667,0.8557213930348259,4,0,False,
PGGT1B,-0.01691278691093126,-0.00031322425587542824,0.0007762855096769071,0.7960199004975125,5,0,False,
IDH3A,-0.017984384049971908,-0.00031396636509686235,0.0005933432520271635,0.7562189054726368,6,0,False,
ENDOG,-0.017462519307931246,-0.0003152163913523482,0.0010401126075144291,0.6517412935323383,6,0,False,
NDFIP2,-0.01013441135485968,-0.0003152232128455834,0.0017643722674946748,0.5771144278606966,6,0,False,
SPTAN1,-0.0035737156867980957,-0.0003153400049189293,0.007900319131995934,0.5124378109452736,6,0,False,
MPP5,-0.018312865247329085,-0.0003155838308032794,0.0010278249906697607,0.6716417910447762,5,0,False,
C1GALT1C1,-0.013991855084896074,-0.00031571736412848054,0.0010139844789826117,0.6965174129353234,6,0,False,
HPS1,-0.013062013934055955,-0.00031770091748117434,0.001159088492815248,0.5621890547263682,6,0,False,
OPTN,-0.0045760373274485455,-0.0003179163934915925,0.007967287811664555,0.5472636815920398,6,0,False,
TRPM4,-0.016954080512126296,-0.0003189954003762558,0.001189634590272776,0.5870646766169154,6,0,False,
ETFDH,-0.028555152316888183,-0.00031900445701535157,0.0003857817657265085,0.8905472636815921,4,0,False,
STK26,-0.021227911114692688,-0.00031921672559370403,0.0006640348876972282,0.6865671641791045,6,0,False,
COMMD8,-0.01808166007200876,-0.00031958460572889633,0.0007288658891958689,0.6567164179104478,6,0,False,
KCTD5,-0.019232065727313355,-0.00032045090415423196,0.0007395196559131751,0.6567164179104478,6,0,False,
NEU1,-0.007204887767632812,-0.00032139316219142317,0.002696453973541898,0.5771144278606966,6,0,False,
CKAP2,-0.02086666412651539,-0.0003216899439904627,0.0005283139677807611,0.8059701492537313,4,0,False,
H2AFX,-0.0066580002506574365,-0.00032215394891665157,0.0034359409786810114,0.5124378109452736,6,0,False,
MBOAT2,-0.022875358661015838,-0.0003238364020845529,0.0008057365281716369,0.746268656716418,5,0,False,
LMTK2,-0.013973874350388854,-0.00032414836989877954,0.0006150252397134359,0.7263681592039801,6,0,False,
CCNC,-0.012535497546195956,-0.0003241970949622391,0.0016995248455924157,0.5621890547263682,6,0,False,
PI4K2B,-0.03318391864498457,-0.0003273808406240244,0.0003612721022192402,0.8656716417910447,4,0,False,
RAVER2,-0.034934091071287796,-0.00032889088373717787,0.0004403168258769993,0.8507462686567164,4,0,False,
RILP,-0.02276952130099137,-0.00032890918220906853,0.0006087702261489643,0.746268656716418,5,0,False,
SPRY1,-0.012894028176863997,-0.00032970830631711204,0.0008937019711829923,0.7114427860696517,6,0,False,
DERA,-0.017464205622673035,-0.00032986531681682585,0.000684618080233317,0.736318407960199,5,0,False,
SLC20A2,-0.017276395112276077,-0.0003298889028013235,0.0006102431618874966,0.7263681592039801,5,0,False,
UBXN2A,-0.012949280440807343,-0.00033015654468801655,0.001098635588264299,0.6716417910447762,6,0,False,
VTA1,-0.016149132202068955,-0.0003304786862008851,0.0009108001445159054,0.6616915422885572,6,0,False,
MRPS18A,-0.010994523763656616,-0.000330620189611424,0.0018494499772643794,0.6019900497512438,6,0,False,
IRAK1,-0.010446123778820038,-0.0003307229297144546,0.002200212921787708,0.5920398009950248,6,0,False,
CYB5R4,-0.02242470532655716,-0.00033073926359710544,0.0004188603829264716,0.8606965174129353,5,0,False,
ATRN,-0.027296864738066987,-0.00033127037452924805,0.00034924277145076,0.8805970149253731,4,0,False,
MAEA,-0.020093462119499833,-0.00033233267917969096,0.0008262901508235077,0.7313432835820896,6,0,False,
ZFAND3,-0.012361062069733947,-0.00033239785809807286,0.0011328768088684801,0.7263681592039801,6,0,False,
LMF2,-0.012570975969235093,-0.0003328328155616717,0.00101328337808593,0.7014925373134329,6,0,False,
EIPR1,-0.023230522871017456,-0.0003348015751140274,0.0004033212465258889,0.8905472636815921,6,0,False,
EDEM2,-0.014762700845797866,-0.0003358896204106302,0.0010219995321948344,0.6567164179104478,6,0,False,
ATP2C2,-0.0524852058539788,-0.0003374947726416137,0.0005283163196497387,0.8308457711442786,4,0,False,
DHRS7B,-0.01711045453945796,-0.00033753213151380997,0.0005807181431837178,0.746268656716418,5,0,False,
ASAP2,-0.008213207125663757,-0.0003387551712912762,0.003987751536298843,0.5223880597014925,6,0,False,
POLDIP2,-0.01034162441889444,-0.00034012198520500555,0.002046267286653474,0.5870646766169154,6,0,False,
TRIM14,-0.02048665533463162,-0.00034036296671409536,0.0007412917880133351,0.6766169154228856,5,0,False,
TENT5C,-0.016147648294766725,-0.00034087602568642683,0.0019573183548158885,0.5920398009950248,6,0,False,
STARD4,-0.03692818060517311,-0.0003426510442671552,0.0004458843937990921,0.8407960199004975,3,0,False,
SELENOI,-0.021292188515265764,-0.00034285074755973586,0.0006007954231007929,0.7313432835820896,4,0,False,
MRPS15,-0.005548328161239624,-0.00034417784408271755,0.00646912774249152,0.48756218905472637,6,0,False,
NOSTRIN,-0.012181275834639849,-0.0003449848362890739,0.0014900705265147227,0.6069651741293532,5,0,False,
C9orf85,-0.022596438725789383,-0.0003456724295194213,0.00035049178802643374,0.9552238805970149,5,0,False,
CANT1,-0.01382023592789966,-0.0003468687859248352,0.0019135679137136635,0.5870646766169154,6,0,False,
ADGRG6,-0.042380818476279586,-0.00034710350093447654,0.0005056078403062363,0.8009950248756219,4,0,False,
CCNH,-0.015699992577234895,-0.0003494689815182585,0.0008163360341126889,0.8159203980099502,6,0,False,
MEF2A,-0.012856053809324891,-0.00034988881132390045,0.0016157447529434668,0.6965174129353234,6,0,False,
CDK11B,-0.013556599617004395,-0.00035195314058293213,0.0017196942685932355,0.5771144278606966,6,0,False,
SRP54,-0.009355348845322908,-0.0003532297511454919,0.003389943878631489,0.582089552238806,6,0,False,
BAIAP2L1,-0.005272785822550474,-0.00035505061743875343,0.006510965103724927,0.5074626865671642,6,0,False,
PEX13,-0.01721423243482907,-0.000355569876580031,0.0006599695171063266,0.7512437810945274,6,0,False,
ABHD2,-0.00808245937029517,-0.00035602865502642935,0.005834700980286972,0.6019900497512438,6,0,False,
CSK,-0.01862518861889839,-0.0003562180612396689,0.0009992993803241358,0.6318407960199005,5,0,False,
SH2D3A,-0.015470407903194427,-0.00035623500497279756,0.0008801653842079953,0.6766169154228856,6,0,False,
SFI1,-0.02968747665484746,-0.00035739414178419704,0.000535406569275599,0.7960199004975125,5,0,False,
PSMC3,-0.006327311197916685,-0.00035757141396132545,0.007739734845238455,0.5621890547263682,6,0,False,
GMPR2,-0.02226525917649269,-0.0003577159642841858,0.00044238751174013,0.8407960199004975,5,0,False,
BET1,-0.02394125983119011,-0.0003589974827093768,0.000621631791325131,0.8009950248756219,6,0,False,
MLKL,-0.02256900630891323,-0.00036102665330981556,0.000707327026847944,0.7562189054726368,4,0,False,
BCL3,-0.009236336996157973,-0.0003612615040817924,0.005157832889408008,0.5422885572139303,6,0,False,
CCDC167,-0.01473121593395868,-0.0003626492558885992,0.0019723261928869915,0.582089552238806,6,0,False,
LACTB,-0.018218599259853363,-0.0003640243126712379,0.0012709023045538667,0.6019900497512438,6,0,False,
MOV10,-0.025178657223780945,-0.00036453453004575676,0.0005239343601784738,0.7711442786069652,4,0,False,
CLSTN1,-0.008946460982163756,-0.00036598803636645914,0.0019152528195912552,0.6417910447761194,6,0,False,
MYO1D,-0.01593776047229767,-0.000366268211326404,0.0010481081296696147,0.6865671641791045,6,0,False,
STK17A,-0.009192897627751051,-0.00036682612904830357,0.0037891557285245282,0.5024875621890548,6,0,False,
PCDH1,-0.01255868375301361,-0.00036682667363559,0.0014210429725164129,0.6069651741293532,6,0,False,
DNAJC3,-0.006382634242375618,-0.00036764572028600163,0.008058544572809858,0.5771144278606966,6,0,False,
RNF113A,-0.02014278434216976,-0.00036795706655841923,0.0005741931826113394,0.8507462686567164,5,0,False,
TACO1,-0.028249168147643416,-0.00036806377452698884,0.0004948010287644456,0.8159203980099502,5,0,False,
PAG1,-0.04225455038249491,-0.0003692205650007881,0.0005339472212853898,0.8308457711442786,2,0,False,
GALNT5,-0.02610124150911966,-0.00037094168386116215,0.0023082035098461,0.6019900497512438,4,0,False,
PET117,-0.01647403339544931,-0.00037126603587638886,0.0020713740968179933,0.6268656716417911,6,0,False,
HMGN4,-0.014430730293194444,-0.00037159526285094626,0.0006632666367234958,0.7512437810945274,6,0,False,
TMEM127,-0.020163995524247483,-0.0003721434365306259,0.0006932119803267063,0.7064676616915423,6,0,False,
ERBB3,-0.006517370541890499,-0.00037290740256426265,0.005476305742145953,0.4975124378109453,6,0,False,
SLC22A23,-0.035299780468146,-0.0003731550812258057,0.0005327640302732146,0.8208955223880597,5,0,False,
MRPL41,-0.003328084945678711,-0.0003731906859597341,0.015606503098880698,0.47761194029850745,6,0,False,
NUDT5,-0.00950814535220465,-0.00037351058541571294,0.0024886523192003754,0.5323383084577115,6,0,False,
KIF2A,-0.012175520261128725,-0.0003740004727656247,0.0018019704585756139,0.6517412935323383,5,0,False,
DHDDS,-0.024724817524353668,-0.00037475118774400696,0.0006933211227753556,0.7761194029850746,6,0,False,
SMUG1,-0.02160037681460382,-0.00037560608328528775,0.0007023699341989061,0.7114427860696517,6,0,False,
PXMP2,-0.017124933501084683,-0.0003758023920494983,0.002139341723299564,0.5920398009950248,6,0,False,
MKRN1,-0.011697056392828642,-0.00037858842291908096,0.0009158360788632968,0.6417910447761194,6,0,False,
HMOX2,-0.010090375940005003,-0.00037937885790446837,0.0037363389166023076,0.6069651741293532,6,0,False,
OSBPL1A,-0.026434828837712615,-0.0003794041309567963,0.0007241837654254394,0.8159203980099502,4,0,False,
PDIA5,-0.028937068457404763,-0.00037954756256015427,0.0012162347915423391,0.6417910447761194,4,0,False,
C14orf119,-0.012032300233840942,-0.0003798887975017113,0.0016402923547136831,0.6318407960199005,6,0,False,
IER3IP1,-0.008504405617713928,-0.000379919000119224,0.002820217694578353,0.5870646766169154,6,0,False,
VPS25,-0.011364668607711792,-0.0003800714638544549,0.0020902059818535042,0.5771144278606966,6,0,False,
ZNHIT3,-0.01314758633573851,-0.0003806559087637415,0.001157925733157266,0.6865671641791045,6,0,False,
TMED5,-0.009764852623144804,-0.00038096835494942627,0.0030436761446911175,0.5920398009950248,6,0,False,
STAMBP,-0.014805201441049576,-0.00038217875962698707,0.001025734735595384,0.7014925373134329,6,0,False,
TKFC,-0.0542381505171458,-0.000382707396711191,0.0003871457611888939,0.9303482587064676,4,0,False,
MSRB1,-0.025296851371725396,-0.00038419097536815855,0.000451646111531712,0.835820895522388,6,0,False,
STK38,-0.017997292180856078,-0.0003849703767105659,0.0013126818151245315,0.6169154228855721,5,0,False,
GALK2,-0.029078385482231767,-0.00038623640714012357,0.0003597521639739818,0.9253731343283582,5,0,False,
HEXB,-0.012114922205607115,-0.00038811815425755054,0.0026903180827576602,0.6119402985074627,6,0,False,
ZDHHC21,-0.023752206315596908,-0.00038826928864472363,0.0007743271968676035,0.7711442786069652,6,0,False,
YIF1B,-0.023262629906336457,-0.00038930100682919237,0.0006114496285692947,0.7661691542288557,6,0,False,
LSM1,-0.012182844181855529,-0.00039010650576596826,0.0012869988459370564,0.6069651741293532,6,0,False,
GGA1,-0.01252144326766333,-0.0003905419523909894,0.0016139556380639596,0.6218905472636815,6,0,False,
CARS,-0.022134854147831604,-0.00039129467400703024,0.0006352388273586987,0.7412935323383084,6,0,False,
KCNK5,-0.03655435082813105,-0.00039136409642977687,0.0004433140810215202,0.8557213930348259,3,0,False,
PIM3,-0.00429091602563858,-0.0003915019478876705,0.011267593747548774,0.5572139303482587,6,0,False,
MICAL2,-0.024060080448786422,-0.00039225788150779175,0.0005202321338136447,0.8706467661691543,6,0,False,
TNFRSF11A,-0.044746198380986854,-0.0003922599142705551,0.0004319840018858142,0.9154228855721394,4,0,False,
TMEM125,-0.023482710123062134,-0.000394382602294875,0.0011981433041244162,0.6965174129353234,6,0,False,
PLD1,-0.049833162998159736,-0.00039490058213587575,0.00034869483168143073,0.9701492537313433,2,0,False,
GANAB,-0.0133205403884252,-0.00039562874460106584,0.002056113426500215,0.6218905472636815,6,0,False,
TSFM,-0.01661563664674759,-0.0003966103072797223,0.0009605634221969526,0.6766169154228856,6,0,False,
CCDC14,-0.014865145087242126,-0.0004000717003299983,0.0009212092392652082,0.736318407960199,5,0,False,
TMUB1,-0.013253932197888701,-0.00040011488800441764,0.0018411577183767235,0.6218905472636815,6,0,False,
LXN,-0.03519864318271479,-0.0004007173102234748,0.00036327723045032024,0.9402985074626866,4,0,False,
CD58,-0.024612365911404296,-0.0004007297189670642,0.0005836608317160711,0.8109452736318408,6,0,False,
SLC39A14,-0.008196440835793795,-0.00040095045316856627,0.005989903399345895,0.5472636815920398,6,0,False,
DAPK2,-0.04920349642634392,-0.0004016295288365773,0.00038533151776951887,0.8756218905472637,3,0,False,
PARP10,-0.015629246210058526,-0.000402205466473083,0.001215417577409949,0.5920398009950248,5,0,False,
MRPL17,-0.010452536245187105,-0.00040244635894199504,0.0033235773914111902,0.5671641791044776,6,0,False,
CISD3,-0.008320639530817742,-0.00040301085419788797,0.005552030598933534,0.472636815920398,6,0,False,
PRRC1,-0.02265028903881708,-0.0004046800019535074,0.0011680610654577277,0.7014925373134329,6,0,False,
BX255925.3,-0.02836593240499498,-0.00040503245317270633,0.000693648741501036,0.7611940298507462,5,0,False,
ELOVL6,-0.04471370950341225,-0.000405757767456994,0.0012236456600846228,0.681592039800995,3,0,False,
YKT6,-0.019636325538158417,-0.0004062768003284283,0.0009987315338134016,0.681592039800995,6,0,False,
SIPA1L3,-0.026335896303256348,-0.00040641068217353566,0.00044930330103824226,0.9054726368159204,6,0,False,
URGCP,-0.033743324379126236,-0.00040650808595880613,0.00042959168000729055,0.8606965174129353,5,0,False,
FAM160A2,-0.03093170250455539,-0.0004073826988860745,0.0005481462771852191,0.8407960199004975,5,0,False,
CAMKK2,-0.026842230310042695,-0.00040746717758228845,0.0005190201650402803,0.8308457711442786,5,0,False,
TTC38,-0.04880169530709584,-0.0004080172818078032,0.00038613755460532547,0.9303482587064676,4,0,False,
SLAIN2,-0.012978176275889097,-0.00040960766337154453,0.0023195863832697694,0.6069651741293532,6,0,False,
ATG5,-0.017152478297551482,-0.0004104194073913906,0.0009780852783049738,0.6766169154228856,6,0,False,
LYPLA1,-0.009124840299288395,-0.0004112194109879441,0.00373396267669178,0.5223880597014925,6,0,False,
NFIB,-0.00913748393456143,-0.0004127145021743623,0.0050323193150801845,0.5870646766169154,6,0,False,
ACOX1,-0.0149966528018316,-0.00041281088605903875,0.002312164515218175,0.5671641791044776,6,0,False,
CDC42SE1,-0.010474570095539093,-0.00041419574250356006,0.0015894761380644664,0.6318407960199005,6,0,False,
ANO10,-0.03157716058194637,-0.00041427871411449385,0.0006472343721385165,0.8756218905472637,5,0,False,
GPBP1L1,-0.012404349943002047,-0.0004151029751151386,0.001304720649842498,0.7014925373134329,6,0,False,
SMPD3,-0.03957259654998779,-0.0004171456393945524,0.0006526829296586622,0.7810945273631841,4,0,False,
INO80C,-0.02058172971010208,-0.0004177560053747471,0.000831757821758257,0.7064676616915423,6,0,False,
ADAM15,-0.00819472223520279,-0.00041881316508872484,0.0060192485148523305,0.5174129353233831,6,0,False,
SEC22B,-0.01538416991631189,-0.00042039811910421683,0.001316520019114951,0.7313432835820896,6,0,False,
ALG13,-0.013452308873335511,-0.0004215133748540692,0.0014373446312595309,0.6965174129353234,6,0,False,
ORMDL3,-0.01915849496920903,-0.00042300490403105015,0.0008410149727126915,0.835820895522388,6,0,False,
MAVS,-0.011523096511761338,-0.0004242928441940445,0.001687204873540051,0.6616915422885572,6,0,False,
TMEM70,-0.01331254094839096,-0.0004262778226868253,0.0009809456022814563,0.6915422885572139,6,0,False,
IL4R,-0.01745312660932541,-0.0004287777408004711,0.0010040137900451352,0.6766169154228856,6,0,False,
DAB2IP,-0.023219338928659752,-0.0004300464253339855,0.0007750831333605695,0.7213930348258707,6,0,False,
HLA-DMA,-0.008965728183587374,-0.0004302978029153893,0.010014244222720358,0.47761194029850745,6,0,False,
PAQR8,-0.04095079625646275,-0.0004304102626427617,0.0007579303690357888,0.7512437810945274,3,0,False,
LBR,-0.009456271926561954,-0.0004306165376384974,0.0034858377046076386,0.572139303482587,6,0,False,
CFI,-0.051334689992169544,-0.00043091365210655484,0.0005934980951571286,0.8159203980099502,2,0,False,
MICU1,-0.011253694693247496,-0.00043185227876673055,0.004557669608610208,0.5771144278606966,6,0,False,
TMC4,-0.023790818949540465,-0.0004320811426965637,0.0008257868882951397,0.7910447761194029,6,0,False,
NMU,-0.028294717272122683,-0.00043265386936070795,0.0010370039243136335,0.6616915422885572,5,0,False,
IMPA1,-0.022627019633849457,-0.0004326685124875131,0.000805038393659843,0.845771144278607,6,0,False,
ACP1,-0.0060379008452097205,-0.000434494079319087,0.006898313128328681,0.5223880597014925,6,0,False,
RNF126,-0.016822896897792816,-0.00043639368413486365,0.0011901960218220582,0.6169154228855721,6,0,False,
CCDC88B,-0.021136417984962463,-0.00043688031513260643,0.0012555771222805129,0.6218905472636815,6,0,False,
CWC15,-0.008133769035339355,-0.00043727191235653373,0.003962256059811651,0.6169154228855721,6,0,False,
ARHGEF16,-0.03377972667415935,-0.00044026277603895496,0.0006169650330811177,0.8308457711442786,4,0,False,
TRADD,-0.020871793230374663,-0.0004416440162090349,0.0014461406922987678,0.6716417910447762,6,0,False,
AC018521.5,-0.023159441848595932,-0.0004417879551812307,0.0006684579330671165,0.7412935323383084,5,0,False,
DAZAP1,-0.014379988114039094,-0.0004426419240846965,0.002001059181121094,0.572139303482587,6,0,False,
SMAGP,-0.015484542896350234,-0.00044660850865106694,0.0030878510280239187,0.5522388059701493,6,0,False,
CENPW,-0.019456639885902405,-0.00044662880200148553,0.0019023772284805357,0.5970149253731343,6,0,False,
MST1R,-0.025546821455160768,-0.00044702943722688024,0.000863321086780039,0.7263681592039801,6,0,False,
USP15,-0.008389229575792967,-0.00044761914003270896,0.0035622065820949287,0.5621890547263682,6,0,False,
GMFB,-0.023706864565610886,-0.0004487674536044227,0.0005093461940853841,0.9203980099502488,6,0,False,
GPD2,-0.03752521177132925,-0.00044981701241105805,0.0005308559607184879,0.9104477611940298,5,0,False,
PEX16,-0.020124971866607666,-0.00044999581263161393,0.0007778212861639956,0.8159203980099502,6,0,False,
SMC4,-0.01029079407453537,-0.0004504798173355616,0.004444013187549995,0.5572139303482587,6,0,False,
SEPTIN10,-0.017372331271568953,-0.0004508885280361368,0.0017154770723813335,0.6716417910447762,6,0,False,
APPL2,-0.01869579901297888,-0.0004530914082215022,0.0011245772694605815,0.7761194029850746,5,0,False,
GMPPB,-0.027603163073460252,-0.00045475330509150915,0.0014373389543213756,0.6716417910447762,5,0,False,
DNASE1,-0.045105535537004485,-0.0004575515856034724,0.0005266370341472225,0.8407960199004975,4,0,False,
MRPS10,-0.013955622911453247,-0.0004587245342343993,0.0020693080542256424,0.6069651741293532,6,0,False,
EPHX2,-0.03781096016367275,-0.0004596767000093372,0.0011132860852525349,0.736318407960199,3,0,False,
SMIM12,-0.019100571672121675,-0.0004601830694980621,0.0010808033961524582,0.6766169154228856,6,0,False,
JUP,-0.004508718848228455,-0.00046200164832292234,0.01696108321606186,0.48756218905472637,6,0,False,
PYM1,-0.026418606440226228,-0.000463802108579679,0.000789975034620398,0.7512437810945274,5,0,False,
SLC35D2,-0.021292395889759064,-0.00046572471639268545,0.001385229009637119,0.6417910447761194,6,0,False,
ERBB2,-0.0139626587430636,-0.00046587424876736724,0.0019888156795332904,0.5920398009950248,6,0,False,
SIAE,-0.05228011682629585,-0.000466532876809185,0.0003587140131527054,0.9800995024875622,4,0,False,
OS9,-0.00855043033758801,-0.0004671836795905568,0.004979698109828764,0.6268656716417911,6,0,False,
JAG1,-0.008186325430870056,-0.000469065070130071,0.0067963677304840936,0.5422885572139303,6,0,False,
SOCS6,-0.027674547086159393,-0.000469575561756203,0.0007425160858569664,0.8258706467661692,5,0,False,
TGIF1,-0.011750583847363799,-0.0004699997732449681,0.0022285948481684617,0.6119402985074627,6,0,False,
SCFD1,-0.01395038515329361,-0.00047043790799829237,0.002204636200715449,0.6318407960199005,6,0,False,
APAF1,-0.030968976517518357,-0.00047086009111180574,0.0005593085346695854,0.8606965174129353,5,0,False,
PEX2,-0.018043525516986847,-0.00047148146041260544,0.0007386235158230063,0.7960199004975125,6,0,False,
VAMP3,-0.014245289067427308,-0.0004743240590722835,0.0025549480571506675,0.6069651741293532,6,0,False,
TPRN,-0.03683778022726378,-0.00047490073526469553,0.0006497515454930633,0.8407960199004975,6,0,False,
GATA4,-0.02607576052347821,-0.0004763727406419955,0.0008108751313661722,0.7014925373134329,5,0,False,
CAT,-0.020490288734436063,-0.0004764739679746259,0.0017289398230640309,0.6517412935323383,6,0,False,
PIH1D1,-0.012325388689835848,-0.00047743261648702773,0.0031245534872826617,0.5373134328358209,6,0,False,
PTK2B,-0.04393638918797174,-0.00047753085197675514,0.00044890208549534045,0.9402985074626866,5,0,False,
ARFIP1,-0.01945021003484726,-0.000477940943650652,0.0016385870820035408,0.6766169154228856,5,0,False,
POLR2A,-0.008118237058321598,-0.0004781877845726738,0.003934709801259226,0.5621890547263682,6,0,False,
PGRMC1,-0.008898983399073246,-0.0004804439329232831,0.004020457115307014,0.5920398009950248,6,0,False,
FAM3A,-0.02370758478840193,-0.0004828778069804327,0.0009459744727270784,0.7810945273631841,6,0,False,
DPP3,-0.024407688528299346,-0.00048420131338008075,0.0009028023701682898,0.7313432835820896,6,0,False,
DNAJA2,-0.009625082214673342,-0.0004884700077760588,0.00365969803990446,0.5422885572139303,6,0,False,
TMEM126B,-0.015234112739562988,-0.0004888155043318583,0.0014117234877162896,0.6865671641791045,6,0,False,
TDRD7,-0.0432421707858642,-0.0004921428720637883,0.00046774667079635325,0.9502487562189055,5,0,False,
SLC41A2,-0.025945582737525313,-0.0004941528950894837,0.0009037504266909534,0.7263681592039801,4,0,False,
MRPL28,-0.014261876543362917,-0.0004941782168519927,0.0025406685866390557,0.582089552238806,6,0,False,
ZDHHC6,-0.0246716265877088,-0.0004948826377064117,0.0007574202158268549,0.7711442786069652,6,0,False,
IFI27L1,-0.026524352530638395,-0.0004958223658505772,0.0009646444058057011,0.7213930348258707,5,0,False,
MCUR1,-0.010552525520324707,-0.0004961375669702383,0.0018705237383492967,0.6218905472636815,6,0,False,
FRYL,-0.01357671370108926,-0.0004968782885220249,0.0024454360205598664,0.6417910447761194,6,0,False,
NDUFA5,-0.007276028394699097,-0.0004973105864794125,0.006688151189744811,0.5920398009950248,6,0,False,
RIDA,-0.0253772313396136,-0.0004981616476107788,0.0006435973672275796,0.8208955223880597,6,0,False,
GOLGA5,-0.021657932549715042,-0.0004991779754806897,0.0016411361120389194,0.7263681592039801,6,0,False,
MRPL19,-0.01602526754140854,-0.0004991827089858903,0.0031362276587683356,0.582089552238806,6,0,False,
DCAF11,-0.01924053579568863,-0.0005004145233017414,0.0013678127189763105,0.7064676616915423,6,0,False,
DHFR,-0.04057771091659865,-0.0005029742029783238,0.0011802049722435593,0.6417910447761194,4,0,False,
REST,-0.013663377612829208,-0.0005032374459753356,0.002076779483119433,0.6318407960199005,6,0,False,
PSMC2,-0.013965055346488953,-0.0005035694457471664,0.002664541870736626,0.6119402985074627,6,0,False,
MAN2A1,-0.024256423115730286,-0.0005042056905415644,0.0010761945955938463,0.7611940298507462,6,0,False,
EIF4H,-0.00805617868900299,-0.000504309155290275,0.00684126517326399,0.572139303482587,6,0,False,
BRMS1,-0.011393060286839785,-0.0005044311908471127,0.0021458243974605937,0.5970149253731343,6,0,False,
CDS1,-0.04098705450693768,-0.0005047978473066109,0.0008428446532265228,0.7910447761194029,4,0,False,
IQGAP1,-0.005360717574755314,-0.0005051950600201681,0.01703166239140163,0.48756218905472637,6,0,False,
SCLT1,-0.03267097286880018,-0.0005052519807141778,0.0005833694117714191,0.8756218905472637,4,0,False,
FUT4,-0.024334117149313286,-0.0005074757595864034,0.0012252303041627099,0.7512437810945274,4,0,False,
PHETA1,-0.044751945883035674,-0.0005087147283533162,0.0006761342794664322,0.8756218905472637,4,0,False,
TRIP6,-0.02176715557773909,-0.0005100020321952888,0.0024250974532395732,0.5522388059701493,6,0,False,
GSR,-0.02290673553943634,-0.0005102703742861865,0.0014893175349758323,0.6716417910447762,5,0,False,
COMTD1,-0.009862542152404785,-0.000510960458670167,0.007614102256167633,0.4975124378109453,6,0,False,
ARRDC1,-0.01312784602244696,-0.0005114355874767059,0.002542862061534081,0.6467661691542289,6,0,False,
PLOD3,-0.015155234684546798,-0.0005123321057774486,0.001142661389962631,0.736318407960199,6,0,False,
SEC24A,-0.033065551271041244,-0.0005123935418616937,0.0010185407837285622,0.7164179104477612,6,0,False,
CASP6,-0.03632781282067299,-0.000514137772676187,0.0006539415260233025,0.8258706467661692,5,0,False,
QSOX1,-0.017108619213104248,-0.0005157959922860906,0.005407677743939971,0.5472636815920398,6,0,False,
TNFRSF21,-0.016953525443871825,-0.0005210849864424395,0.0025814682322895027,0.6268656716417911,6,0,False,
INSIG1,-0.01160326600074768,-0.0005215321884147262,0.0034216241434735484,0.5572139303482587,6,0,False,
IFT20,-0.012241505086421967,-0.0005230058171016269,0.0022938652181809056,0.6666666666666666,6,0,False,
TMEM63B,-0.028103793660799653,-0.0005234685975324721,0.0008745884503589149,0.8258706467661692,5,0,False,
CAPN15,-0.023950164516766875,-0.0005261942726768824,0.0011192064710548782,0.7810945273631841,6,0,False,
TRIM69,-0.02810141568382582,-0.0005268040357378417,0.000986071246795684,0.6865671641791045,6,0,False,
NRIP1,-0.015483056505521176,-0.00052864414711932,0.0021310155174055437,0.6368159203980099,6,0,False,
IGHA2,-0.12036806624382737,-0.0005293560803708677,0.001250233998368093,0.8258706467661692,1,0,False,
NR2F2,-0.013177717725435911,-0.0005294052931934274,0.003198821982157682,0.6517412935323383,6,0,False,
CCNB1,-0.02555877963701883,-0.0005298865737008562,0.0014538142028593778,0.6218905472636815,5,0,False,
NADK,-0.028094537556171417,-0.0005303210196442,0.001075300545013808,0.7114427860696517,6,0,False,
MAP7,-0.01633299390474957,-0.0005329962314868876,0.0018702703477963935,0.6567164179104478,6,0,False,
SNAP29,-0.02211585765083629,-0.0005345262400353378,0.0011647365012328003,0.7014925373134329,6,0,False,
CDC123,-0.016063762207825988,-0.0005362550904245404,0.0024317542339641726,0.6318407960199005,6,0,False,
RAB9A,-0.019614599645137787,-0.0005369656803257247,0.0008969244578110418,0.7910447761194029,6,0,False,
SYAP1,-0.00862882037957513,-0.0005374804003141347,0.008095018939340655,0.5174129353233831,6,0,False,
RCAN1,-0.024640599886576325,-0.0005378930518179331,0.0008889682866871168,0.7960199004975125,6,0,False,
FAM135A,-0.02415033678213757,-0.000538001722335477,0.0013448360767922924,0.6865671641791045,4,0,False,
TUBB2A,-0.007411335905393002,-0.0005412225069233854,0.013568632575055396,0.5422885572139303,6,0,False,
MSRA,-0.04066715016961096,-0.0005422867879727823,0.0005447794348836341,0.9154228855721394,5,0,False,
OSTC,-0.007827798525492313,-0.0005424241623500513,0.01179687789118485,0.5671641791044776,6,0,False,
NSF,-0.01977143188317615,-0.0005429806336899213,0.0011194511934381852,0.7611940298507462,6,0,False,
FCHO2,-0.023501820862293243,-0.0005437503832024077,0.0010591444719206997,0.7810945273631841,6,0,False,
DMXL2,-0.04222338895003003,-0.0005454227062414951,0.0008718708426746348,0.746268656716418,5,0,False,
PSMD14,-0.013331289092699705,-0.0005457371891405517,0.0037043298911863184,0.5970149253731343,6,0,False,
RAB27B,-0.01763455073038739,-0.0005467392840943047,0.007265414533844548,0.5174129353233831,5,0,False,
SLC3A2,-0.007087027033170046,-0.000547008991972707,0.00874630288650505,0.5572139303482587,6,0,False,
CDKN1B,-0.020096900562445313,-0.0005473128214689221,0.0017383130889648323,0.7313432835820896,5,0,False,
MCFD2,-0.014650347332159697,-0.0005478705419200349,0.0032370333044411557,0.6268656716417911,6,0,False,
SMCO4,-0.025273943940798432,-0.0005486575067415373,0.0007459952943439905,0.835820895522388,6,0,False,
SEL1L3,-0.02331269532442093,-0.0005488672466308281,0.001542933575235132,0.6915422885572139,6,0,False,
MED11,-0.02970172216494879,-0.0005504137284343713,0.0008249063217933595,0.8109452736318408,6,0,False,
ACOT8,-0.02937723820408185,-0.0005504512901631882,0.0006905816963439716,0.845771144278607,6,0,False,
SEMA3B,-0.022461930910746275,-0.0005518634008230293,0.00129243022376027,0.7412935323383084,6,0,False,
MCU,-0.012455237408479036,-0.0005525792715881741,0.007463718207743761,0.5373134328358209,6,0,False,
AC023157.3,-0.02213347827394803,-0.000553792879472414,0.0015820329163177542,0.6268656716417911,5,0,False,
PRELID2,-0.04063830586771171,-0.000554541001564379,0.0004944940006704415,0.9303482587064676,5,0,False,
RABGGTB,-0.015163195629914611,-0.0005557655328377967,0.0013699604506179862,0.6766169154228856,6,0,False,
RAB18,-0.01688795785109201,-0.0005565510715206142,0.001588404896760571,0.746268656716418,6,0,False,
DLD,-0.02281258006890613,-0.0005601869122678365,0.0012835810318832493,0.7114427860696517,6,0,False,
MED8,-0.020273935049772263,-0.0005605882168031816,0.0015981740734727335,0.6616915422885572,6,0,False,
MRPL16,-0.02020894984404245,-0.0005616889579242407,0.002412506707652727,0.6218905472636815,6,0,False,
ABHD17C,-0.01919669782121977,-0.0005625067664167486,0.0026738438010369073,0.6069651741293532,6,0,False,
PML,-0.026930848757425963,-0.0005632055515748989,0.0013486913664431887,0.6517412935323383,6,0,False,
TACC2,-0.014750396211942046,-0.0005636067938019438,0.002279970235978639,0.5621890547263682,6,0,False,
DDX39A,-0.013147289554278074,-0.000563885031767536,0.004359461756969978,0.5621890547263682,6,0,False,
DNAJC22,-0.039359753330548614,-0.0005642298736708258,0.0004695394389233175,0.9651741293532339,5,0,False,
PIP5K1B,-0.024651706218719482,-0.0005646184429567504,0.0011987990595492214,0.6915422885572139,5,0,False,
RGS10,-0.024765068044265107,-0.0005649033983240914,0.001052785432303032,0.8109452736318408,6,0,False,
KIF13B,-0.017184379200140654,-0.0005685742923415395,0.001978923561916767,0.7263681592039801,6,0,False,
XPNPEP1,-0.03827587515115739,-0.0005686570282367869,0.0008326306550511078,0.8159203980099502,6,0,False,
NPTN,-0.017074798544247927,-0.0005694538498197369,0.001868931335314027,0.7064676616915423,6,0,False,
GOT1,-0.031048037111759186,-0.0005744127453142032,0.0010163134271729197,0.736318407960199,6,0,False,
MRPL15,-0.017188134292761503,-0.0005744394379854738,0.0019756465871686234,0.6169154228855721,6,0,False,
NOL4L,-0.023588942984739944,-0.0005773055719872515,0.0006302443332324442,0.8855721393034826,6,0,False,
SEMA4B,-0.029649990921219185,-0.000579075456301202,0.0006459106087126486,0.8855721393034826,6,0,False,
RARS,-0.0193750262260437,-0.000584168102395681,0.0025649093536847635,0.6169154228855721,6,0,False,
TMEM184A,-0.0555418257912,-0.0005857961497470019,0.0006776214578201704,0.8706467661691543,3,0,False,
XRN1,-0.017627129952112824,-0.0005878199277544458,0.0016435850976243137,0.6666666666666666,6,0,False,
TIMM17A,-0.017610706388950348,-0.0005882558484158378,0.0033538137272274915,0.5572139303482587,6,0,False,
ARHGEF11,-0.040305353080232934,-0.0005899944493898993,0.0005069873123525972,0.9402985074626866,4,0,False,
NUDT2,-0.02875774105389911,-0.0005917475124569308,0.0013659346736846557,0.6865671641791045,5,0,False,
VSIG10,-0.038576029241085066,-0.0005948858403270849,0.0006453890749634443,0.9054726368159204,5,0,False,
LENG9,-0.044560097157955156,-0.0005952003587308703,0.0005228902699784087,0.9402985074626866,4,0,False,
STIM2,-0.026737041771411868,-0.000595385397489453,0.0013777517441343466,0.7562189054726368,5,0,False,
EMC7,-0.015879842142264067,-0.0005964615123534454,0.0018560967253328994,0.7064676616915423,6,0,False,
IDH3G,-0.011954511205355345,-0.0005970644204708342,0.00410657405153554,0.5771144278606966,6,0,False,
NADSYN1,-0.022852633148431764,-0.000598583548855697,0.000842087886313176,0.835820895522388,6,0,False,
MRPS22,-0.023392487317323685,-0.0006013156790406474,0.0010864869139284564,0.736318407960199,6,0,False,
GTPBP1,-0.02595181266466777,-0.0006066931403223873,0.0009468604592987199,0.7761194029850746,5,0,False,
ILRUN,-0.02019740641117096,-0.0006081478096726137,0.0017358606069982816,0.6666666666666666,6,0,False,
TRIM47,-0.036934919655323015,-0.0006094801426207899,0.001076203554636712,0.7213930348258707,6,0,False,
SQOR,-0.025214992463588715,-0.0006099934133675796,0.0023648130597592383,0.6169154228855721,6,0,False,
CYB5B,-0.01822274426619211,-0.0006102786918592423,0.0018187294571209594,0.6318407960199005,6,0,False,
ACOT11,-0.056032714744408935,-0.0006114594842155392,0.0005514871686958295,0.9353233830845771,4,0,False,
NDUFS1,-0.017084707816441835,-0.0006117935435336701,0.0026562201802415113,0.6368159203980099,6,0,False,
ADAM9,-0.011358208954334259,-0.0006129815617764891,0.008852130438929948,0.4925373134328358,6,0,False,
NUDT1,-0.0185848611096541,-0.0006140425740564575,0.002413113423200317,0.5323383084577115,6,0,False,
PPARA,-0.03160793334245682,-0.0006141695316636854,0.0006861339130176735,0.8258706467661692,5,0,False,
ICAM3,-0.034369740014274924,-0.0006169122845699177,0.0006023563070643057,0.945273631840796,5,0,False,
EXOC6B,-0.04938943311572076,-0.0006169382160107161,0.0004935942598428212,0.9850746268656716,4,0,False,
SHARPIN,-0.016312035421530424,-0.0006176535604357609,0.0019041115134455357,0.6567164179104478,6,0,False,
MRPL35,-0.025377385318279266,-0.0006185193466513457,0.0013685273699228391,0.7164179104477612,6,0,False,
HIBADH,-0.034363807489474624,-0.0006191567303124503,0.0006635848847038545,0.9154228855721394,6,0,False,
SHISA5,-0.016254708170890808,-0.0006193003085253023,0.002528686517632223,0.6218905472636815,6,0,False,
ITCH,-0.018642450372378022,-0.00061957275377164,0.0016296273904727546,0.7661691542288557,6,0,False,
CASP10,-0.030978243177135795,-0.0006198649337531019,0.0019493496373833015,0.6467661691542289,6,0,False,
IL10RB,-0.02636872728665668,-0.0006200265995460572,0.0013951131489851089,0.6965174129353234,6,0,False,
TOM1L1,-0.03619446853796643,-0.0006200292396592657,0.0009285605565520689,0.8706467661691543,6,0,False,
SLC37A1,-0.03796440983812013,-0.0006223552199849103,0.0010236472798346415,0.7412935323383084,4,0,False,
GIPC1,-0.013566272954146086,-0.0006224162868077813,0.005908944301065995,0.5771144278606966,6,0,False,
DOCK5,-0.027905599524577468,-0.0006248985752307129,0.0007517378811763404,0.8805970149253731,6,0,False,
TRABD,-0.016485221683979034,-0.0006256572797026345,0.003356281935930462,0.6069651741293532,6,0,False,
DHRS1,-0.05116971768438816,-0.0006272726615205696,0.000784722342202141,0.8855721393034826,5,0,False,
TRIM25,-0.02055661380290985,-0.0006279576913738542,0.0024340507584265435,0.5771144278606966,6,0,False,
LEPROTL1,-0.01526398460070294,-0.0006286698240158455,0.0014343563815311154,0.7213930348258707,6,0,False,
RFLNA,-0.025369875133037567,-0.0006299859108910303,0.00375685947149511,0.5870646766169154,6,0,False,
IL1R2,-0.07522478389243287,-0.0006306772912642723,0.001557566203576931,0.6616915422885572,2,0,False,
NCK2,-0.02374805137515068,-0.0006309842966179254,0.0007106006613256365,0.9054726368159204,5,0,False,
NOL7,-0.006552264094352722,-0.0006313902815734871,0.012896489428350965,0.5522388059701493,6,0,False,
MDM2,-0.022501036524772644,-0.0006322817794851175,0.0020460481040537053,0.6965174129353234,6,0,False,
CCDC90B,-0.019759324689706176,-0.0006328209844177618,0.0014641373890595091,0.7661691542288557,6,0,False,
SUCLG2,-0.01574259003003442,-0.0006328684785379883,0.00795545436016475,0.5522388059701493,6,0,False,
MRPS18C,-0.015412715574105562,-0.0006338235296078532,0.003412323730725752,0.6268656716417911,6,0,False,
PEAK1,-0.025842049469550446,-0.0006347642901242347,0.0012940064970172727,0.7611940298507462,6,0,False,
FUCA2,-0.015862899521986634,-0.000635319449378238,0.0027147782927780637,0.5870646766169154,6,0,False,
ING1,-0.02252273385723433,-0.0006396835031624997,0.0011899553836806555,0.736318407960199,6,0,False,
COPS5,-0.014202286799748776,-0.0006406067386811542,0.0023220043231477207,0.6666666666666666,6,0,False,
STAT2,-0.020675515135129274,-0.0006427923024842505,0.0017818709160898724,0.6368159203980099,6,0,False,
ZBTB7A,-0.009273216128349304,-0.0006428514754386526,0.00845251915306989,0.5621890547263682,6,0,False,
CYB561D2,-0.03330403814713159,-0.0006429533902086278,0.0009224619958437762,0.8308457711442786,6,0,False,
RNF187,-0.020060718059539795,-0.0006433901880763977,0.0014896679894257996,0.6567164179104478,6,0,False,
GLYCTK,-0.03723386240502198,-0.0006444253201883211,0.0006795838789828841,0.8955223880597015,5,0,False,
NDUFA10,-0.012310236692428589,-0.0006460092069806131,0.006125228681631502,0.5522388059701493,6,0,False,
VPS36,-0.013605629404385866,-0.0006541466426676528,0.0025060851042756514,0.5920398009950248,6,0,False,
YIPF5,-0.024496952692667634,-0.0006550970931245292,0.001384204227876492,0.7611940298507462,6,0,False,
GK5,-0.03247684737046558,-0.0006567901963372316,0.001349921915255973,0.7263681592039801,5,0,False,
PPA2,-0.03200949231783548,-0.0006592560468285083,0.0014974147454342554,0.6965174129353234,6,0,False,
MVD,-0.030497856438159943,-0.00066032357400268,0.0023472666832324222,0.7164179104477612,6,0,False,
TMED7,-0.018617649873097775,-0.0006612078145427914,0.003053612259258006,0.6567164179104478,6,0,False,
PPA1,-0.004407703876495361,-0.0006618149359480535,0.03885936088667222,0.5074626865671642,6,0,False,
LYPLA2,-0.020680961509545626,-0.0006637566443436767,0.0022243059723789666,0.6716417910447762,6,0,False,
SKA2,-0.027235704163710295,-0.0006639881281211098,0.00193029193723992,0.6218905472636815,6,0,False,
RNF128,-0.04502653827269873,-0.0006650117975238248,0.0007722070152947988,0.9303482587064676,5,0,False,
PBLD,-0.04342550535996756,-0.0006655138829260786,0.0009681620333450894,0.7263681592039801,4,0,False,
ITGA6,-0.00714324414730072,-0.0006659591651807072,0.015077346258227457,0.5422885572139303,6,0,False,
SERINC2,-0.01024604837099713,-0.0006668843030414109,0.008311006944454498,0.4975124378109453,6,0,False,
NHSL1,-0.04685601964592934,-0.0006673434345231548,0.0007866200112922885,0.900497512437811,5,0,False,
MYD88,-0.03625217080116272,-0.0006715234899682427,0.000848325957004547,0.835820895522388,6,0,False,
CASZ1,-0.020200562973817227,-0.0006735709101231577,0.0022416326587109056,0.6517412935323383,6,0,False,
PPP1R7,-0.015581533312797546,-0.0006742046105305854,0.003962636054078162,0.5771144278606966,6,0,False,
SLC1A5,-0.021617082258065537,-0.0006753125137202886,0.002161997155319783,0.6716417910447762,6,0,False,
CXCL16,-0.01249288519223532,-0.0006794098988397489,0.004677896232884258,0.572139303482587,6,0,False,
ZDHHC5,-0.023260358721017838,-0.0006794679183977953,0.0014668454432242165,0.7114427860696517,6,0,False,
REG1A,-0.012260347604751587,-0.0006809201488018229,0.01852981339725462,0.5572139303482587,4,0,False,
PYCR1,-0.029852119584878295,-0.0006816671738437488,0.002608169972522449,0.5920398009950248,6,0,False,
MRPL36,-0.012308840950330135,-0.0006868692958922143,0.004022699195749734,0.5671641791044776,6,0,False,
PDZD11,-0.019959573944409698,-0.0006877121948954969,0.0018730132534680885,0.6567164179104478,6,0,False,
RASD1,-0.034536994993686676,-0.00068794907463684,0.0012927756147724512,0.7860696517412935,3,0,False,
PSEN1,-0.025816702594359725,-0.0006882605941837241,0.0011543948787618066,0.746268656716418,6,0,False,
URM1,-0.020768073697884887,-0.000688976970148274,0.0015837194300158475,0.7512437810945274,6,0,False,
SHOC2,-0.02031437555948895,-0.0006891644078621468,0.001843164123045106,0.7611940298507462,6,0,False,
SRA1,-0.01786568264166516,-0.000690944138375149,0.002571316844568888,0.6069651741293532,6,0,False,
CHMP4C,-0.022570393979549408,-0.0006942674368304885,0.0018120248991866329,0.6467661691542289,6,0,False,
DNAJC5,-0.026947939147551836,-0.0006944567149404458,0.0010306638428830563,0.8059701492537313,6,0,False,
TIMM8B,-0.009994814793268803,-0.0006993554358842391,0.011665683331363684,0.5422885572139303,6,0,False,
C6orf132,-0.015112653374671936,-0.0006998241543938708,0.006708676664291798,0.5472636815920398,6,0,False,
SARNP,-0.015607230365276337,-0.0007016736976781358,0.003096535433429539,0.6268656716417911,6,0,False,
GALNT6,-0.03841306020816165,-0.0007038664754901271,0.00294507103099093,0.582089552238806,5,0,False,
GMPPA,-0.03836698209245998,-0.0007076587015667687,0.0017186187017454964,0.7412935323383084,6,0,False,
PPP1R1B,-0.0283870572845141,-0.0007076808336817324,0.002122927010490473,0.6716417910447762,6,0,False,
CTNNBIP1,-0.030000358819961548,-0.0007084560862535695,0.001615489202909504,0.7313432835820896,6,0,False,
DERL1,-0.018427679936091124,-0.0007088410596325941,0.002237348788043626,0.6616915422885572,6,0,False,
IRF3,-0.013144917786121368,-0.0007091476258562213,0.004340963229585992,0.6069651741293532,6,0,False,
CSNK2B,-0.009432742993036924,-0.0007120412030046399,0.006178471062618277,0.5373134328358209,6,0,False,
ITPR1,-0.05941058571139972,-0.0007129272330348426,0.0008532339469190958,0.8756218905472637,2,0,False,
LRRC1,-0.03539630398154259,-0.0007164057172009504,0.0008893524136279698,0.8656716417910447,6,0,False,
GUCD1,-0.026338410874207796,-0.0007173300127393945,0.001446184347873072,0.6915422885572139,6,0,False,
AADAC,-0.09605515003204346,-0.0007186206913306653,0.000824178198980066,0.8805970149253731,1,0,False,
TRAF4,-0.013026895622412327,-0.0007206907444548548,0.005079468803089755,0.5771144278606966,6,0,False,
GALNT7,-0.02363751331965125,-0.000721888106361068,0.007037557489470969,0.5671641791044776,6,0,False,
AGFG1,-0.018220563729604067,-0.0007223498679735167,0.0032482676525785663,0.6169154228855721,6,0,False,
BCL2L1,-0.01695877065261206,-0.0007224564187283442,0.0014462028885999137,0.746268656716418,6,0,False,
CREB3L2,-0.045370131731033325,-0.0007229025879002857,0.000824545010461643,0.9104477611940298,4,0,False,
ACAT2,-0.0344571533302466,-0.0007234390361409791,0.001786593775760377,0.6368159203980099,6,0,False,
SP140L,-0.021740172679225594,-0.0007244203640937069,0.0010974379117900926,0.7512437810945274,6,0,False,
EIF2S2,-0.005647490421931023,-0.0007255913956751685,0.028684833183027683,0.5373134328358209,6,0,False,
HACD2,-0.029974338908990206,-0.0007264543737520064,0.0014584446626100362,0.7512437810945274,6,0,False,
SCNN1A,-0.03887075185775757,-0.0007265513157272943,0.0016813088714038252,0.7014925373134329,6,0,False,
NDEL1,-0.02989340697725612,-0.0007271404315333898,0.0011081827885367785,0.8109452736318408,6,0,False,
HCP5,-0.020912056167920426,-0.000727361683524774,0.0017687639451898084,0.6865671641791045,6,0,False,
CAPNS1,-0.011136099696159363,-0.0007296705572499181,0.01160367804797984,0.5472636815920398,6,0,False,
CYP4F12,-0.07551919234295687,-0.0007301438110320054,0.0007349521053171265,0.945273631840796,5,0,False,
EMB,-0.07730537466704845,-0.0007319593563996407,0.0005543825815618326,0.9701492537313433,2,0,False,
MYOF,-0.02158846271534759,-0.0007353003622623394,0.0037950348776779564,0.6019900497512438,6,0,False,
RSU1,-0.028944142162799835,-0.0007382587366632796,0.0019538058139293496,0.7014925373134329,6,0,False,
RAB8B,-0.03439346328377722,-0.0007412334097148963,0.0009186122234406562,0.9203980099502488,6,0,False,
CSNK1D,-0.013987968365351378,-0.0007433402011685502,0.003329518475912202,0.5572139303482587,6,0,False,
MRPS35,-0.013595173756281498,-0.0007449596996880408,0.010090039968559674,0.5124378109452736,6,0,False,
FRAT2,-0.037945990761121096,-0.0007477348755801254,0.0010765654153478093,0.8159203980099502,5,0,False,
CCSER2,-0.03267953544855115,-0.0007490140870560949,0.0008459085322970284,0.900497512437811,6,0,False,
EFNB1,-0.029822365070382745,-0.0007511019175348774,0.0013447018259874247,0.7562189054726368,6,0,False,
BPNT1,-0.047639871637026474,-0.0007512965478491101,0.0006774935056268827,0.9154228855721394,6,0,False,
MCRIP2,-0.015294700860977173,-0.000751765819061505,0.0050418743289073215,0.5422885572139303,6,0,False,
IRF2,-0.031190807620684324,-0.0007524641561972309,0.0009089474206120222,0.8606965174129353,5,0,False,
EMC3,-0.018276333808898954,-0.000753758711053926,0.0023013246497621026,0.6567164179104478,6,0,False,
VTI1B,-0.015006383260091127,-0.0007553195844993783,0.005866045591301813,0.6019900497512438,6,0,False,
KLF3,-0.009418030579884884,-0.0007563638940050123,0.013777658598797374,0.5024875621890548,6,0,False,
INPP1,-0.024911001324653625,-0.0007590136348522712,0.0015226007731887418,0.746268656716418,6,0,False,
LPIN2,-0.013352418939272581,-0.0007594686092855178,0.0047808868336261376,0.5422885572139303,6,0,False,
FGD4,-0.026228400568167387,-0.0007615822940028223,0.003654717118440177,0.6268656716417911,6,0,False,
MRPS7,-0.018264499803384182,-0.0007631344042263114,0.0029359313051753994,0.6169154228855721,6,0,False,
TM4SF4,-0.1591517416139444,-0.0007652016669046702,0.0014621570944690198,0.7761194029850746,1,0,False,
ZDHHC12,-0.019122712314128876,-0.0007670775151578481,0.0029808452083933804,0.5522388059701493,6,0,False,
IMP3,-0.015774364272753416,-0.0007679831263341887,0.004760780908475551,0.5771144278606966,6,0,False,
SNRPA1,-0.015961080789566012,-0.0007683878864706723,0.0027126839750079863,0.5920398009950248,6,0,False,
CARD16,-0.03171943500638008,-0.0007725387440221141,0.001127482201488702,0.845771144278607,6,0,False,
SDR16C5,-0.05399702489376068,-0.0007732253766503966,0.001426523920981919,0.6915422885572139,5,0,False,
NIBAN2,-0.016960538923740387,-0.0007738025950763863,0.004081586008803542,0.5920398009950248,6,0,False,
NMT1,-0.02067011594772339,-0.0007743313371666496,0.0057890049090705015,0.6368159203980099,6,0,False,
UBR2,-0.024974708755811037,-0.0007750438367318932,0.001192366954388627,0.7910447761194029,5,0,False,
MRPL22,-0.020437429348627717,-0.0007801188226119794,0.002424745223684829,0.681592039800995,6,0,False,
CEP70,-0.04488273710012436,-0.0007885788203245157,0.0008256745468541166,0.8109452736318408,4,0,False,
HOPX,-0.09189313122381768,-0.0007928705905084258,0.0011283374975124812,0.7810945273631841,1,0,False,
FMO5,-0.07444541404644649,-0.0007941324786138626,0.0007313467935563925,0.9552238805970149,4,0,False,
MCTS1,-0.01562142868836719,-0.0007942411407526107,0.0036387760251811022,0.6268656716417911,6,0,False,
MMP15,-0.03703255206346512,-0.0007945120875361151,0.0013054259685423395,0.7860696517412935,6,0,False,
MAPKAP1,-0.021743302543958037,-0.0007957520364193337,0.0022264373300047075,0.6965174129353234,6,0,False,
FAM53C,-0.025881502777338028,-0.0007968254607342487,0.0018528485446247765,0.6965174129353234,6,0,False,
DHRS4,-0.04776583363612491,-0.000808380333881811,0.0014370044920640908,0.8407960199004975,5,0,False,
PTPRH,-0.05699442140758036,-0.0008099995001767305,0.0008326605188176097,0.8756218905472637,4,0,False,
ZNRD1,-0.01920337975025177,-0.0008121108773206737,0.001955175887709058,0.6865671641791045,6,0,False,
TC2N,-0.01590699702501297,-0.0008173947835527641,0.006984374157595797,0.5572139303482587,6,0,False,
SNHG25,-0.03204683338602385,-0.0008176311257857734,0.002968271140147804,0.7114427860696517,6,0,False,
MRPL3,-0.01894146452347434,-0.0008256090585360583,0.005099131464023487,0.5621890547263682,6,0,False,
B3GNT3,-0.0477136435608069,-0.0008287456498752506,0.0015208090795940025,0.7313432835820896,6,0,False,
PIK3R3,-0.03451223423083624,-0.0008313292947399465,0.0018736188352474782,0.7562189054726368,5,0,False,
HLA-DQB1,-0.01640991012876236,-0.0008389216933845348,0.009483241030713923,0.527363184079602,6,0,False,
TMED9,-0.010769729812939999,-0.0008396536508137495,0.012799855819420225,0.5323383084577115,6,0,False,
GPR160,-0.028499342501163483,-0.0008413562485689295,0.002253762636950051,0.7263681592039801,6,0,False,
VPS26A,-0.02290884405374527,-0.0008425101570887967,0.002948602474672209,0.6467661691542289,6,0,False,
BDH2,-0.045636442800362886,-0.0008426306165650102,0.0009075180616620863,0.900497512437811,4,0,False,
TOB2,-0.014012619853019714,-0.0008458370099880772,0.005422557183201945,0.5422885572139303,6,0,False,
PDXK,-0.015816211700439453,-0.0008467315933848234,0.007189796220291079,0.5771144278606966,6,0,False,
LSR,-0.012004534403483036,-0.0008473063248179775,0.012037802307210818,0.5522388059701493,6,0,False,
TRNP1,-0.024116670091946957,-0.000847716314741983,0.007891916032200843,0.5223880597014925,5,0,False,
INAVA,-0.020810841272274644,-0.0008498377746552506,0.004616921225539489,0.582089552238806,6,0,False,
MARVELD3,-0.05072869795064132,-0.0008499812089886994,0.001540081231335165,0.7064676616915423,6,0,False,
HOOK2,-0.017836386958758055,-0.0008511983259155956,0.004240843737374182,0.582089552238806,6,0,False,
FBP1,-0.016978934407234192,-0.0008529823406568112,0.009128542253052003,0.5472636815920398,6,0,False,
GAK,-0.021394625306129456,-0.0008537403153778723,0.004159377996873236,0.5621890547263682,6,0,False,
TMEM183A,-0.021937578916549683,-0.0008583463284381925,0.0032984785960177747,0.5472636815920398,6,0,False,
NECAP2,-0.0300908125936985,-0.0008597268941364874,0.0010383100212034725,0.8606965174129353,6,0,False,
PET100,-0.011909504731496101,-0.0008608044744781108,0.01771512759835843,0.5572139303482587,6,0,False,
TARS,-0.022921266655127226,-0.0008630344864404071,0.004935595159246805,0.6218905472636815,6,0,False,
RPS6KA1,-0.059466194361448274,-0.0008678837619783206,0.0009964377871350414,0.8706467661691543,5,0,False,
FA2H,-0.04679090157151222,-0.0008753028221277008,0.001984657911140927,0.6766169154228856,6,0,False,
COQ9,-0.03574849416812259,-0.0008765132919313107,0.0014650903505287096,0.7512437810945274,6,0,False,
NDUFA8,-0.01789446671803796,-0.0008787257500387462,0.0038731810487139316,0.6268656716417911,6,0,False,
ASCC3,-0.023599423468112946,-0.0008802925513217994,0.002426039828809774,0.7263681592039801,6,0,False,
HELZ2,-0.028543221453825637,-0.0008833483290529853,0.0018611488520142569,0.6616915422885572,6,0,False,
SEL1L,-0.029689230024814606,-0.0008870326812441243,0.0022078758189577885,0.7263681592039801,6,0,False,
HSD17B4,-0.037956011792024014,-0.000887934402258908,0.004070237352091962,0.6019900497512438,6,0,False,
RREB1,-0.031096383929252625,-0.000888336996374814,0.001375831228317191,0.8308457711442786,6,0,False,
TFRC,-0.018834879000981686,-0.0008904867104870134,0.005183158729177547,0.5174129353233831,6,0,False,
RTCA,-0.04210381209850311,-0.0008921783545858405,0.0011221574721717634,0.8656716417910447,6,0,False,
TNIK,-0.03553372745712596,-0.0008923683785158181,0.0015605238201548638,0.7412935323383084,5,0,False,
KDELR3,-0.041789083431164414,-0.0008957454554215654,0.002494635755169807,0.6865671641791045,6,0,False,
PDCD4,-0.029512986540794373,-0.0008993290646887473,0.004700757244053429,0.6766169154228856,6,0,False,
PRKCD,-0.055293839424848557,-0.0008995819620475939,0.0008548017084911579,0.9353233830845771,5,0,False,
AP2A1,-0.0407543902595838,-0.0009047151884426954,0.0012616235709055233,0.8258706467661692,6,0,False,
COPG1,-0.03691510856151581,-0.0009060195832484355,0.002062125306090443,0.7014925373134329,6,0,False,
GOSR2,-0.04013094430168471,-0.0009104318702382705,0.0010327017241952524,0.9104477611940298,6,0,False,
CFDP1,-0.012374440828959221,-0.0009116603583213003,0.009716794645782045,0.5671641791044776,6,0,False,
ENTPD5,-0.10505902022123334,-0.0009181162024281469,0.0008214186389533803,0.9751243781094527,4,0,False,
RHOG,-0.035815072556336716,-0.0009220528803509064,0.0013462335221864946,0.8258706467661692,6,0,False,
AIFM1,-0.03663420553008717,-0.0009221286010764004,0.002483424155309355,0.6716417910447762,6,0,False,
MSMO1,-0.02943728119134903,-0.0009346264410968749,0.0025246830637249374,0.7213930348258707,6,0,False,
ATF7IP2,-0.023161473373572022,-0.0009386766291928733,0.0018962212151711164,0.7213930348258707,6,0,False,
THOP1,-0.06321218113104501,-0.0009399550513706492,0.0009832448665452196,0.9552238805970149,4,0,False,
TSG101,-0.029117844998836517,-0.0009441726588457115,0.0021773499174753915,0.7562189054726368,6,0,False,
HADH,-0.04542283962170285,-0.0009442762912291674,0.0023937192640472206,0.6417910447761194,4,0,False,
APOL2,-0.04362844613691172,-0.000945172383436969,0.0013050904543107937,0.8208955223880597,5,0,False,
PPCS,-0.02187226215998328,-0.000947409326638818,0.0036043590544079167,0.6716417910447762,6,0,False,
CCL28,-0.13917317986488342,-0.0009475209040905354,0.0008118639016473231,0.9402985074626866,2,0,False,
ADAP1,-0.036215547472238555,-0.000948999558350329,0.0010403299709253954,0.8955223880597015,6,0,False,
KIAA1671,-0.05007690812150638,-0.0009508821131678363,0.0009573497574454368,0.9154228855721394,4,0,False,
PRKCA,-0.02432294189929962,-0.000950968817737164,0.0016938856469794134,0.7412935323383084,6,0,False,
AFG3L2,-0.022303303082784,-0.0009534563464116855,0.00339761634972139,0.6368159203980099,6,0,False,
ANO6,-0.05539177420238654,-0.0009556988179853112,0.0008970448240388566,0.9104477611940298,6,0,False,
RNF5,-0.03863355765740076,-0.0009563500232819277,0.000944191677538262,0.9353233830845771,6,0,False,
SMCHD1,-0.01536295811335242,-0.0009599868566179239,0.006068463867317733,0.5572139303482587,6,0,False,
PSMC4,-0.015595361590385437,-0.0009629407248728189,0.00834700098066048,0.5522388059701493,6,0,False,
WASHC3,-0.02796629567941028,-0.0009634932753037483,0.001648926311355521,0.8009950248756219,6,0,False,
IFNGR1,-0.02690067763129872,-0.0009649036601680479,0.0017866726980639532,0.7611940298507462,6,0,False,
SLC31A1,-0.04427490880091983,-0.0009722111830433513,0.0015252276682077826,0.7661691542288557,6,0,False,
PSMB2,-0.011343558629353823,-0.0009737475248078969,0.01031901019342704,0.572139303482587,6,0,False,
CTNNBL1,-0.028773758560419083,-0.0009770003356043065,0.0036572345923657104,0.6616915422885572,6,0,False,
C1GALT1,-0.021659818788369478,-0.0009808191377992635,0.004314635619735061,0.6616915422885572,6,0,False,
ENTPD6,-0.019961149742205947,-0.000981256681881766,0.0021519633772539874,0.7611940298507462,6,0,False,
KIF1C,-0.03486404319604236,-0.0009825571754737722,0.0024344902939637675,0.6567164179104478,6,0,False,
ETV3,-0.047243390232324586,-0.0009833686214443904,0.0010559382264272396,0.9104477611940298,5,0,False,
BCAS1,-0.022678546607494354,-0.000983683577948316,0.013061406180738639,0.5522388059701493,6,0,False,
RTCB,-0.031006425619125366,-0.0009866770027162433,0.0029720195633758852,0.6915422885572139,6,0,False,
GDI2,-0.013790051142374637,-0.0009930880704287312,0.009026430727932125,0.6069651741293532,6,0,False,
RND1,-0.03300516571228704,-0.0009950024375197765,0.0013846173007305155,0.7910447761194029,6,0,False,
PHYKPL,-0.055082549651463836,-0.00099753234427813,0.0010035187072547312,0.9104477611940298,6,0,False,
PDLIM2,-0.04577612442274889,-0.0010109101649884242,0.0011152175479923715,0.8656716417910447,6,0,False,
NCOR1,-0.01498580475648248,-0.0010111492475591449,0.00838412794318609,0.5671641791044776,6,0,False,
MRPS5,-0.021387919783592224,-0.0010125795500999578,0.0036218983829013453,0.6069651741293532,6,0,False,
SRPK1,-0.02170289059480035,-0.0010127546593483227,0.005785709105145371,0.5174129353233831,6,0,False,
C11orf24,-0.03646374493837358,-0.0010140404137577628,0.0011008028770164518,0.8955223880597015,6,0,False,
MRPL52,-0.010595262050628662,-0.0010148600951662384,0.019663353604577067,0.5472636815920398,6,0,False,
SLC9A1,-0.04019146412611008,-0.0010152479797860931,0.0037056746775833514,0.6119402985074627,5,0,False,
CEACAM1,-0.04744876051942508,-0.0010154278337746645,0.0009900890045549714,0.8656716417910447,6,0,False,
SLC16A3,-0.03829354109863441,-0.0010161298471708833,0.001506556000450205,0.7711442786069652,6,0,False,
SYTL2,-0.02879923085371655,-0.0010172676035447824,0.008457630259224103,0.5572139303482587,5,0,False,
CD82,-0.014457722504933657,-0.0010225235509937834,0.007384190537066791,0.572139303482587,6,0,False,
USH1C,-0.03340207537015277,-0.0010327058618220088,0.002937549668910051,0.6915422885572139,6,0,False,
AP1B1,-0.04362950598200163,-0.0010378981369135287,0.0018075499342686428,0.7761194029850746,6,0,False,
NUDT22,-0.03089025119940436,-0.001041029678401061,0.0024504868088935624,0.6965174129353234,6,0,False,
ARL6IP5,-0.014048611124356625,-0.0010432089060684088,0.007851585071120867,0.5621890547263682,6,0,False,
PTK6,-0.046554592748483004,-0.0010447923374882684,0.0012618874666786468,0.8855721393034826,5,0,False,
DHRS3,-0.029935660461584745,-0.0010527845288916251,0.0025120835276513085,0.6666666666666666,6,0,False,
CD99,-0.01542316873868299,-0.0010554302234706161,0.01169207479535026,0.5970149253731343,6,0,False,
MRPL13,-0.021141697963078798,-0.001057201070098685,0.003438939582465764,0.6318407960199005,6,0,False,
TWF2,-0.03884028395016989,-0.0010598166030236322,0.001371632607255899,0.8059701492537313,6,0,False,
PCYT1A,-0.04751702398061752,-0.0010604992600731253,0.001174990585607327,0.8756218905472637,6,0,False,
GSTM4,-0.05512285853425662,-0.001063014297085104,0.0012881637355761373,0.8706467661691543,6,0,False,
TMEM176A,-0.019217240313688905,-0.0010639293909971068,0.006715623653744334,0.5223880597014925,6,0,False,
FH,-0.04709552476803461,-0.0010643297140497257,0.0014631172779903923,0.8258706467661692,6,0,False,
TDP2,-0.058175007502237946,-0.0010660343881005378,0.0012586688094415612,0.8706467661691543,5,0,False,
DUSP2,-0.018770772963762283,-0.0010663904181382913,0.005708829239204149,0.48258706467661694,6,0,False,
SAMHD1,-0.03168971960743269,-0.0010676636798946215,0.0025771753170696445,0.6716417910447762,6,0,False,
NDUFB10,-0.009449919064839607,-0.0010699509394159193,0.01368934522412896,0.4925373134328358,6,0,False,
SEC23A,-0.041118713716665894,-0.0010738833076773965,0.0011348285192602304,0.9054726368159204,6,0,False,
PTPRF,-0.026955271760622623,-0.0010740793205501376,0.0026001368639082686,0.6716417910447762,6,0,False,
UCHL5,-0.043438146511713654,-0.0010743893394199642,0.0010374103735424896,0.9402985074626866,6,0,False,
SH3KBP1,-0.02592448393503824,-0.0010746878254383912,0.0021563967249875826,0.7661691542288557,6,0,False,
PPP2R5C,-0.022739415367444338,-0.001077527906308372,0.0024710715776701665,0.7412935323383084,6,0,False,
PPIF,-0.030633822083473206,-0.0010839679333983117,0.0034612987728256076,0.6417910447761194,6,0,False,
FAHD1,-0.04783205191294351,-0.0010882806619805661,0.0020821094293882497,0.7512437810945274,6,0,False,
PCYT2,-0.05931127071380615,-0.001096454701981151,0.0012243144509967003,0.8805970149253731,6,0,False,
DESI1,-0.04597325250506401,-0.0010982153823872456,0.0012790692036378393,0.8606965174129353,6,0,False,
ADH5,-0.026952688892682375,-0.001098455604129231,0.002686419695297297,0.7412935323383084,6,0,False,
PPP2CB,-0.034943272670110104,-0.0010988494916746438,0.0023368773008774755,0.7164179104477612,6,0,False,
SIRT7,-0.028913627068201664,-0.0010994687766446955,0.003022339772866164,0.6766169154228856,6,0,False,
CAPZA2,-0.0178939551115036,-0.0011060579193281198,0.005706039912869747,0.5771144278606966,6,0,False,
PFKP,-0.03898038963476816,-0.0011078436332607221,0.0016797671727451257,0.7910447761194029,6,0,False,
CRB3,-0.03205880522727966,-0.0011091460272205824,0.002558627991984904,0.7064676616915423,6,0,False,
PDLIM1,-0.011146108309427971,-0.0011153869567516643,0.012347942135965411,0.5223880597014925,6,0,False,
LAMB1,-0.043220123276114464,-0.0011192420416454266,0.0013595484408779471,0.8706467661691543,6,0,False,
GTF2E2,-0.045485105365514755,-0.001120197620529735,0.0017144820550094254,0.7661691542288557,6,0,False,
CHCHD7,-0.02216412127017972,-0.001122306665924651,0.0029071622459599165,0.6517412935323383,6,0,False,
IL18,-0.029481867949167878,-0.0011249689591518361,0.0033963865486496955,0.6318407960199005,6,0,False,
RAPGEF5,-0.04909119009971617,-0.0011309241797113788,0.001228669118313711,0.8955223880597015,5,0,False,
SCAND1,-0.008015265067418453,-0.0011319750200793675,0.01868685656141151,0.48756218905472637,6,0,False,
PIK3R1,-0.023656288782755525,-0.0011361760133062403,0.0028077930997328113,0.7512437810945274,6,0,False,
SCIN,-0.1163811422884464,-0.0011390130794018843,0.0010803935613765882,0.9502487562189055,3,0,False,
MRPL12,-0.019422759612401308,-0.0011392914478425323,0.009041645599988109,0.5373134328358209,6,0,False,
ANKRD28,-0.040284187843402236,-0.0011440273675195063,0.002233748396485373,0.7213930348258707,6,0,False,
MED4,-0.029324136674404144,-0.0011444856459325824,0.0024591278454464908,0.7761194029850746,6,0,False,
OSBPL2,-0.027848655978838593,-0.0011466145828431733,0.0022892498569273513,0.6965174129353234,6,0,False,
GFER,-0.0640011529127757,-0.0011496568348983436,0.0012866059829830666,0.8507462686567164,6,0,False,
CAB39,-0.03400327265262604,-0.0011510873193257402,0.0028799872473659195,0.6616915422885572,6,0,False,
GRHPR,-0.030254413684209225,-0.0011525154204829395,0.004061153262053611,0.6417910447761194,6,0,False,
ARHGEF35,-0.03600234786669415,-0.0011531440998095422,0.0027850520708328393,0.6766169154228856,6,0,False,
SLC35C1,-0.0663160365074873,-0.0011547973938918644,0.0011625773383728837,0.9402985074626866,6,0,False,
ERCC5,-0.038250910739103944,-0.0011564232975236853,0.0017110145765793262,0.7810945273631841,6,0,False,
GLO1,-0.025366519888242067,-0.0011581042646631825,0.0034987699875253728,0.6368159203980099,6,0,False,
DHRS7,-0.029451573888460758,-0.0011593475477114706,0.0035969788190553034,0.6766169154228856,6,0,False,
RHOA,-0.008427351713180542,-0.0011602556509646951,0.028868743157670688,0.4975124378109453,6,0,False,
GCC2,-0.012418558200200325,-0.001160373416586792,0.013283451972964953,0.572139303482587,6,0,False,
MGAT4A,-0.04981681456168491,-0.0011604814627615228,0.0015302012170998263,0.8557213930348259,5,0,False,
ZZEF1,-0.05433240781227747,-0.001163640760681699,0.0013712139619799293,0.845771144278607,5,0,False,
PSCA,-0.07418427616357803,-0.0011695997090967834,0.006088498405302046,0.527363184079602,3,0,False,
HDAC1,-0.020503828922907474,-0.0011747465048607996,0.007369693711915488,0.5621890547263682,6,0,False,
TANK,-0.034340756634871156,-0.0011802201135649205,0.0013748868724240738,0.8955223880597015,6,0,False,
HYOU1,-0.04594156642754876,-0.0011810757110496705,0.0029498432569518593,0.736318407960199,6,0,False,
PLGRKT,-0.05665231247742972,-0.0011837180672682264,0.0017295792463780093,0.845771144278607,6,0,False,
SEPTIN9,-0.02235192557175958,-0.0011840672445743543,0.0038794570161610983,0.6517412935323383,6,0,False,
CASP4,-0.033090293407440186,-0.0011858864936022764,0.0023191246221932475,0.7313432835820896,6,0,False,
TRIM38,-0.045403184990088136,-0.0011876834174986764,0.0013613263335639524,0.8955223880597015,6,0,False,
SNAP23,-0.04317781204978627,-0.0011881380288806887,0.0016249280066449395,0.8855721393034826,6,0,False,
PSMD9,-0.02287522455056512,-0.0011909488037324997,0.004254487296256035,0.5870646766169154,6,0,False,
NDUFA9,-0.031708585719267546,-0.001195847601063704,0.0032144818787791275,0.6517412935323383,6,0,False,
DOK4,-0.05959571401278177,-0.0011960009672608908,0.000976188743795405,0.9950248756218906,6,0,False,
PLEKHJ1,-0.034796059131622314,-0.001197683182408964,0.00428177655309208,0.6069651741293532,6,0,False,
RPA3,-0.03030310571193695,-0.0011978458588075243,0.004214430440860941,0.6019900497512438,6,0,False,
ZNF91,-0.038100709517796816,-0.001201183866440123,0.0027190879703499066,0.7562189054726368,6,0,False,
SNHG1,-0.035706048210461944,-0.0012012871719088148,0.0019720940850492816,0.7711442786069652,6,0,False,
DUSP6,-0.035009822497765214,-0.0012014364252208656,0.001119719278436833,0.9054726368159204,6,0,False,
FDX1,-0.028816347320874514,-0.0012111370753976106,0.0030258402456276663,0.6766169154228856,6,0,False,
CAPN1,-0.025995155175526974,-0.0012132951873639343,0.005206137421084965,0.6467661691542289,6,0,False,
DNPEP,-0.03279648597041765,-0.0012209539881112902,0.002174121668057372,0.7313432835820896,6,0,False,
DHRS11,-0.15298963896930218,-0.001221437364048842,0.000987471955355349,0.9701492537313433,5,0,False,
GIPC2,-0.05895326534907022,-0.0012371328841472816,0.0012710068580484458,0.9054726368159204,5,0,False,
STXBP2,-0.049772349496682466,-0.0012397707152490888,0.0020993022447754026,0.7711442786069652,6,0,False,
COX20,-0.023379643758138002,-0.0012401599851682896,0.004074868276565932,0.6417910447761194,6,0,False,
APEX1,-0.02154044806957245,-0.0012405832322684935,0.005890678075304126,0.6368159203980099,6,0,False,
IFIH1,-0.04902966506779194,-0.0012439277622836654,0.001700248019032957,0.7761194029850746,5,0,False,
ZBTB7B,-0.0817138043542703,-0.0012445704733175756,0.0011290068679030278,0.9701492537313433,5,0,False,
VSIR,-0.057963661849498735,-0.001254036635055477,0.001306576292467234,0.9154228855721394,6,0,False,
STX7,-0.05631530284881592,-0.0012547298610161768,0.0011631916501533613,0.9502487562189055,6,0,False,
NDUFB6,-0.030366837978363037,-0.0012550009443741987,0.003134086961592846,0.6616915422885572,6,0,False,
CKMT1A,-0.07597662135958672,-0.0012585177428527821,0.002129034409113386,0.746268656716418,6,0,False,
CTSE,-0.021216094493865967,-0.0012606386241627407,0.0226014492332157,0.5323383084577115,6,0,False,
LETM1,-0.05550495535135269,-0.0012611092710043195,0.0018890936020753324,0.8258706467661692,6,0,False,
BROX,-0.029859840869903564,-0.0012614406877071351,0.0028972964666094565,0.7611940298507462,6,0,False,
DPP4,-0.11789563049872716,-0.0012644524853390288,0.0010887460748203463,0.9253731343283582,3,0,False,
EHBP1L1,-0.04967627177635828,-0.001267212616422271,0.001815409469034204,0.8009950248756219,6,0,False,
SLC52A2,-0.02645154669880867,-0.0012707420306342972,0.004468191204701286,0.6716417910447762,6,0,False,
PEX26,-0.07000196352601051,-0.0012712604719021824,0.0010091493235549658,0.9850746268656716,4,0,False,
PLIN3,-0.03641471763451892,-0.0012801293979237325,0.0027857079243902723,0.6915422885572139,6,0,False,
BAK1,-0.06342394898335138,-0.001280260659408738,0.0010860465405171079,0.9502487562189055,6,0,False,
PDIA6,-0.011564572652181027,-0.0012873533492190766,0.027980864881797508,0.5373134328358209,6,0,False,
ANXA3,-0.02313053359587991,-0.001290487490901948,0.008551652183017764,0.5870646766169154,6,0,False,
SLC20A1,-0.022761243085066496,-0.0012908136405569695,0.007979128395150137,0.6019900497512438,6,0,False,
CBLC,-0.048190305630366,-0.0013031298262892784,0.0015381883599351264,0.8557213930348259,6,0,False,
CCDC6,-0.023685125013192476,-0.0013066748872000648,0.006095256730023226,0.6019900497512438,6,0,False,
PAK1,-0.04194113363822302,-0.0013067177622158518,0.002379203832360487,0.7263681592039801,6,0,False,
NUDT16,-0.04882151385148367,-0.0013093998819517752,0.0016169616696532136,0.8706467661691543,6,0,False,
ZG16B,-0.04369939615329105,-0.0013127645718280447,0.006687200888382217,0.5472636815920398,5,0,False,
FDFT1,-0.025838196277618408,-0.001315079247113879,0.0059347800673373195,0.5771144278606966,6,0,False,
SDHC,-0.028636892636617006,-0.0013212340967685351,0.0038052997244525624,0.6965174129353234,6,0,False,
HSD17B12,-0.03196768959363305,-0.0013219066913913047,0.003868321256086004,0.6517412935323383,6,0,False,
PRDX4,-0.016046370069185856,-0.001322484892819132,0.009861267408660716,0.6119402985074627,6,0,False,
PLCB3,-0.08629416984816393,-0.001324249113937686,0.001399760503228756,0.9402985074626866,6,0,False,
FAM13A,-0.08521016562978426,-0.0013311192242286345,0.0012167997022601747,0.945273631840796,5,0,False,
CASK,-0.03538134694099426,-0.0013320478143795797,0.0018711701505652763,0.8855721393034826,6,0,False,
CASP3,-0.055314754446347564,-0.00133468161919147,0.002151929259393428,0.7761194029850746,6,0,False,
PPP1R11,-0.03235707680384317,-0.0013383736022280117,0.0033263134535776073,0.6666666666666666,6,0,False,
CREB3L1,-0.04123875747124353,-0.0013437265842834068,0.003737109475475085,0.6467661691542289,6,0,False,
MBD2,-0.049734982351462065,-0.0013450691972068983,0.00312271476054754,0.7263681592039801,6,0,False,
ITPK1,-0.04917313034335771,-0.0013547710761616456,0.0015178670073553158,0.900497512437811,6,0,False,
ENSA,-0.01626546184221911,-0.0013664908445746482,0.00862137437598412,0.5522388059701493,6,0,False,
TP53I3,-0.04797744254271186,-0.0013679057340574255,0.002192183978949493,0.7512437810945274,6,0,False,
ALAS1,-0.04991404463847479,-0.0013686133204109906,0.001619600817027406,0.8756218905472637,6,0,False,
ITM2C,-0.07669296363989514,-0.001370753477196605,0.001533280475988317,0.9054726368159204,5,0,False,
MTCH2,-0.040192872285842896,-0.0013723245388194184,0.002599944566845649,0.6915422885572139,6,0,False,
ARPC4,-0.02145750323931378,-0.0013723808662209212,0.006570923522317106,0.582089552238806,6,0,False,
CENPV,-0.037641117970148685,-0.001375683894392568,0.004932916367639469,0.6467661691542289,6,0,False,
SERP1,-0.009289155403772842,-0.001379963187840135,0.03305884550172156,0.5621890547263682,6,0,False,
LPCAT4,-0.07474004973967868,-0.0013830737407752275,0.0015925431304133534,0.8706467661691543,6,0,False,
TLCD2,-0.08237789074579874,-0.0013865780532612538,0.001070024539555553,0.9601990049751243,4,0,False,
PPP1CC,-0.02443436284859979,-0.0013868247641568758,0.005392613281530245,0.5870646766169154,6,0,False,
ORMDL2,-0.031611507137616485,-0.0013883669560385025,0.003208832455979618,0.7213930348258707,6,0,False,
PTTG1,-0.04433133825659752,-0.0013989015906888725,0.002860148766127245,0.6716417910447762,5,0,False,
NARS,-0.02807825803756714,-0.0014007750195342808,0.009174513064809355,0.6019900497512438,6,0,False,
PHYH,-0.05587438493967056,-0.001405709696911969,0.0010566051568606366,0.9900497512437811,6,0,False,
ADGRE5,-0.039365516354640306,-0.0014059579427535113,0.0023559216047631046,0.7810945273631841,6,0,False,
SLC35B1,-0.04758752137422559,-0.0014060824681712781,0.002299211900584689,0.8208955223880597,6,0,False,
MAPK13,-0.04608077059189475,-0.0014068653943068857,0.0023567346998429202,0.7761194029850746,6,0,False,
TMC5,-0.01240420838197076,-0.001407057679770284,0.02998478665698366,0.5174129353233831,6,0,False,
PPP1R14B,-0.015091300010681152,-0.0014090487896231357,0.018105118682549663,0.48756218905472637,6,0,False,
TMPRSS2,-0.046291989584763826,-0.001411422015055168,0.0036302980189763987,0.6616915422885572,6,0,False,
MRPS25,-0.03958369046449661,-0.0014138765219672222,0.002868930778822152,0.681592039800995,6,0,False,
KALRN,-0.07614180569847423,-0.0014153846039544147,0.001300008819027149,0.9253731343283582,5,0,False,
CENPX,-0.019929692149162292,-0.0014168743564699781,0.014013689056651202,0.5174129353233831,6,0,False,
DYNC1I2,-0.023615270853042603,-0.0014200422893731336,0.012758130153705817,0.6119402985074627,6,0,False,
COQ7,-0.04807957261800766,-0.0014278893568726652,0.0012524858305248516,0.9253731343283582,5,0,False,
MUC5AC,-0.035791635513305664,-0.0014288172760675401,0.03296870223386787,0.5572139303482587,3,0,False,
CKMT1B,-0.05776211867729822,-0.0014323214892553557,0.0023895418097625966,0.7711442786069652,6,0,False,
CAPZA1,-0.023681720097859738,-0.001438405917922464,0.0067267424518898085,0.5771144278606966,6,0,False,
SHFL,-0.04079455882310869,-0.0014390627243915733,0.0020541749166611695,0.8009950248756219,5,0,False,
FCGBP,-0.17705330501000088,-0.0014426972253219548,0.003219574144245243,0.6567164179104478,1,0,False,
RPN1,-0.023203358054161072,-0.001445337681106528,0.010225656031436684,0.5422885572139303,6,0,False,
AHCYL2,-0.07910073610643545,-0.0014462777199338026,0.0011953086202326146,0.9751243781094527,5,0,False,
CLCN3,-0.04008530328671139,-0.0014528495167757949,0.002163086400397396,0.8507462686567164,5,0,False,
ABHD12,-0.03943406790494919,-0.0014568367768208004,0.0022419330513633144,0.7661691542288557,6,0,False,
PTGER4,-0.07643703060845534,-0.001471818593815332,0.0012872979215391637,0.9303482587064676,3,0,False,
TCIRG1,-0.044578665246566146,-0.0014752859049107165,0.0026704694157627953,0.7412935323383084,6,0,False,
MPC2,-0.017235149939854977,-0.0014753547822614667,0.010996299749345377,0.582089552238806,6,0,False,
ACADS,-0.08466909577449162,-0.0014778030129694527,0.0012142336748501672,0.9900497512437811,5,0,False,
STAP2,-0.07860909650723139,-0.0014829387654047349,0.0016217122671733676,0.9203980099502488,5,0,False,
BICDL2,-0.0407809354364872,-0.0014830317164658427,0.0017853326003643012,0.8208955223880597,6,0,False,
EPS8L1,-0.042321191479762404,-0.0014856806135875008,0.003986366060069288,0.6567164179104478,6,0,False,
UBE2V1,-0.012767970561981201,-0.0014863063599127877,0.010606435566083882,0.6069651741293532,6,0,False,
LIPH,-0.03469233214855194,-0.0015052994865714237,0.003670510504788338,0.6666666666666666,6,0,False,
TNIP1,-0.031835126380125645,-0.0015055101757123622,0.004082116566569163,0.6069651741293532,6,0,False,
ACTR3,-0.017063607772191403,-0.0015123029616644886,0.01514584366086851,0.5024875621890548,6,0,False,
CYP2C18,-0.07862702757120132,-0.0015168070661718438,0.0024653740996618467,0.7711442786069652,4,0,False,
SLC5A1,-0.17743494113286334,-0.0015218938227378413,0.001608054046556867,0.8756218905472637,2,0,False,
SLC16A1,-0.04225133235255876,-0.0015320872743244326,0.004882485487011149,0.6965174129353234,6,0,False,
HSPG2,-0.0246283064285914,-0.0015339621515144653,0.003583793122027885,0.6417910447761194,6,0,False,
DDOST,-0.025180459022521973,-0.0015623382208870364,0.008080550213728811,0.5870646766169154,6,0,False,
NDUFA2,-0.016125420729319218,-0.0015629766451175334,0.011768103509016921,0.5472636815920398,6,0,False,
MYCBP,-0.05904444803794226,-0.0015696754129500639,0.002060531808665057,0.8557213930348259,6,0,False,
SH3D19,-0.06547169511516887,-0.0015700330228804091,0.0016098302306389925,0.9154228855721394,6,0,False,
HBEGF,-0.02323935305078828,-0.0015742584336043545,0.013783364088372817,0.5671641791044776,6,0,False,
SAT2,-0.03840137521425879,-0.0015745576753986039,0.005170134161203142,0.6716417910447762,6,0,False,
SLC25A1,-0.04623999694983166,-0.0015750184421941173,0.00302259588749272,0.7263681592039801,6,0,False,
UBE2J1,-0.048922340075174986,-0.0015797353471363699,0.0030769083909563434,0.7313432835820896,6,0,False,
FAM32A,-0.030414722859859467,-0.001579763805897296,0.0038816022509125295,0.6865671641791045,6,0,False,
MAX,-0.03973368306954703,-0.0015817658824028007,0.0018366190421257535,0.835820895522388,6,0,False,
PLAAT3,-0.030199214816093445,-0.0015837452339547268,0.005316094899486994,0.7114427860696517,6,0,False,
LYN,-0.05664056601623693,-0.0015847872050149994,0.0022939447181346785,0.7910447761194029,6,0,False,
PARP12,-0.05814944269756475,-0.0015851130521316427,0.0013559817934101705,0.9751243781094527,5,0,False,
NCLN,-0.0530176212390264,-0.0015864865303728405,0.0021524827131908734,0.8059701492537313,6,0,False,
ENY2,-0.013608023524284363,-0.0015878451143290272,0.008876507897253149,0.5621890547263682,6,0,False,
PLIN2,-0.05281761040290198,-0.0015886685172570975,0.002192075392952475,0.7960199004975125,6,0,False,
ITGA3,-0.04870712757110596,-0.0015972951684618075,0.0017865463022669458,0.8805970149253731,6,0,False,
FUCA1,-0.08736898998419443,-0.001597497906000825,0.0010540267166119328,0.9900497512437811,6,0,False,
AP1S1,-0.035086626807848575,-0.0016112293453452017,0.004474411781298882,0.6666666666666666,6,0,False,
SLC25A39,-0.02998944620291394,-0.0016143042785355093,0.005356196499025027,0.6467661691542289,6,0,False,
TMEM256,-0.038363014658292116,-0.001617859908013723,0.00392933179000171,0.7114427860696517,6,0,False,
HLA-DPB1,-0.02602606018384296,-0.0016303245736115043,0.023334013329289312,0.4975124378109453,6,0,False,
HEBP1,-0.08008785732090475,-0.0016376974159661955,0.0013962412791737899,0.9402985074626866,6,0,False,
ATP8B1,-0.03650343418121338,-0.0016389583797898214,0.009030890976825414,0.6069651741293532,6,0,False,
MAOA,-0.086095429956913,-0.0016406263946251425,0.0014426153133577015,0.9751243781094527,4,0,False,
PGP,-0.029356705645720182,-0.0016443894627362725,0.004869517677319302,0.6119402985074627,6,0,False,
INF2,-0.033381116886933626,-0.0016496619908603228,0.004696906225285985,0.6119402985074627,6,0,False,
SEC13,-0.05385491997003555,-0.001653708472409008,0.0037472872878260223,0.681592039800995,6,0,False,
SAP30,-0.11368709926803908,-0.0016566674132881807,0.001825995781890851,0.8507462686567164,5,0,False,
AUP1,-0.023951292037963867,-0.0016625239312829338,0.006207276860621136,0.6318407960199005,6,0,False,
MYO1E,-0.04686914384365082,-0.0016631236083632546,0.0022712078584134054,0.8308457711442786,6,0,False,
TAF10,-0.026805991927782657,-0.0016661037455557614,0.005864432339453785,0.6467661691542289,6,0,False,
SNX9,-0.043491813043753325,-0.0016699045224830714,0.004271198278750904,0.7114427860696517,6,0,False,
ODC1,-0.021096959710121155,-0.0016787719530131893,0.016043770639418385,0.5771144278606966,6,0,False,
EMC6,-0.03504537542661035,-0.001683255064263472,0.0044580137588805255,0.6517412935323383,6,0,False,
GALNT3,-0.025189459323883057,-0.0016844440877752274,0.013554345113404332,0.5621890547263682,6,0,False,
MT1E,-0.018610964218775505,-0.0016873260887979085,0.01592484973345228,0.5572139303482587,6,0,False,
COBL,-0.05023185163736342,-0.0016916272236965238,0.0018916407282387007,0.900497512437811,6,0,False,
CHMP1B,-0.0270998552441597,-0.001691707207620837,0.006731113598248253,0.6119402985074627,6,0,False,
IFI16,-0.047438977907101304,-0.0016958309153107254,0.0035778677374392214,0.7014925373134329,6,0,False,
KIF16B,-0.045439412196477236,-0.00170330549428386,0.001641835430368845,0.9303482587064676,6,0,False,
TMEM106C,-0.06337459137042362,-0.0017075653249163654,0.0023247751976173316,0.8258706467661692,6,0,False,
RNF7,-0.019605810443560245,-0.0017101099918715964,0.008201889336158404,0.5671641791044776,6,0,False,
CMBL,-0.04656621813774109,-0.0017217161387701792,0.009163816873668391,0.582089552238806,5,0,False,
CASP8,-0.05028670902053514,-0.0017228193279365846,0.0022438485201187507,0.8308457711442786,6,0,False,
ZNHIT1,-0.015983939170837402,-0.0017234331080478462,0.021181357555560717,0.572139303482587,6,0,False,
DBNDD2,-0.03286131719748181,-0.0017245689832116906,0.0042330877135128425,0.6467661691542289,6,0,False,
SRSF9,-0.01794312397638953,-0.0017253681062420578,0.010299618619763515,0.5422885572139303,6,0,False,
CSKMT,-0.048873772223790496,-0.001729228861066635,0.0032925700049536116,0.7611940298507462,6,0,False,
RETSAT,-0.08650726576646167,-0.0017326943823098406,0.002247987872566366,0.8855721393034826,6,0,False,
MICALL2,-0.06702026724815366,-0.0017412844001674223,0.0026174307338258738,0.8109452736318408,6,0,False,
MTLN,-0.037847936153411865,-0.0017425507282222107,0.005536132687371881,0.6567164179104478,6,0,False,
FAM114A1,-0.06508345901966098,-0.0017459000433936102,0.002938772112281443,0.7661691542288557,6,0,False,
HSD17B11,-0.04571562260389325,-0.0017568555890222245,0.0036526095027972503,0.746268656716418,6,0,False,
FZD5,-0.061832419286171586,-0.0017688732213152819,0.0017548412132302287,0.9303482587064676,6,0,False,
EIF4E2,-0.03398068745930988,-0.0017931108665780692,0.0056519288746167224,0.6517412935323383,6,0,False,
RHOD,-0.045286091665426895,-0.0017946764692500627,0.0024301883311843,0.8407960199004975,6,0,False,
TMEM120A,-0.07765301565329233,-0.001801111498463634,0.0014048171807127215,0.9850746268656716,6,0,False,
ECHS1,-0.02502363920211792,-0.0018030513999216832,0.010780002966831324,0.5323383084577115,6,0,False,
PLA2G10,-0.04580229024092358,-0.0018030843322705305,0.0055870804856674025,0.6666666666666666,6,0,False,
TMCO1,-0.02500302592913317,-0.0018102093571173762,0.009166777774249155,0.6517412935323383,6,0,False,
TLE4,-0.050895147025585175,-0.0018113996818904373,0.004331331893906176,0.6766169154228856,6,0,False,
ACTR2,-0.016890744368235233,-0.0018124839616100678,0.015827017435753564,0.5024875621890548,6,0,False,
NMI,-0.05157697076598802,-0.001815252898816744,0.003023414942693411,0.7860696517412935,6,0,False,
RNF181,-0.026897601783275604,-0.0018177219121750928,0.0059733351487470596,0.6616915422885572,6,0,False,
IL1RN,-0.049484648431340844,-0.0018202930424195238,0.006060233667030491,0.6965174129353234,5,0,False,
SNHG8,-0.016505181789398193,-0.0018377888931941067,0.020046879756177357,0.5373134328358209,6,0,False,
KLF13,-0.048817115525404575,-0.0018436804336251938,0.002230979746264611,0.8507462686567164,6,0,False,
WDR74,-0.049825231234232575,-0.0018463157130154525,0.002326355705914716,0.8905472636815921,6,0,False,
TMPRSS4,-0.04792456204692522,-0.0018494973013515994,0.003968899365054013,0.6368159203980099,6,0,False,
ANKRD37,-0.05020025745034218,-0.0018507425237398838,0.0034754133456360962,0.6567164179104478,6,0,False,
SFT2D1,-0.04715599368015924,-0.0018610557197284686,0.00338964656932101,0.7313432835820896,6,0,False,
CMAS,-0.07536396135886511,-0.0018651826519528163,0.002368782703617039,0.8557213930348259,6,0,False,
TIMP2,-0.06150248025854428,-0.0018652261921813427,0.0017003058116176356,0.9353233830845771,5,0,False,
ZDHHC3,-0.05005645255247754,-0.00186902559237209,0.005605944414830617,0.6517412935323383,6,0,False,
TAP2,-0.046591586122910186,-0.0018738209901864602,0.0029351762168766016,0.7611940298507462,6,0,False,
TWF1,-0.03906268378098804,-0.001874940423662468,0.005101556912263553,0.7213930348258707,6,0,False,
COPB2,-0.03699531654516852,-0.0018767214157640543,0.006340767635222668,0.6517412935323383,6,0,False,
PSMA6,-0.018992965420087216,-0.0018793988119351615,0.014137721405067671,0.5870646766169154,6,0,False,
RAB1A,-0.02538553873697913,-0.001886097868168052,0.01093421383349068,0.6268656716417911,6,0,False,
ESRRA,-0.07867569228013357,-0.0018872190349370347,0.001935096611417712,0.8955223880597015,6,0,False,
SNF8,-0.037054638067881285,-0.0018893072809444183,0.004396114032184404,0.6766169154228856,6,0,False,
SYF2,-0.022219344973564148,-0.0018902375038104425,0.006799994304257481,0.7313432835820896,6,0,False,
DST,-0.024923572937647465,-0.001890821590612588,0.015499144412627666,0.5572139303482587,6,0,False,
SDC1,-0.05602139234542847,-0.0018967064559642548,0.004363961535312458,0.7014925373134329,6,0,False,
NRARP,-0.03569504121939343,-0.0019085802468871132,0.009090272654397468,0.6019900497512438,6,0,False,
KMT2E-AS1,-0.06904050211111705,-0.0019112310643093849,0.0015363374625502657,0.9601990049751243,5,0,False,
HNF4A,-0.0452808178961277,-0.0019117242226251723,0.00286256815090353,0.7810945273631841,6,0,False,
DDAH2,-0.031201258301734924,-0.001920348143910836,0.004169792793256377,0.7064676616915423,6,0,False,
COX17,-0.020558208227157593,-0.0019212715746659368,0.018456386474215592,0.5323383084577115,6,0,False,
DTX3L,-0.053305537750323595,-0.0019214822305409782,0.0032147270297863658,0.7810945273631841,6,0,False,
UBE2L6,-0.05690525968869525,-0.0019216681812150136,0.0038871277569083075,0.7313432835820896,6,0,False,
CASP7,-0.07638503983616826,-0.0019223950097112606,0.0027376413275331923,0.8656716417910447,6,0,False,
RAP1A,-0.05543075501918793,-0.0019260112569923233,0.002775243061145021,0.8407960199004975,6,0,False,
SHROOM3,-0.04841669897238415,-0.0019304676742993346,0.0034714809041908714,0.7014925373134329,5,0,False,
ATP5PO,-0.020596206188201904,-0.0019312625957989718,0.01535621741727718,0.582089552238806,6,0,False,
SMIM15,-0.04043933500846225,-0.0019364957960020556,0.006062141050153144,0.6567164179104478,6,0,False,
RRAS,-0.048348231861988694,-0.0019391848158091768,0.0031989670346755025,0.6865671641791045,6,0,False,
SQLE,-0.03151265035072959,-0.001942890387069201,0.005855677808517118,0.6119402985074627,6,0,False,
NQO2,-0.06577387327949205,-0.0019476010907390983,0.001602586931091855,0.945273631840796,5,0,False,
TMEM107,-0.1001997689406077,-0.0019496295968980477,0.0017697004182358415,0.9651741293532339,6,0,False,
NUMB,-0.05178319166104001,-0.0019554386926578043,0.0024164047661483228,0.900497512437811,6,0,False,
SLC38A1,-0.058816937108834594,-0.0019563220761402876,0.0024235115488096394,0.8955223880597015,6,0,False,
BTN3A2,-0.05645279586315155,-0.001956987074802603,0.0033571453481923055,0.8009950248756219,6,0,False,
SP110,-0.05348258962233862,-0.0019627855754104214,0.002352564395646276,0.8905472636815921,6,0,False,
UACA,-0.046669493118921906,-0.001971464766974551,0.002847514379535769,0.8159203980099502,6,0,False,
CYP2S1,-0.09512097264329591,-0.001972416452789831,0.00281026925902765,0.835820895522388,6,0,False,
FAM234A,-0.054229848086833926,-0.0019766265558735624,0.0022631381352580214,0.8606965174129353,6,0,False,
FUT2,-0.06793780128161114,-0.001978392745530134,0.0027000457812483216,0.845771144278607,6,0,False,
PNPLA2,-0.04165133833885193,-0.001979962203457877,0.0041505272316018785,0.7313432835820896,6,0,False,
AP3S1,-0.06059974680344263,-0.0019873340937891157,0.0019195293963855825,0.9154228855721394,6,0,False,
DNMBP,-0.05533942331870398,-0.0019895685165309145,0.0040573079225810944,0.7014925373134329,6,0,False,
LRP1,-0.08120207364360492,-0.001991755549204519,0.0017613207097606273,0.9651741293532339,6,0,False,
BAIAP2L2,-0.10922475159168242,-0.0020085551060702272,0.0019837330812632775,0.9402985074626866,4,0,False,
WFDC2,-0.04950537780920672,-0.002009936485910771,0.009368009520481583,0.6318407960199005,5,0,False,
STK24,-0.034825337429841396,-0.002025155664057627,0.006791666748094333,0.6318407960199005,6,0,False,
DYNLT1,-0.02296712001164758,-0.002039751570466098,0.009932264381290246,0.5920398009950248,6,0,False,
ERP44,-0.03612618148326874,-0.002044166067182278,0.004947628971807402,0.7213930348258707,6,0,False,
CHCHD1,-0.03217965364456177,-0.002062122028053752,0.006910128509103912,0.582089552238806,6,0,False,
CAPG,-0.03129342198371887,-0.002063522983349951,0.008539280148757518,0.6169154228855721,6,0,False,
DAD1,-0.019559899965922,-0.0020702826320762894,0.021367532172095784,0.5572139303482587,6,0,False,
SLC50A1,-0.038303881883621216,-0.0020779477868535182,0.006177041015884133,0.6616915422885572,6,0,False,
GFPT1,-0.035426050424575806,-0.002082426512529406,0.01085748219493997,0.6169154228855721,6,0,False,
CHMP2B,-0.035320910314718845,-0.0020855783848608552,0.006974321189135285,0.6318407960199005,6,0,False,
OGDH,-0.07158113270998004,-0.0020874029011176973,0.002439169432904878,0.9054726368159204,6,0,False,
TALDO1,-0.02417866388956702,-0.002089101413412879,0.015601675093285607,0.5621890547263682,6,0,False,
SNHG12,-0.041660642872254044,-0.0020892871312006515,0.0038718921465282284,0.6766169154228856,6,0,False,
PPARG,-0.07769752045472461,-0.0020904273741695154,0.0033670612512244507,0.7860696517412935,6,0,False,
RALB,-0.06372781967123348,-0.0020995198039891784,0.002666424259694942,0.8258706467661692,6,0,False,
BCL2L15,-0.09566188355286914,-0.002109442024386421,0.0021919939092497976,0.9402985074626866,5,0,False,
DDT,-0.01856893301010132,-0.0021160574565070576,0.019513058093284043,0.5422885572139303,6,0,False,
PSMB3,-0.018482546011606926,-0.002116988627706699,0.017926005312326496,0.5323383084577115,6,0,False,
TOB1,-0.019913122057914734,-0.0021246965604943976,0.015370691000360707,0.5422885572139303,6,0,False,
SMAD7,-0.058813648919264494,-0.0021293385520653255,0.001981365168808559,0.9353233830845771,6,0,False,
TJP3,-0.09665758286913237,-0.0021315212406057267,0.0018628353090868383,0.9402985074626866,5,0,False,
NANS,-0.029710407058398003,-0.002131587799510959,0.011492794988034587,0.5771144278606966,6,0,False,
HNF4G,-0.14182980234424275,-0.0021317037227446545,0.0017211783786894573,0.9850746268656716,4,0,False,prespec
LLPH,-0.042777846256891905,-0.0021373734312773746,0.004376639370676809,0.7562189054726368,6,0,False,
SLFN5,-0.07413872269292673,-0.0021425162549105095,0.0034795122754781994,0.7661691542288557,4,0,False,
CMC1,-0.05768866588672,-0.002144729087065426,0.0021030510588620306,0.9104477611940298,6,0,False,
TRAM1,-0.02870682378609979,-0.002154094322944309,0.007543187792510954,0.6467661691542289,6,0,False,
MGST1,-0.03592187414566678,-0.002155395543659517,0.01295492404548121,0.5771144278606966,6,0,False,
DANCR,-0.03506360451380419,-0.0021644543789397707,0.007795582617067178,0.572139303482587,6,0,False,
SLC39A4,-0.04670685529708862,-0.002167956590285429,0.004001968616534191,0.8009950248756219,6,0,False,
LSM8,-0.031612545251846313,-0.0021718944283095868,0.004717504715770594,0.681592039800995,6,0,False,
RAP2B,-0.03422857075929647,-0.002171894843802949,0.013874640216870553,0.5373134328358209,6,0,False,
UFD1,-0.04155662159125012,-0.002175158815390703,0.0037490365474861474,0.7661691542288557,6,0,False,
ABHD11,-0.05363916605710983,-0.002177298416333283,0.0020752763332998435,0.9203980099502488,6,0,False,
APOL1,-0.05850941191116968,-0.0021773585755712776,0.0034005078452801958,0.7960199004975125,6,0,False,
ST6GALNAC1,-0.07444199174642563,-0.0021775357802712204,0.003722953219518217,0.7711442786069652,5,0,False,
RNPEP,-0.07423371821641925,-0.002185749370517753,0.0026270288574447103,0.9054726368159204,6,0,False,
IFI44,-0.06257293621699016,-0.002186765485738657,0.0035926467675137506,0.6915422885572139,5,0,False,
PRELID3B,-0.0321187128623327,-0.0021953656248163123,0.006346865628404811,0.6467661691542289,6,0,False,
MLX,-0.06655257195234296,-0.0022084737003580067,0.0028371492876754652,0.8805970149253731,6,0,False,
HLA-DPA1,-0.03989178997774917,-0.0022132259411287345,0.017553593517339698,0.5024875621890548,6,0,False,
NUDT8,-0.07258284340302149,-0.0022309069095874092,0.004197527373107099,0.7313432835820896,6,0,False,
SELENOK,-0.022975633541743035,-0.00223233108695938,0.01761218023560422,0.5870646766169154,6,0,False,
SGK1,-0.04661943515141806,-0.002237572607104524,0.005281263579221102,0.6716417910447762,6,0,False,
TAOK3,-0.03908525904019672,-0.002239224344159803,0.004513642011461804,0.681592039800995,6,0,False,
TCF7L2,-0.03783371051152551,-0.002245225953157728,0.0069192803372267395,0.6218905472636815,6,0,False,
CHCHD3,-0.06740515679121015,-0.0022459532984849453,0.0027300820742274397,0.8557213930348259,6,0,False,
CALCOCO2,-0.03668460249900818,-0.002246148091088233,0.0051660463929782624,0.7711442786069652,6,0,False,
SAR1B,-0.05455760657787323,-0.0022473497818396274,0.002852859876301882,0.8756218905472637,6,0,False,
CRYBG1,-0.10320139490067959,-0.0022528566140801788,0.0032674054007263125,0.8258706467661692,5,0,False,
ISCU,-0.04396084944407147,-0.0022567586184116333,0.0029302191999490412,0.8059701492537313,6,0,False,
PRR15,-0.11760469401876131,-0.0022647612618652,0.0019717536624690233,0.9502487562189055,6,0,False,
NFE2L1,-0.0517221366365751,-0.0022657822747530424,0.0033712194250970252,0.835820895522388,6,0,False,
TNFRSF14,-0.05156366278727853,-0.0022690351176021042,0.004036994164776923,0.7263681592039801,6,0,False,
SOCS1,-0.07231800351291895,-0.0022776677618713886,0.0027345481944349463,0.8557213930348259,6,0,False,
PON2,-0.0481531446178754,-0.0022971840685003654,0.0028989040821290756,0.8109452736318408,6,0,False,
CAPN5,-0.08886761466662091,-0.0022972317327860916,0.002621904669041128,0.8955223880597015,6,0,False,
BOLA3,-0.04358359674612683,-0.0023066304267725653,0.005158020423519894,0.7164179104477612,6,0,False,
WASL,-0.04209097226460773,-0.0023069118898129616,0.004651539316852884,0.7611940298507462,6,0,False,
ASS1,-0.047418421755234405,-0.002310482351783908,0.002910805196786547,0.8407960199004975,5,0,False,
FBLIM1,-0.08226827532052994,-0.0023289715302827548,0.0024700661816455275,0.8756218905472637,6,0,False,
TXNDC5,-0.08945623536904651,-0.002340369001427674,0.003076837725831443,0.8905472636815921,6,0,False,
LACTB2,-0.07393074532349905,-0.0023432938793167763,0.002091675914625069,0.9651741293532339,6,0,False,
HLA-E,-0.010672012964884514,-0.002360736681531286,0.05344794511789373,0.472636815920398,6,0,False,
PDCD6,-0.031079893310864803,-0.0023755944460704427,0.008633468783785696,0.5671641791044776,6,0,False,
PLBD1,-0.05948973322908083,-0.0024022628089107956,0.005155228859456874,0.6965174129353234,6,0,False,
VILL,-0.13830402493476868,-0.0024034667206144712,0.002564625037523651,0.900497512437811,6,0,False,
TFF3,-0.04387591530879342,-0.002406937807488742,0.010364960528931336,0.6119402985074627,5,0,False,
ACBD5,-0.0714572072029114,-0.00241033132395266,0.002177741144985018,0.945273631840796,6,0,False,
CCDC25,-0.05674976110458374,-0.0024176433450562073,0.004254422479071862,0.7661691542288557,6,0,False,
MAP3K11,-0.05482717603445053,-0.002424887093678135,0.0031644613946357454,0.8507462686567164,6,0,False,
XBP1,-0.02809727191925049,-0.0024407308093593503,0.013057292438620442,0.6218905472636815,6,0,False,
STAT6,-0.060127863039573015,-0.002441744869420938,0.0021436850034600038,0.9502487562189055,6,0,False,
TPD52,-0.02994156877199816,-0.0024440291572773807,0.014361756691125509,0.6417910447761194,6,0,False,
NUCB1,-0.03852342069149017,-0.0024619123536757936,0.00541129913718823,0.7661691542288557,6,0,False,
ACAA2,-0.059926497439543425,-0.00246239239186257,0.004002876906347831,0.7562189054726368,6,0,False,
ARHGDIA,-0.02743113537629449,-0.0024764023790511533,0.014943535815683247,0.5920398009950248,6,0,False,
KDELR1,-0.022300829490025875,-0.0024931049780122453,0.020103798355214347,0.5771144278606966,6,0,False,
NDUFA12,-0.026356200377146366,-0.002500806657479352,0.008222405248276759,0.6119402985074627,6,0,False,
PGRMC2,-0.07863111793994909,-0.0025018607326846255,0.003561951888180579,0.835820895522388,6,0,False,
CORO2A,-0.10995902245243389,-0.002513704439142882,0.002494415948001407,0.9353233830845771,6,0,False,
CDK11A,-0.07381564378738403,-0.0025167153427911684,0.003806872037168264,0.8009950248756219,6,0,False,
RALGPS2,-0.06278647730747855,-0.0025293323392912037,0.003930469175743451,0.7960199004975125,6,0,False,
SCO2,-0.060489063461621584,-0.002529683644519791,0.0028016116702034057,0.8955223880597015,6,0,False,
UFM1,-0.032456512252489744,-0.0025322008960689786,0.010060057651252084,0.6119402985074627,6,0,False,
EBP,-0.049768572052319826,-0.002538868973132886,0.005677578364750654,0.6766169154228856,6,0,False,
FBXW5,-0.05021245529254276,-0.002551591915104748,0.006128678237102743,0.7114427860696517,6,0,False,
MDH1,-0.0436178098122279,-0.0025558829878063,0.0059925998381771695,0.6865671641791045,6,0,False,
ATP5PB,-0.039060334364573235,-0.0025602411488854218,0.010268013314557959,0.6218905472636815,6,0,False,
POR,-0.054634605844815554,-0.0025753627927639295,0.004258101151508333,0.8258706467661692,6,0,False,
PLEK2,-0.10240592435002324,-0.002580596899960429,0.0031931434930051595,0.8557213930348259,6,0,False,
BPIFB1,-0.17972558519492549,-0.0025812044967924276,0.00699572837074884,0.6218905472636815,3,0,False,
CALM2,-0.012738327185312981,-0.0025842554508177774,0.04266918923774395,0.5422885572139303,6,0,False,
CAP1,-0.034972503781318665,-0.0025935750652842995,0.011458015453530049,0.582089552238806,6,0,False,
PANK3,-0.09236073245604837,-0.0025961504824477807,0.0031052893273414285,0.9054726368159204,6,0,False,
TAPBP,-0.026404867569605472,-0.0025971777646091425,0.014488212713807173,0.5671641791044776,6,0,False,
DDX60L,-0.10778951024015745,-0.002597189293113209,0.0024726684973075826,0.9353233830845771,5,0,False,
UGP2,-0.04551361997922265,-0.002615967012566496,0.0054024727722995205,0.7661691542288557,6,0,False,
ACSS2,-0.07881483683983484,-0.002616358073349069,0.002575629096638977,0.9552238805970149,6,0,False,
CEBPG,-0.052521956463654845,-0.0026218522016691146,0.003400152252327882,0.835820895522388,6,0,False,
GNA11,-0.07719302922487259,-0.0026418444404696277,0.004269135515346001,0.8009950248756219,6,0,False,
EPN1,-0.05403302609920496,-0.0026504811519296573,0.0050682860786835605,0.7263681592039801,6,0,False,
IFITM2,-0.043977446233232825,-0.002658029111042833,0.004825750795604778,0.7810945273631841,6,0,False,
HDHD3,-0.07883481557170552,-0.002670052700386335,0.0034792530783240615,0.8756218905472637,6,0,False,
OSTF1,-0.06752930954098701,-0.0026831223164604174,0.0027927578646128916,0.945273631840796,6,0,False,
WDR1,-0.05263171593348187,-0.0026903615287677063,0.006719650359066768,0.6716417910447762,6,0,False,
GALM,-0.0916659397383531,-0.0026945428703161337,0.0022288946980756363,0.9800995024875622,5,0,False,
HM13,-0.0302392840385437,-0.0026988445028294375,0.01286067555069342,0.6019900497512438,6,0,False,
SLC39A7,-0.0522758464018504,-0.002715800800470591,0.007848690227687014,0.6965174129353234,6,0,False,
HIGD1A,-0.07195857663949334,-0.002717135942560852,0.006516185959468304,0.7761194029850746,6,0,False,
UBE2A,-0.05136688798666003,-0.002728794345242062,0.00318998160078089,0.9054726368159204,6,0,False,
CLDN23,-0.10026415064930916,-0.002735082985060582,0.003281653045502773,0.9104477611940298,5,0,False,
ACO2,-0.08325041582187018,-0.0027360500073874802,0.0029207164399077216,0.9552238805970149,6,0,False,
LAP3,-0.06209927548964819,-0.00274837956878043,0.0054562976788715255,0.7263681592039801,6,0,False,
ARPC1A,-0.04440966248512268,-0.002748889430678176,0.01108625719194118,0.6368159203980099,6,0,False,
METRNL,-0.07714966622491679,-0.0027556794759901956,0.0027135750781832574,0.8557213930348259,6,0,False,
ADI1,-0.051587904493014036,-0.002760908459215217,0.0067256784167626,0.7064676616915423,6,0,False,
RESF1,-0.049272495011488615,-0.0027612348744070975,0.005715108336626472,0.7661691542288557,6,0,False,
ARCN1,-0.06699470182259881,-0.0027618088754566288,0.004819319863343413,0.7910447761194029,6,0,False,
SURF4,-0.048081581791242,-0.0027703514516121013,0.007949869168468808,0.6915422885572139,6,0,False,
CHMP2A,-0.02354983488718676,-0.0027716201539235742,0.017684280812849198,0.6119402985074627,6,0,False,
RAB8A,-0.06235077977180481,-0.0027853018208076376,0.003969897193836481,0.8159203980099502,6,0,False,
PDCD10,-0.051971274117628696,-0.002785331839080571,0.0037848557863485945,0.8059701492537313,6,0,False,
NDUFS6,-0.020866841077804565,-0.002797113332206267,0.025745854640735852,0.5174129353233831,6,0,False,
AL627171.2,-0.05503686269124347,-0.0028174528208671553,0.008891942719486318,0.6666666666666666,6,0,False,
COX7C,-0.01243756214777636,-0.00282109987856449,0.05938119526578003,0.5422885572139303,6,0,False,
NDUFS3,-0.055689677596092224,-0.002841159803312769,0.004678461563985233,0.7313432835820896,6,0,False,
NDUFB5,-0.0456341256697973,-0.0028432099119664253,0.006322488805203427,0.6965174129353234,6,0,False,
IGLC2,-0.16668869803349184,-0.0028453334884098276,0.007151724968182405,0.736318407960199,3,0,False,
PNP,-0.05044995993375778,-0.002864670067246736,0.008505558613221144,0.6517412935323383,6,0,False,
LASP1,-0.05272395412127179,-0.0028794668348496874,0.006796073416613744,0.6766169154228856,6,0,False,
MRPL34,-0.05025938153266907,-0.002891522243316411,0.005564680356034921,0.7661691542288557,6,0,False,
PDCD6IP,-0.0609137813250224,-0.0028989617446312497,0.00491595276191891,0.7711442786069652,6,0,False,
IFRD1,-0.035579244295755985,-0.0029016549132704255,0.014170578238494767,0.572139303482587,6,0,False,
SOCS3,-0.04246792554234469,-0.002909761139565624,0.014204203818504027,0.5870646766169154,6,0,False,
IFI30,-0.08363673960169157,-0.0029098523711609935,0.00435240975115768,0.7960199004975125,6,0,False,
PKP3,-0.06384019802014029,-0.0029132052600845267,0.006612038914511368,0.681592039800995,6,0,False,
PPP1R10,-0.038519615928331974,-0.0029152629070776375,0.008487127898329179,0.681592039800995,6,0,False,
SERPINA1,-0.0811857096850872,-0.0029208943918591634,0.00410660412222905,0.7810945273631841,5,0,False,
ARHGEF5,-0.08762293184796968,-0.0029279097677679107,0.003536729103017053,0.8756218905472637,6,0,False,
GNG12,-0.07847908635934192,-0.0029377292809237175,0.002021476224653391,0.9800995024875622,6,0,False,
MOB1A,-0.04958628614743554,-0.002946573274068968,0.00565361632094404,0.6915422885572139,6,0,False,
IER5L,-0.05160351221760112,-0.0029579657950282714,0.005704114431792138,0.736318407960199,6,0,False,
CNIH4,-0.05131730685631433,-0.0029596429294336565,0.0034866448964692457,0.9104477611940298,6,0,False,
UBE2L3,-0.03562760849793756,-0.0029670673592856176,0.009828706394088376,0.6119402985074627,6,0,False,
PPP1R15B,-0.030740263561407688,-0.0029819381753366002,0.01586027568462647,0.582089552238806,6,0,False,
FOSL2,-0.046150799840688705,-0.0029884684108543117,0.007090256977950645,0.6865671641791045,6,0,False,
PLSCR1,-0.04938537130753201,-0.002993429979843028,0.007822315205504625,0.6119402985074627,6,0,False,
SSR3,-0.031208674112955692,-0.0029949604804389678,0.01956233268607174,0.6069651741293532,6,0,False,
PPP4C,-0.04015432298183441,-0.0030068942512369115,0.008560885345621407,0.6716417910447762,6,0,False,
TMEM167A,-0.05718009173870087,-0.0030099270709751606,0.004680517060244017,0.7761194029850746,6,0,False,
CKLF,-0.057460489372412354,-0.0030137831100567297,0.003578225632306252,0.8855721393034826,6,0,False,
MMP24OS,-0.05428718527158105,-0.003017523101474286,0.005505186147230095,0.7661691542288557,6,0,False,
GSKIP,-0.10931012655297917,-0.0030204938524836158,0.003192890855831316,0.900497512437811,6,0,False,
JOSD1,-0.047405391931533813,-0.0030323606373067703,0.005758437929510094,0.7263681592039801,6,0,False,
CIAO2B,-0.03007347385088599,-0.0030357441514087154,0.012329645988461473,0.6218905472636815,6,0,False,
DAP,-0.07598619163036346,-0.003041248918110414,0.005064153951631519,0.7512437810945274,6,0,False,
ATOX1,-0.03607335189978289,-0.003046805128902866,0.011737159557174252,0.5970149253731343,6,0,False,
TSPAN1,-0.036140720049540165,-0.0030505039480673846,0.01849269728612733,0.5970149253731343,6,0,False,
RAB6A,-0.05809455861647922,-0.0030570538996893652,0.00403507443025534,0.8507462686567164,6,0,False,
COA6,-0.04968875149885815,-0.003059268019848074,0.00446660476712934,0.7412935323383084,6,0,False,
IDI1,-0.04830594360828394,-0.0030595772463892956,0.00781471795642285,0.7213930348258707,6,0,False,
PARP4,-0.07477172588308653,-0.0031062097964193467,0.004142891487444757,0.8606965174129353,6,0,False,
CFLAR,-0.040692225098609924,-0.00311458789878689,0.0062446734951149725,0.6865671641791045,6,0,False,
PEBP1,-0.022947847843170166,-0.00311505610020474,0.015462566489641184,0.6069651741293532,6,0,False,
BLOC1S1,-0.028615117073059082,-0.0031251602511583043,0.018107207411674032,0.5522388059701493,6,0,False,
BAX,-0.04817765951156616,-0.0031252298249922236,0.006419764857572105,0.7263681592039801,6,0,False,
CEBPB,-0.03233704715967178,-0.0031257095452330384,0.008586948583373251,0.6567164179104478,6,0,False,
PDHA1,-0.06135161221027374,-0.0031257161352692244,0.006501137865843772,0.7562189054726368,6,0,False,
PTGR1,-0.1071963831782341,-0.0031352490673920656,0.0034983845435624618,0.8656716417910447,6,0,False,
RAB10,-0.040160487095514896,-0.00314262822585128,0.011855430214752919,0.6318407960199005,6,0,False,
CRYL1,-0.14804029713074365,-0.003146414730111389,0.0024999439990053443,1.0,6,0,False,
MGAT4B,-0.06167907516161597,-0.0031493573236874733,0.005576041640111656,0.7213930348258707,6,0,False,
SNX3,-0.039988065759340885,-0.0031734293014104584,0.008071416163629639,0.6915422885572139,6,0,False,
HADHB,-0.07479016482830048,-0.003186458519443485,0.002950918553199238,0.9303482587064676,6,0,False,
TPMT,-0.11441062887509662,-0.0031879306358710297,0.002800050432409198,0.9651741293532339,6,0,False,
CD164,-0.03347877661387133,-0.003230582998351769,0.01606439408513367,0.6169154228855721,6,0,False,
NDUFS2,-0.042466397086779295,-0.0032404192985904306,0.009242360646564049,0.6915422885572139,6,0,False,
ABRACL,-0.0713393228749434,-0.0032429011234751813,0.004348995003680511,0.8606965174129353,6,0,False,
TNFRSF1A,-0.07807626823584238,-0.003247745318077095,0.0037201831502175387,0.8756218905472637,6,0,False,
TM4SF5,-0.0638188322385152,-0.0032745447857602354,0.009731838918418329,0.681592039800995,6,0,False,
PPIC,-0.08135628948609036,-0.003293751254080114,0.005219019196787682,0.746268656716418,6,0,False,
CXCL3,-0.0321798448761304,-0.0033005911244036058,0.03974374702887605,0.5223880597014925,6,0,False,
RAB5C,-0.054872130354245485,-0.0033077773390255746,0.006305482611377289,0.7213930348258707,6,0,False,
EIF2AK2,-0.04866014172633487,-0.0033403969250929365,0.007613715437257806,0.7064676616915423,6,0,False,
GSTA1,-0.2171825220187505,-0.0033443618226392815,0.003030209622923894,0.9303482587064676,4,0,False,
GALE,-0.081621453166008,-0.003361055480695637,0.007501731270859653,0.7014925373134329,6,0,False,
ANKRD9,-0.13476837053894997,-0.003362378582056284,0.0029061330827539963,0.9651741293532339,5,0,False,
ATP1B3,-0.047128220399220766,-0.0033766566880994173,0.004390805971975511,0.8109452736318408,6,0,False,
SPPL2A,-0.09446798016627633,-0.003382511435338854,0.002977331648380542,0.9800995024875622,6,0,False,
KIAA1522,-0.0868507822354635,-0.0033863869907774617,0.00371453161080728,0.9104477611940298,6,0,False,
ABCC3,-0.0631777594486872,-0.0033964787189462173,0.007246503864114502,0.6865671641791045,6,0,False,
NDUFA6,-0.04721244176228845,-0.003400202023789085,0.009046736492545024,0.6616915422885572,6,0,False,
EPS8L2,-0.09988307456175488,-0.0034315604222429678,0.003642812280083746,0.9054726368159204,6,0,False,
UBALD2,-0.05832873036464059,-0.003475650201307528,0.005647421017823774,0.7711442786069652,6,0,False,
UPP1,-0.07502898573875427,-0.0034780544252902314,0.0047341129035451245,0.8407960199004975,6,0,False,
IFI35,-0.08580168336629868,-0.003498086682427073,0.00442324216307096,0.8159203980099502,5,0,False,
CFB,-0.057909802844127056,-0.00350266686469899,0.011576607499102191,0.5870646766169154,6,0,False,
CNDP2,-0.08512026071548467,-0.003506974391225174,0.005180607887193673,0.7960199004975125,6,0,False,
MYO1A,-0.2370763731499513,-0.0035128225332800357,0.003103606356117997,0.9701492537313433,3,0,False,
VDAC1,-0.031270792086919075,-0.003516524463817818,0.02418556555332183,0.5472636815920398,6,0,False,
SEM1,-0.021423747142156002,-0.0035178777242581396,0.02553214562487247,0.5572139303482587,6,0,False,
SLC25A24,-0.08962934215863544,-0.0035180114688842393,0.004732598440176304,0.8208955223880597,6,0,False,
GSDMB,-0.11265784067412218,-0.003528808751851846,0.0033694005865448086,0.945273631840796,6,0,False,
MPC1,-0.09147179623444873,-0.0035688903665544564,0.004554641320853149,0.8656716417910447,6,0,False,
NAMPT,-0.036220687131087004,-0.0035762791494355368,0.020789716336765608,0.582089552238806,6,0,False,
NCOA4,-0.09845876693725586,-0.0035765687690025435,0.0035816086765601955,0.9154228855721394,6,0,False,
PEPD,-0.1356601342558861,-0.0035959790543898078,0.0030471097041333615,0.9502487562189055,6,0,False,
CITED2,-0.09565472230315211,-0.0036123640869794756,0.0032992419729626797,0.9303482587064676,6,0,False,
PPP1R16A,-0.06568289796511328,-0.0036124671567874323,0.004638648180343582,0.835820895522388,6,0,False,
SPCS3,-0.0537864317496618,-0.0036213334997136117,0.011058098421369074,0.6666666666666666,6,0,False,
LMAN2,-0.048155705134073856,-0.0036222861067060222,0.01060663487022747,0.6766169154228856,6,0,False,
IQGAP2,-0.08195726573467255,-0.0036222928625940644,0.008218340435289666,0.681592039800995,6,0,False,
SLC4A7,-0.19357868470251563,-0.003627587025744089,0.004145729938464337,0.8656716417910447,5,0,False,
SDHA,-0.11089500288168591,-0.003636396299262705,0.003852019329132869,0.9104477611940298,6,0,False,
SPINT1,-0.06279762585957843,-0.0036407864718273246,0.00874665654377395,0.7313432835820896,6,0,False,
EDF1,-0.01660233736038208,-0.0036453412399792278,0.039367764261543536,0.5074626865671642,6,0,False,
NDUFB9,-0.03754847248395288,-0.0036650795409847647,0.018743003882938338,0.6218905472636815,6,0,False,
C4orf3,-0.06842564543088275,-0.0036880260554873466,0.0043066497275992665,0.8855721393034826,6,0,False,
MRPS36,-0.06725074847539264,-0.003690208328690301,0.005370822020881737,0.8557213930348259,6,0,False,
CTSC,-0.10461785644292831,-0.0036904859208258473,0.0028545127689538134,0.9651741293532339,6,0,False,
GSTO1,-0.05217501521110535,-0.0037409488187835392,0.010115070876809202,0.6666666666666666,6,0,False,
EPS8L3,-0.08665894468625387,-0.0037484404800962627,0.004743418542930749,0.8009950248756219,6,0,False,
DECR1,-0.0842822790145874,-0.0037901218323425105,0.003349768612817049,0.9651741293532339,6,0,False,
ROCK2,-0.05953508367141086,-0.0038062603013647263,0.005693126468979251,0.8407960199004975,6,0,False,
ARF6,-0.061870997150739016,-0.003811055225650008,0.00917557720104853,0.7064676616915423,6,0,False,
MIA2,-0.1126575271288554,-0.0038396240976030123,0.003492225367177771,0.9502487562189055,6,0,False,
CRELD2,-0.1069918076197306,-0.0038636480952153186,0.006044792077621179,0.7960199004975125,6,0,False,
LGALS9,-0.07100006689627963,-0.003907658677154392,0.0112141057378315,0.6368159203980099,6,0,False,
ARF4,-0.03952598075071978,-0.003915413281898381,0.02016739875143374,0.6019900497512438,6,0,False,
HADHA,-0.059373100598653084,-0.00391836950168665,0.008009871754108078,0.7213930348258707,6,0,False,
BCL10,-0.07572739074627555,-0.003919875890984326,0.004642804364804735,0.8507462686567164,6,0,False,
SDHB,-0.09736914187669754,-0.003919987289832699,0.004422329258255246,0.9303482587064676,6,0,False,
NR4A1,-0.03312193726499879,-0.003943163306905336,0.03524825574006828,0.5422885572139303,6,0,False,
ZNF706,-0.032380759716033936,-0.003956340735705534,0.015851316657529854,0.6069651741293532,6,0,False,
C1QBP,-0.04529605805873871,-0.00399864236014809,0.016835387640404847,0.5870646766169154,6,0,False,
PDZK1IP1,-0.06443615816533563,-0.004014546270165067,0.012348739033270884,0.5920398009950248,6,0,False,
ANXA10,-0.15586170554161072,-0.004022738495900327,0.008724256745167233,0.7014925373134329,4,0,False,
DNM2,-0.06916630516449612,-0.004064017058227432,0.00603707075790734,0.7960199004975125,6,0,False,
SLC35A3,-0.10077130546172458,-0.004073137269663565,0.003985446182489309,0.9502487562189055,6,0,False,
MGST2,-0.06866946319739026,-0.004078557397011731,0.009139867055743545,0.6766169154228856,6,0,False,
DNPH1,-0.05949944754441583,-0.004078997902595343,0.010246279835241965,0.6268656716417911,6,0,False,
HTATIP2,-0.09875734150409698,-0.004111176519459018,0.0034086870179335063,0.9751243781094527,6,0,False,
IRF9,-0.06669612973928449,-0.0041188311539219,0.00666949491043144,0.7064676616915423,6,0,False,
RGS2,-0.12863938013712564,-0.0041277201277320485,0.003945159728405931,0.9104477611940298,6,0,False,
NR4A2,-0.05774404356877011,-0.004130811265818669,0.013311450722382727,0.6069651741293532,6,0,False,
ST14,-0.06457792222499847,-0.004130835996795356,0.009107437478068438,0.6965174129353234,6,0,False,
NBL1,-0.08870689322551095,-0.004152424781403171,0.006882424048152931,0.8258706467661692,6,0,False,
TM9SF2,-0.06243508557478583,-0.004156885528494258,0.008478131532602608,0.7512437810945274,6,0,False,
RSRP1,-0.0399534205595653,-0.004166060393027337,0.015495546602321745,0.6417910447761194,6,0,False,
CAPZB,-0.047747353712717655,-0.004171201304269628,0.014368920261050017,0.6019900497512438,6,0,False,
UQCRC1,-0.06891706585884094,-0.004181889707045527,0.009674131986106376,0.6766169154228856,6,0,False,
JCHAIN,-0.3790530773500601,-0.004184395130524332,0.005971858968341411,0.8606965174129353,2,0,False,
CCDC68,-0.09606196482976276,-0.0041885404876804404,0.005406504664641545,0.8905472636815921,6,0,False,
STK17B,-0.08279105400045714,-0.004189122150209709,0.004484991672815546,0.8805970149253731,6,0,False,
HIST2H2AC,-0.10085602663457394,-0.004233820225725422,0.0033504112601978626,0.9900497512437811,6,0,False,
GRB2,-0.06303340693314868,-0.004249346656761637,0.006519133088569776,0.7910447761194029,6,0,False,
FABP5,-0.040993084510167366,-0.004253553075109816,0.023863100236909802,0.572139303482587,6,0,False,
SEC61G,-0.03118527928988135,-0.00427899262371927,0.03434761872369574,0.5970149253731343,6,0,False,
TAP1,-0.06733500212430957,-0.004294549386719391,0.010490828851501866,0.6467661691542289,6,0,False,
FKBP11,-0.09208548814058304,-0.004308230100831067,0.004630862470082793,0.9303482587064676,6,0,False,
BIRC3,-0.05633180340131122,-0.004324232516371642,0.013908576504223998,0.6119402985074627,6,0,False,
NDUFC2,-0.02741566300392151,-0.004332985295731847,0.019185859039742667,0.582089552238806,6,0,False,
PARP9,-0.09565305461486182,-0.004334478573153297,0.005703008440366216,0.8507462686567164,6,0,False,
PLK3,-0.08167584302524727,-0.004368347663407562,0.005628180838753231,0.7960199004975125,6,0,False,
GSN,-0.05023868878682458,-0.004378714987027802,0.016988354981351934,0.6716417910447762,6,0,False,
PRSS8,-0.08466897656520206,-0.004381195840668144,0.005512775091285959,0.8606965174129353,6,0,False,
OAT,-0.16646688679854077,-0.004396660128245985,0.0036684746700409855,0.9800995024875622,6,0,False,
HMGB2,-0.07173844923575717,-0.004426739594146,0.006415229070328331,0.7761194029850746,6,0,False,
SAMD9,-0.1213127784430981,-0.004442279794391372,0.00552760866785068,0.835820895522388,6,0,False,
TPI1,-0.02661225199699402,-0.00444576735646226,0.037741353248787426,0.5373134328358209,6,0,False,
SPCS1,-0.04049626986185706,-0.004452820715381724,0.01374336596132065,0.6616915422885572,6,0,False,
MAP1LC3B,-0.0411716798941294,-0.004487285106944558,0.015136005613902388,0.5870646766169154,6,0,False,
HPGD,-0.21045387287934625,-0.004502249064655692,0.003716456244734393,0.9800995024875622,5,0,False,
TFG,-0.07378287613391876,-0.004513508984052515,0.005656169766982935,0.8656716417910447,6,0,False,
LAD1,-0.07691617558399838,-0.004518436887874814,0.009266197752378332,0.6915422885572139,6,0,False,
TSTA3,-0.05224681893984473,-0.004518963554627596,0.020675086667419698,0.582089552238806,6,0,False,
MYO5B,-0.11775365471839905,-0.004528434538103657,0.0063881293553438604,0.8159203980099502,6,0,False,
ATP1A1,-0.048015276590983036,-0.004588067080920598,0.01253464356332757,0.6169154228855721,6,0,False,
S100P,-0.022177467743555557,-0.004609932264396759,0.1049817605214194,0.5323383084577115,6,0,False,
MAL2,-0.045208752155303955,-0.004610989362021841,0.026171955214198264,0.5422885572139303,6,0,False,
PGAM1,-0.09894453485806781,-0.00462180025123482,0.006616027950087391,0.8407960199004975,6,0,False,
VEGFA,-0.051772390802701296,-0.0046440161582275725,0.010298272130063565,0.7562189054726368,6,0,False,
AKR1A1,-0.07504314184188843,-0.004665420460032324,0.009593631418751473,0.7213930348258707,6,0,False,
TAX1BP3,-0.08406036843856174,-0.004691933330231187,0.010120994884731524,0.6915422885572139,6,0,False,
SDF4,-0.07819410165150958,-0.0047029638935407085,0.006070580351499375,0.8656716417910447,6,0,False,
H1F0,-0.05852167805035907,-0.0047283119680304785,0.0071947789219272374,0.8407960199004975,6,0,False,
CALM3,-0.05585410197575891,-0.004736355593286411,0.013323450264366933,0.6716417910447762,6,0,False,
IGHA1,-0.33839409053325664,-0.004739702381954745,0.010724871118704175,0.7263681592039801,2,0,False,
ACY1,-0.18941974888245267,-0.004757655750726101,0.003646523156074488,0.9900497512437811,6,0,False,
ACSL5,-0.20368566239873567,-0.0047607980371589965,0.0039291495034491945,0.9800995024875622,6,0,False,
NUB1,-0.09559821834166843,-0.0047720792721634864,0.005165986090125777,0.9203980099502488,6,0,False,
EXT1,-0.09044096743067107,-0.0047741358194450636,0.004558987504109439,0.9203980099502488,6,0,False,
PDIA3,-0.030730952819188362,-0.004804904001669323,0.0549478082543259,0.5472636815920398,6,0,False,
ID3,-0.0739927043517431,-0.00480701100752161,0.011717821864549944,0.681592039800995,6,0,False,
RNASE1,-0.11897588272889459,-0.00481507484953055,0.013684212135824282,0.6865671641791045,6,0,False,
SEPHS2,-0.06005105376243586,-0.004854019098785108,0.008429306643028666,0.7213930348258707,6,0,False,
PRDX6,-0.05116846660772967,-0.004860798774748083,0.014595119649881744,0.6766169154228856,6,0,False,
CTNNB1,-0.05603391925493878,-0.00489585056735502,0.006452675276233691,0.8557213930348259,6,0,False,
GLRX,-0.12984272092580793,-0.004904260835661975,0.004130558516907289,0.9502487562189055,6,0,False,
CDH1,-0.0678778191407522,-0.004908784273557155,0.010103237996805146,0.6915422885572139,6,0,False,
TMBIM1,-0.06572043150663376,-0.004937093600099687,0.009527104150891176,0.7661691542288557,6,0,False,
TPT1,-0.009309132893880356,-0.004947067113054267,0.0969995193228744,0.5472636815920398,6,0,False,
GOLIM4,-0.10177146395047504,-0.004960120544773811,0.004725772817654054,0.9253731343283582,6,0,False,
POF1B,-0.12355547398328784,-0.005010220069864159,0.005303480947498276,0.9054726368159204,6,0,False,
SUCLG1,-0.08738555510838825,-0.005016813063348196,0.005242277982664925,0.8955223880597015,6,0,False,
CTNNA1,-0.051530733704566956,-0.005043653362397527,0.022018750421656838,0.572139303482587,6,0,False,
OAZ1,-0.024610777695973862,-0.005044535131076102,0.0277670986251792,0.5323383084577115,6,0,False,
ACAA1,-0.12961513549089432,-0.005046257009179957,0.004883860112909485,0.9701492537313433,6,0,False,
FAM162A,-0.07146922250588733,-0.0050571826629528666,0.008148174352084411,0.7313432835820896,6,0,False,
CYP3A5,-0.05343538522720337,-0.005058884308743668,0.03167230976608901,0.5572139303482587,6,0,False,
LUZP1,-0.10362307354807856,-0.005059802488545106,0.005928110952926433,0.8905472636815921,6,0,False,
MDH2,-0.053035954634348514,-0.005066648623133064,0.015062456825241844,0.6616915422885572,6,0,False,
RNASET2,-0.09814615547657013,-0.005069871608878599,0.009361994011111008,0.7810945273631841,6,0,False,
AREG,-0.07973687661190826,-0.005173186138280525,0.017206222546380854,0.6318407960199005,6,0,False,
IDH2,-0.105087511241436,-0.005189269684708049,0.005942237433720923,0.9353233830845771,6,0,False,
DDIT4,-0.07077936828136444,-0.005211308411241718,0.005720542624970107,0.8507462686567164,6,0,False,
SNHG5,-0.04651017487049103,-0.005224680721706612,0.04054346528747137,0.527363184079602,6,0,False,
SLC25A37,-0.10338457425435382,-0.00522858054008305,0.007964068137384126,0.7412935323383084,6,0,False,
ETFA,-0.11838322629531223,-0.005234896561797783,0.0064970834570222315,0.8407960199004975,6,0,False,
LRP10,-0.0793451070785523,-0.00525137432192019,0.009527486524798835,0.7313432835820896,6,0,False,
PRR15L,-0.15950018291672072,-0.005279130448595287,0.004033934495278083,0.9651741293532339,6,0,False,
ARL4A,-0.06409277766942978,-0.005295157918064177,0.00884244359295173,0.7910447761194029,6,0,False,
CGN,-0.11705312008659047,-0.005297384535065812,0.004673593899161825,0.9651741293532339,6,0,False,
DDX60,-0.13629594755669436,-0.005297575606211394,0.007079482575389555,0.8606965174129353,5,0,False,
PSMA5,-0.06793018678824109,-0.005319698778949059,0.011400073513271845,0.7014925373134329,6,0,False,
PSMA3,-0.06154755751291913,-0.005328937986837358,0.01289232762956947,0.6865671641791045,6,0,False,
EPSTI1,-0.11106900870800016,-0.005331291662656425,0.009449201266625526,0.7562189054726368,6,0,False,
CTSA,-0.08066854129234949,-0.005336235087776612,0.006378709010044926,0.835820895522388,6,0,False,
TXNIP,-0.07080688079198205,-0.005356389525677358,0.014833960773330903,0.7164179104477612,6,0,False,
SRSF7,-0.03546992937723803,-0.005385635651903467,0.015360356491155898,0.6865671641791045,6,0,False,
EIF6,-0.0447110533714295,-0.005387121779954858,0.01575734802790254,0.681592039800995,6,0,False,
FAM3C,-0.12456508477528894,-0.005393268380068383,0.004860293641534926,0.9850746268656716,6,0,False,
GHITM,-0.08809900780518853,-0.005407137777168959,0.008337094479155352,0.7910447761194029,6,0,False,
KRT7,-0.09169796481728551,-0.005420682507033186,0.010249689877638957,0.7711442786069652,6,0,False,
NDRG1,-0.059458134075005886,-0.0054561206987728764,0.012163319365198981,0.6567164179104478,6,0,False,
MGLL,-0.08871814608573914,-0.005458426692516203,0.00845575294202414,0.8059701492537313,6,0,False,
IRF1,-0.03998667001724243,-0.005476857222925173,0.050419942526343145,0.5572139303482587,6,0,False,
NDUFS7,-0.07957598070303595,-0.005479229983908502,0.009894808277710146,0.7512437810945274,6,0,False,
CHMP5,-0.10225260754426324,-0.005483990192703739,0.006265503267011009,0.9402985074626866,6,0,False,
PMAIP1,-0.07110035791993141,-0.005531393809002858,0.0174160030809441,0.6169154228855721,6,0,False,
CORO1B,-0.08257048328717548,-0.005555607090397199,0.00933321690596735,0.7611940298507462,6,0,False,
STAT1,-0.07588786631822586,-0.0055577531527716915,0.01392594893181315,0.6766169154228856,6,0,False,
KLF2,-0.0412090544899304,-0.0055808387470864945,0.04888447298879804,0.527363184079602,6,0,False,
HLA-DRB1,-0.03737451881170273,-0.005631607597343989,0.07905431807943074,0.48756218905472637,6,0,False,
ASL,-0.08475151161352795,-0.005645697883181106,0.007966607502091931,0.8109452736318408,6,0,False,
MYDGF,-0.06483884155750275,-0.005653801050416138,0.018803741380352387,0.6666666666666666,6,0,False,
RIOK3,-0.06213485697905219,-0.005657379063431444,0.01526045038320831,0.6318407960199005,6,0,False,
SDHD,-0.13179808358351391,-0.0056838784760187885,0.004573785656046125,0.9850746268656716,6,0,False,
TSC22D3,-0.11028649906317389,-0.005698284346703704,0.004873270916759738,0.945273631840796,6,0,False,
DSC2,-0.17150476574897766,-0.00570891888412248,0.005999766494568059,0.8955223880597015,6,0,False,
CBX3,-0.05518096188704169,-0.005709619675293204,0.014661686251955,0.6915422885572139,6,0,False,
RBCK1,-0.05449852595726651,-0.005726440599406851,0.007316821421340873,0.8208955223880597,6,0,False,
OCIAD2,-0.06667839487393701,-0.0057355380190330756,0.01440888680036093,0.6467661691542289,6,0,False,
NDUFAB1,-0.052411387364069584,-0.005742226250385818,0.014580589102413052,0.6567164179104478,6,0,False,
SUB1,-0.04186233878135681,-0.005799396422772718,0.015237878857215944,0.6666666666666666,6,0,False,
MAP2K2,-0.09798355400562286,-0.00583651295974352,0.008500520260162089,0.8059701492537313,6,0,False,
HNRNPA0,-0.08110208809375768,-0.005858187844981606,0.007183279682727608,0.8905472636815921,6,0,False,
POMP,-0.03581898411115014,-0.005873900940525856,0.030643064259922588,0.572139303482587,6,0,False,
SELENOS,-0.05407625436782837,-0.005888069926945711,0.016898882381954614,0.6965174129353234,6,0,False,
ITGB4,-0.0925094063083331,-0.005888977046140853,0.010458796555076554,0.746268656716418,6,0,False,
DSG2,-0.0983856469392777,-0.005914485866330777,0.008241141698469045,0.8756218905472637,6,0,False,
IER5,-0.08131593962510425,-0.005950014480969119,0.010051993106783312,0.7313432835820896,6,0,False,
NDUFB4,-0.046574175357818604,-0.005952262973286531,0.01914901067841378,0.6467661691542289,6,0,False,
LGALS1,-0.08515975251793863,-0.005996909297580937,0.0070087334460453826,0.8756218905472637,6,0,False,
EPS8,-0.07178527365128201,-0.006041604925587599,0.015683704991621743,0.6368159203980099,6,0,False,
TFF1,-0.07283084591229727,-0.006070520296367451,0.08963206843030933,0.5621890547263682,6,0,False,
NQO1,-0.0535093744595847,-0.0060857733992257055,0.04248842925092881,0.5671641791044776,6,0,False,
UQCRC2,-0.08910469214121503,-0.006090992304147046,0.008659582208497725,0.8208955223880597,6,0,False,
MANF,-0.09409065047899878,-0.006118854786666397,0.015621804899713881,0.7164179104477612,6,0,False,
SLC9A3R1,-0.19471902400255203,-0.006119466919163905,0.005551157215999736,0.9651741293532339,6,0,False,
SLC22A18,-0.18889829392234486,-0.006129876918246971,0.004944835956728486,0.9850746268656716,6,0,False,
NOP10,-0.0596963564554851,-0.006152437746562616,0.01878596171875151,0.6766169154228856,6,0,False,
FDPS,-0.07257313529650378,-0.006199537910669066,0.012935129326571026,0.6965174129353234,6,0,False,
GSDMD,-0.0927329336603483,-0.00621404703637574,0.008714067599203193,0.7810945273631841,6,0,False,
UQCR10,-0.04850290218989062,-0.006240016081306542,0.02963219441240423,0.6019900497512438,6,0,False,
RAB25,-0.0747683048248291,-0.006249465374044449,0.013881506046164994,0.6865671641791045,6,0,False,
NDUFV2,-0.057092517614364624,-0.006313334545909119,0.019241646720682182,0.6517412935323383,6,0,False,
ACADVL,-0.07912557323773706,-0.006332834087140674,0.011336320629739806,0.7263681592039801,6,0,False,
CDK2AP2,-0.09342026710510254,-0.006382278637169104,0.009065146117896088,0.835820895522388,6,0,False,
RALA,-0.09265472243229544,-0.006399972508764383,0.011142892972221454,0.7761194029850746,6,0,False,
PHB,-0.06919773419698083,-0.0064115954524954655,0.015591799970458457,0.6567164179104478,6,0,False,
SP100,-0.08338606109221774,-0.006413358366959963,0.008791550519348282,0.7860696517412935,6,0,False,
FAM3D,-0.1364376290390889,-0.0064302432159662765,0.015033449812324195,0.6567164179104478,6,0,False,
SDF2L1,-0.08286657929420471,-0.006444675162807603,0.017570074158524608,0.7213930348258707,6,0,False,
RER1,-0.09604549904664361,-0.00646936158472208,0.010767271059891179,0.7412935323383084,6,0,False,
MALL,-0.2719274926930666,-0.0064833685264522895,0.005405323233459659,0.9651741293532339,6,0,False,
CBR1,-0.181097149848938,-0.006509785070266474,0.005949599501344225,0.9253731343283582,6,0,False,
AOC1,-0.19717171043157575,-0.006575834128717544,0.006411730434229164,0.8805970149253731,6,0,False,
MAPK3,-0.13964899381001789,-0.006620785627661917,0.007199836422234583,0.945273631840796,6,0,False,
YWHAZ,-0.028645118077595955,-0.006682278062531903,0.06800184850555434,0.5323383084577115,6,0,False,
ANXA11,-0.05964963634808862,-0.006691002781517651,0.022911902553350315,0.5870646766169154,6,0,False,
UQCR11,-0.05163670579592394,-0.006716596651109997,0.025759517286542008,0.6119402985074627,6,0,False,
PSMB10,-0.1104244937499364,-0.006718293084027497,0.010620436929210358,0.7263681592039801,6,0,False,
LDHB,-0.09721995890140533,-0.006743411525408735,0.009339562756932847,0.8507462686567164,6,0,False,
AKR7A3,-0.17566446959972382,-0.006893543124980013,0.009203776257560222,0.845771144278607,6,0,False,
HIST1H2AC,-0.08745473374923068,-0.006910859537223493,0.010484615397979511,0.7761194029850746,6,0,False,
ATP5MPL,-0.05551193157831835,-0.006928751002974141,0.024610235111806277,0.6616915422885572,6,0,False,
CA2,-0.10880553722381592,-0.0069448162380736644,0.029690156844709298,0.5970149253731343,5,0,False,
UQCRFS1,-0.10015259186426795,-0.007008645729830535,0.01182886835132263,0.736318407960199,6,0,False,
TNFSF10,-0.09731689592202503,-0.0070495874155861275,0.008766278078154112,0.8706467661691543,6,0,False,
C15orf48,-0.06401469310124719,-0.007062837569910119,0.019359916301008744,0.6716417910447762,6,0,False,
AMN,-0.1860148136814435,-0.007108889266918912,0.006976114466946094,0.945273631840796,6,0,False,
RND3,-0.09303048253059387,-0.007144741823268691,0.012862163116984574,0.7263681592039801,6,0,False,
TST,-0.1361789355675379,-0.007196097211966155,0.015814342927632473,0.6865671641791045,6,0,False,
CEBPD,-0.06357582658529282,-0.007237126356669421,0.017682573512821605,0.681592039800995,6,0,False,
NDUFC1,-0.08233658472696936,-0.007261664286469405,0.01592299500147245,0.746268656716418,6,0,False,
LCN2,-0.06690119827787067,-0.007262986281632009,0.0974918584151668,0.4925373134328358,6,0,False,
NDUFA3,-0.10214840372403466,-0.007269110158432677,0.016920365218025906,0.7412935323383084,6,0,False,
ALDH2,-0.11442355314890551,-0.007374017660997717,0.017893749376767923,0.6716417910447762,6,0,False,
ROMO1,-0.06206503510475159,-0.007391792677438459,0.023855760310568554,0.6567164179104478,6,0,False,
ETHE1,-0.12439097960790002,-0.007402280857927711,0.007986402679772119,0.8805970149253731,6,0,False,
KLF4,-0.058612699309984806,-0.0074112002633017785,0.03437861730591766,0.6019900497512438,6,0,False,
CXCL2,-0.0772062366207441,-0.00743167158383902,0.02852856836918813,0.5970149253731343,6,0,False,
PGK1,-0.06514793634414673,-0.007535060501343317,0.01615667941042995,0.7213930348258707,6,0,False,
MPST,-0.10843747854232788,-0.007546431044388482,0.011719934440071912,0.7910447761194029,6,0,False,
TRIM31,-0.08741047885268927,-0.00755078508634068,0.017618797814375923,0.681592039800995,6,0,False,
ETFB,-0.08270594477653503,-0.007566419362244928,0.015352930786548733,0.6666666666666666,6,0,False,
LINC01133,-0.16832311203082406,-0.007682206220084857,0.00891833057613215,0.9154228855721394,6,0,False,
CTNND1,-0.09369074304898584,-0.007701028315130535,0.009937743956822247,0.8557213930348259,6,0,False,
CDKN1A,-0.10810573399066925,-0.007715027112829767,0.015322571176237474,0.7313432835820896,6,0,False,
TMEM45B,-0.16271332899729413,-0.0077196269998644085,0.006926140163757882,0.9900497512437811,6,0,False,
SH3GLB1,-0.09181618193785346,-0.007725357227904279,0.01038854148938991,0.8407960199004975,6,0,False,
MCL1,-0.05315960943698883,-0.007745232007185151,0.042177906171436186,0.6019900497512438,6,0,False,
HNRNPA2B1,-0.03048364321390795,-0.007750353934158421,0.04892749453144177,0.5621890547263682,6,0,False,
VDAC2,-0.08229318757851911,-0.007829349134830854,0.012267608446097233,0.7611940298507462,6,0,False,
TUBA1C,-0.058964163064956665,-0.007853625620254837,0.03326322786474214,0.6318407960199005,6,0,False,
GADD45B,-0.07419728736082709,-0.007895656128538028,0.026295254789217775,0.582089552238806,6,0,False,
ARPC2,-0.051719625790913826,-0.007951572360362766,0.027109324178017744,0.5870646766169154,6,0,False,
CLIC1,-0.03206294775009155,-0.00799560705572689,0.06837782086933059,0.5422885572139303,6,0,False,
MT2A,-0.0536481340726217,-0.00801926811884825,0.021034704267291284,0.6417910447761194,6,0,False,
RAB5IF,-0.06858264903227484,-0.00807210052191498,0.017930421094415096,0.7263681592039801,6,0,False,
CDHR5,-0.3772831857204437,-0.008082846926146707,0.007444723897107021,0.9552238805970149,5,0,False,
MT1G,-0.19290245572725928,-0.008098447907731956,0.007880678249893476,0.9353233830845771,5,0,False,
FLNB,-0.1296059836943944,-0.008137272029776734,0.009348904009111566,0.9054726368159204,6,0,False,
COPE,-0.08015237251917517,-0.008166068700090281,0.020601379321099452,0.7213930348258707,6,0,False,
FCGRT,-0.08542110522588098,-0.008172471441369485,0.013302286918009889,0.8159203980099502,6,0,False,
APOL6,-0.15672337015469867,-0.008179745766514939,0.008694997453766099,0.9203980099502488,6,0,False,
CAST,-0.05390327175458287,-0.00818009983023461,0.025673461858842464,0.6517412935323383,6,0,False,
GSTK1,-0.1078633417685827,-0.008202922250397463,0.007721318213210704,0.9402985074626866,6,0,False,
ATP5F1C,-0.07398215929667162,-0.00830641413284628,0.015358681167349363,0.7562189054726368,6,0,False,
CDC42EP5,-0.15300226708253217,-0.008307741655497393,0.016571402750354573,0.736318407960199,6,0,False,
TUBA1B,-0.05640387535095215,-0.00831724730886337,0.030414257971564045,0.6169154228855721,6,0,False,
PLAC8,-0.158707246184349,-0.008330509560000136,0.009523660037345904,0.9203980099502488,6,0,False,
GBP3,-0.18789953272789717,-0.008459171883712402,0.0066312504484790195,0.9502487562189055,6,0,False,
SLC44A4,-0.10735652844111121,-0.00850162217998579,0.014045342735249978,0.7313432835820896,6,0,False,
XAF1,-0.11255145942171413,-0.0085137519301452,0.013658375077354953,0.7164179104477612,6,0,False,
AHNAK,-0.06957333286603284,-0.008601556371534327,0.040668494244556104,0.572139303482587,6,0,False,
MUC3A,-0.27365625401337945,-0.008702829381780935,0.006703010065517322,0.9950248756218906,6,0,False,
PDIA4,-0.1319746424754461,-0.008734715621011996,0.018767385077686733,0.6965174129353234,6,0,False,
GMDS,-0.15219438076019287,-0.008813149308717986,0.01304095068135208,0.7761194029850746,6,0,False,
CTSS,-0.10083286464214325,-0.00881585312129714,0.01552509061589363,0.7213930348258707,6,0,False,
SCP2,-0.10464715957641602,-0.008845352016517835,0.012550712853867035,0.8407960199004975,6,0,False,
ACTN4,-0.06786181529363,-0.008853779185660628,0.026631495231130845,0.5970149253731343,6,0,False,
SELENOP,-0.25873989363511407,-0.008877180544502799,0.007057399286317755,0.9950248756218906,6,0,False,
TPM4,-0.0459324916203816,-0.00889481712078008,0.060706740693911174,0.5323383084577115,6,0,False,
SBDS,-0.08955343564351403,-0.008962101379957316,0.01705602381565647,0.6766169154228856,6,0,False,
SRGN,-0.1319973369439443,-0.008995847272249113,0.009385214336464782,0.8756218905472637,6,0,False,
GCNT3,-0.2127213937540849,-0.009123140925434474,0.007813762903538229,0.9353233830845771,6,0,False,
SPATS2L,-0.0898281385501225,-0.00916582620066169,0.01683811995004306,0.7611940298507462,6,0,False,
ASPH,-0.11643794675668084,-0.009229085882363769,0.015710035014907666,0.8109452736318408,6,0,False,
AGR2,-0.032217323780059814,-0.009230254440073762,0.2146233881064687,0.5373134328358209,6,0,False,
GLS,-0.1358944326639176,-0.009241406248455531,0.014873710062046257,0.8407960199004975,6,0,False,
RNF213,-0.06995895504951477,-0.009370189443865756,0.03432471213105626,0.6318407960199005,6,0,False,
CAMK2N1,-0.11242275685071945,-0.009422082448640122,0.024647063047470476,0.5870646766169154,6,0,False,
CMPK1,-0.09849435091018677,-0.009453373741230803,0.016264885301560117,0.7512437810945274,6,0,False,
AURKAIP1,-0.07693196336428332,-0.009476401031825205,0.02290576046809866,0.6368159203980099,6,0,False,
SRI,-0.08733606835206348,-0.009522027265102023,0.011710138453695047,0.8606965174129353,6,0,False,
RPL36AL,-0.04466730356216431,-0.009669638593885468,0.0430215475867273,0.6019900497512438,6,0,False,
RHOB,-0.0583253105481466,-0.009751681422099603,0.05864523581346309,0.582089552238806,6,0,False,
LIMA1,-0.0913745562235515,-0.009764036897486278,0.022204194484692165,0.6567164179104478,6,0,False,
PARP14,-0.11914578452706337,-0.009824217645386723,0.013334857497545325,0.7860696517412935,6,0,False,
MGST3,-0.06789487600326527,-0.009901132138412486,0.036086396851286354,0.6268656716417911,6,0,False,
MYO15B,-0.2424665081004302,-0.009937045720045078,0.009793939290981282,0.9353233830845771,6,0,False,
ENO1,-0.06333576639493299,-0.010082647071406018,0.0381187178557155,0.582089552238806,6,0,False,
HIST1H1E,-0.13172092971702415,-0.010097081982982804,0.01185434164336369,0.8905472636815921,6,0,False,
VIL1,-0.24635913471380871,-0.010104634256516759,0.01019466298471744,0.9203980099502488,6,0,False,
TPM1,-0.07821598649024963,-0.010125319045786112,0.030883727572552176,0.6119402985074627,6,0,False,
PYCARD,-0.14226615180571872,-0.01014755106768692,0.013166461447082469,0.8706467661691543,6,0,False,
ATP5F1B,-0.08212693532307958,-0.010208309453630306,0.026501610144520203,0.6417910447761194,6,0,False,
HLA-DRA,-0.07645301024119056,-0.010355549900625649,0.07373735569460106,0.5174129353233831,6,0,False,
NFKBIZ,-0.10197478284438449,-0.010390794334231533,0.01912729638345314,0.7313432835820896,6,0,False,
ATP5PF,-0.08890225489934278,-0.010403026080677408,0.0193205990870677,0.746268656716418,6,0,False,
MX1,-0.13279799620310467,-0.010599515997617368,0.01790300023374436,0.6716417910447762,5,0,False,
CYC1,-0.11845507224400842,-0.010604684554744545,0.015680542063442684,0.7661691542288557,6,0,False,
HIST1H1C,-0.12795343498388928,-0.010645693620919047,0.010981560888607458,0.8905472636815921,6,0,False,
CTSZ,-0.15714375178019202,-0.010645763539401158,0.009447343851411919,0.9353233830845771,6,0,False,
ATP5PD,-0.09225571155548096,-0.010658756360290282,0.019493812982565806,0.736318407960199,6,0,False,
PLAAT4,-0.1812669609983762,-0.010966051889567455,0.012486403733820347,0.8805970149253731,6,0,False,
GNG5,-0.0678870677947998,-0.01116818203626849,0.032845713585484514,0.6368159203980099,6,0,False,
COX5A,-0.08228616913159692,-0.011206194098490687,0.022787678876471963,0.6865671641791045,6,0,False,
PLS1,-0.20909198621908825,-0.011253275429093901,0.009017355803602611,0.9651741293532339,6,0,False,
SAT1,-0.037334879239400376,-0.011375050990325231,0.08529014312117875,0.5223880597014925,6,0,False,
VAMP8,-0.10925335685412085,-0.011387203733986684,0.017996733829359634,0.835820895522388,6,0,False,
DNAJC15,-0.10287013649940491,-0.011513641963025165,0.019223656035651564,0.835820895522388,6,0,False,
EFHD2,-0.10493872563044226,-0.011652345867134966,0.01937315628961674,0.7711442786069652,6,0,False,
HSP90B1,-0.051652610301971436,-0.011655024449939433,0.05614177471715238,0.6019900497512438,6,0,False,
CALR,-0.05687286456425977,-0.011666594528596811,0.06288665621539523,0.572139303482587,6,0,False,
UQCRQ,-0.0909979442755382,-0.011852539540182887,0.035487304364692024,0.6716417910447762,6,0,False,
MDK,-0.0898604691028595,-0.01193048900875374,0.03032381451932498,0.6318407960199005,6,0,False,
GUK1,-0.06526220838228847,-0.01193070139299432,0.03334178700383776,0.6467661691542289,6,0,False,
MVP,-0.1525448809067409,-0.01203632330031007,0.015449401528197907,0.845771144278607,6,0,False,
EGR1,-0.06980145474274946,-0.01205630971936271,0.11610385841143604,0.5621890547263682,6,0,False,
PSMB8,-0.10046588381131483,-0.012121547953665466,0.03314800170788214,0.6567164179104478,6,0,False,
NAPRT,-0.17399495591719943,-0.012163246948076474,0.013589369763942783,0.9303482587064676,6,0,False,
FAT1,-0.18179129560788473,-0.01220718529190418,0.012920010612511636,0.8955223880597015,6,0,False,
RPS26,-0.04818912347157811,-0.012370165025456552,0.11932595223364675,0.5223880597014925,6,0,False,
AKR1B10,-0.3715944786866505,-0.012381521742848327,0.01576010510884128,0.8805970149253731,4,0,False,
ATP5MF,-0.07648962736129761,-0.012441047601214363,0.04038015333963168,0.6716417910447762,6,0,False,
AKR1C3,-0.1912929515043894,-0.012571441644416561,0.022707006025093075,0.736318407960199,6,0,False,
TSPAN3,-0.14231088260809577,-0.012619284899259297,0.015197674281494652,0.8955223880597015,6,0,False,
ISG20,-0.19325001041094464,-0.012670690722978724,0.015079892947421184,0.8756218905472637,6,0,False,
ANXA4,-0.12403954068819678,-0.01279807717030554,0.029891526494501566,0.6616915422885572,6,0,False,
CD2AP,-0.1373455673456192,-0.012875628968183362,0.015209873644232597,0.8706467661691543,6,0,False,
OST4,-0.07890522480010986,-0.012938991287479933,0.03449886755842316,0.6965174129353234,6,0,False,
VIM,-0.10267244279384613,-0.013178164393865606,0.020176808459905965,0.8009950248756219,6,0,False,
UQCRH,-0.06633949279785156,-0.013529377313380705,0.0511936485390972,0.6069651741293532,6,0,False,
DGAT1,-0.2909936557213465,-0.013605761026446322,0.011421506903075706,0.9552238805970149,6,0,False,
KLF6,-0.05495597422122955,-0.013657759184828814,0.16408938380757446,0.5422885572139303,6,0,False,
MYH14,-0.16955276330312097,-0.013694234877629361,0.013407331794359658,0.9502487562189055,6,0,False,
ANXA1,-0.10002596055467922,-0.01400899069475393,0.023261967414132348,0.8009950248756219,6,0,False,
FTH1,-0.03170184294382716,-0.014038200355609085,0.11309335707639162,0.6119402985074627,6,0,False,
MXD1,-0.16258465250333148,-0.01411014648305681,0.015099151277429966,0.9154228855721394,6,0,False,
ATP5ME,-0.11370090643564845,-0.0142365465917073,0.03832973753807277,0.7313432835820896,6,0,False,
PSME1,-0.0945810774962107,-0.01432383048038384,0.03821578705772185,0.6716417910447762,6,0,False,
P4HB,-0.09735065698623657,-0.014336669399693377,0.04692043560696089,0.6169154228855721,6,0,False,
ATP5F1D,-0.10743719339370728,-0.014401982147359691,0.030082298862281417,0.6666666666666666,6,0,False,
SMIM24,-0.3398756956060727,-0.014505405392512912,0.01577573750237529,0.8656716417910447,6,0,False,
SFN,-0.12699410319328308,-0.014642256095994921,0.03305171463095943,0.6766169154228856,6,0,False,
MISP,-0.22864987452824911,-0.014710553843900888,0.014497239713585604,0.9203980099502488,6,0,False,
TMBIM6,-0.07968542973200488,-0.014725979573749454,0.03502191578599459,0.7064676616915423,6,0,False,
CSTB,-0.08621679743131017,-0.01479984580280114,0.05247551957336925,0.6318407960199005,6,0,False,
AGR3,-0.2758099709947904,-0.014846427223581428,0.01456880996617778,0.9253731343283582,6,0,False,
SLC25A3,-0.09668592611948656,-0.015022015495801535,0.02989596186024679,0.7512437810945274,6,0,False,
S100A4,-0.12293349454800287,-0.015030514752504161,0.018459583378813482,0.8756218905472637,6,0,False,
SERPINB1,-0.09666223327318813,-0.015292378417023796,0.04590541221795078,0.6368159203980099,6,0,False,
HES1,-0.12773016095161444,-0.015313271389004988,0.021437897728751935,0.8407960199004975,6,0,False,
SOD1,-0.10534016291300441,-0.01560635170351812,0.02189285204144162,0.8009950248756219,6,0,False,
NDUFB3,-0.17216713726520538,-0.015643536917923886,0.01822497661619602,0.8606965174129353,6,0,False,
BST2,-0.1200192831456661,-0.01611820676823894,0.024594662756805396,0.7661691542288557,6,0,False,
ATP5MD,-0.11966790755589807,-0.016130494383387674,0.03475508402067423,0.7661691542288557,6,0,False,
TMEM238,-0.14997371907035517,-0.016267159681643488,0.061722852818228195,0.7661691542288557,6,0,False,
MUCL3,-0.2521896859010061,-0.016831186425749226,0.051784483908324457,0.7761194029850746,4,0,False,
CTSD,-0.13620781898498535,-0.016983017358876078,0.02825785427184173,0.8059701492537313,6,0,False,
PLEC,-0.16235299905141193,-0.0171560381212612,0.01791676255143157,0.9253731343283582,6,0,False,
CHCHD10,-0.15747303764025367,-0.017376104399087253,0.028248395085497948,0.7611940298507462,6,0,False,
PSMB9,-0.1421470468242963,-0.017493488823004173,0.0276293464611156,0.746268656716418,6,0,False,
CIB1,-0.14645368357499444,-0.018002255118015925,0.024578786068756096,0.8258706467661692,6,0,False,
PRELID1,-0.1633088688055675,-0.018171663145767264,0.01939691208080628,0.9353233830845771,6,0,False,
CLTB,-0.16962204376856482,-0.018833076740561103,0.027934932475529344,0.8308457711442786,6,0,False,
CD9,-0.1401190310716629,-0.019433846079470525,0.02287770151091565,0.8706467661691543,6,0,False,
HIST1H4C,-0.18382258713245392,-0.019604470675890072,0.028911435969620203,0.8109452736318408,6,0,False,
RPS27L,-0.154309888680776,-0.02014175596330188,0.02363274215380944,0.9353233830845771,6,0,False,
HLA-F,-0.1659553349018097,-0.02027157935728776,0.0225899048998128,0.8905472636815921,6,0,False,
CALML4,-0.3171788826584816,-0.02038909614704708,0.01838860586695305,0.9651741293532339,6,0,False,
SDCBP2,-0.23613429069519049,-0.02065698508683174,0.021705928994171175,0.9353233830845771,6,0,False,
FTL,-0.04669056336085031,-0.020924193758993216,0.16295959075121408,0.5572139303482587,6,0,False,
IGKC,-0.380323201417923,-0.021035696733457003,0.049404710774966436,0.7412935323383084,6,0,False,
TYMP,-0.16755856821934384,-0.021242597136411866,0.02146466887948425,0.8955223880597015,6,0,False,
TMEM54,-0.24526183307170868,-0.021814064922170775,0.026364386470109916,0.8955223880597015,6,0,False,
DBI,-0.1352210839589436,-0.021994599313003755,0.04740626415146274,0.6865671641791045,6,0,False,
TPM3,-0.1016710102558136,-0.022447738186607974,0.059448570152354344,0.6616915422885572,6,0,False,
ATP5IF1,-0.13173590103785182,-0.022459434679483983,0.03416862844151742,0.7960199004975125,6,0,False,
POLD4,-0.2067907800277074,-0.023929976136975287,0.023964477051252143,0.945273631840796,6,0,False,
AGPAT2,-0.2476338148117065,-0.0239749548683533,0.022072672002554014,0.9751243781094527,6,0,False,
IFITM3,-0.11304841190576553,-0.02448035055723477,0.06501775894236642,0.681592039800995,6,0,False,
COX7B,-0.15068073074022936,-0.02465580674454925,0.036537133546287195,0.8009950248756219,6,0,False,
MALAT1,-0.03200825055440237,-0.024671322930554018,0.2794950226957065,0.5472636815920398,6,0,False,
RHOC,-0.2481776053706805,-0.024842840505618705,0.024970225231116666,0.9303482587064676,6,0,False,
COX6B1,-0.12908557057380676,-0.025284981797281364,0.05411570597757607,0.7114427860696517,6,0,False,
PHLDA2,-0.18047976742188132,-0.02586131405890969,0.04815315631355563,0.7114427860696517,6,0,False,
LDHA,-0.1782595614592235,-0.026730187080338603,0.04232399281612845,0.7562189054726368,6,0,False,
ARPC3,-0.15174350142478943,-0.027020788328810393,0.03487782331823848,0.8208955223880597,6,0,False,
CYBA,-0.16991291443506862,-0.027493569945197593,0.0484089978175461,0.7114427860696517,6,0,False,
TXNDC17,-0.2282761037349701,-0.027613941206535632,0.031231849683471168,0.9104477611940298,6,0,False,
PRSS3,-0.3076899846394857,-0.027844545799022083,0.023029591010657765,0.9850746268656716,6,0,False,
ELF3,-0.10679972171783447,-0.027994088726732973,0.085543068719801,0.6069651741293532,6,0,False,
PRR13,-0.25005530317624414,-0.028210982995158975,0.02895047106247712,0.9203980099502488,6,0,False,
CLDN3,-0.2793497884025177,-0.02847431938215706,0.03653973778707676,0.835820895522388,6,0,False,
COX6A1,-0.14433119694391894,-0.02852748441496709,0.04674872579366326,0.835820895522388,6,0,False,
TXN,-0.10578107833862305,-0.02860391291997822,0.0886113548551049,0.6517412935323383,6,0,False,
HLA-A,-0.07483053207397461,-0.028720673010363434,0.15116135191992017,0.6019900497512438,6,0,False,
CCNL1,-0.14364673693974805,-0.029019638770414375,0.053405152760636884,0.7263681592039801,6,0,False,
TUBB4B,-0.14627735813458753,-0.02903713134859907,0.04077656631669447,0.8059701492537313,6,0,False,
ZFP36L2,-0.16132320960362745,-0.029041832006486877,0.04189314484646036,0.7711442786069652,6,0,False,
C19orf33,-0.1783580879370371,-0.029397186895699375,0.0480184795101114,0.7910447761194029,6,0,False,
ACTB,-0.07531154155731201,-0.029494667354948968,0.10768054213824335,0.6169154228855721,6,0,False,
ARPC1B,-0.19974892338116962,-0.029712386483912005,0.03242623818315292,0.8855721393034826,6,0,False,
SERPINB6,-0.2653064926465353,-0.029744899654323524,0.026217575445515943,0.9651741293532339,6,0,False,
CALM1,-0.11367134253183986,-0.029755337621085523,0.03227627870654318,0.9253731343283582,6,0,False,
MUC13,-0.46964135020971304,-0.030190308977534486,0.02005963940431174,1.0,6,0,False,
COX5B,-0.15844857692718506,-0.030673744039591222,0.043001559631519644,0.7810945273631841,6,0,False,
ATP5MC3,-0.22005779544512416,-0.03114639792821567,0.035501653835202276,0.8855721393034826,6,0,False,
HSPA5,-0.14218150575955701,-0.03124392617679931,0.06712240480014585,0.736318407960199,6,0,False,
JUND,-0.11365962028503418,-0.03149556603523148,0.14166444226478517,0.6069651741293532,6,0,False,
ANXA2,-0.11363786458969116,-0.031746153473543745,0.10668143782518415,0.5870646766169154,6,0,False,
NDUFA4,-0.16365745663642883,-0.032000688434649927,0.05893554989980989,0.7512437810945274,6,0,False,
RRBP1,-0.12049515048662807,-0.032480978400137236,0.06988794335213823,0.7213930348258707,6,0,False,
ADIRF,-0.271546299258868,-0.032720570330451365,0.046969876333254966,0.8059701492537313,6,0,False,
ATF3,-0.16310762179394556,-0.033668968510470076,0.13498845050982033,0.5870646766169154,6,0,False,
SLC25A5,-0.18327112992604566,-0.03417373282061978,0.056013081324659375,0.7412935323383084,6,0,False,
NDUFA1,-0.2280252774556477,-0.03524908547135419,0.040398625557665456,0.8606965174129353,6,0,False,
S100A16,-0.233671690026919,-0.03652980322033177,0.051635318277137784,0.8656716417910447,6,0,False,
COX6C,-0.16709764798482274,-0.03667589120237931,0.055567153361418785,0.845771144278607,6,0,False,
AC020916.1,-0.2975235109527906,-0.038292666667862726,0.02867805556110797,0.9751243781094527,6,0,False,
CYCS,-0.2527337769667307,-0.038554458594415,0.038183886857577704,0.9154228855721394,6,0,False,
CES2,-0.4869411426285903,-0.03871580045291924,0.027498852702598508,1.0,6,0,False,
ID1,-0.3085110535224279,-0.039102528069719526,0.04118502543585209,0.8855721393034826,6,0,False,
GAPDH,-0.1213044126828513,-0.039239549813526106,0.12509868443876093,0.6019900497512438,6,0,False,
S100A14,-0.38694005707899726,-0.03944013579108971,0.04730103991603834,0.8756218905472637,6,0,False,
HLA-C,-0.11602862675984715,-0.03944800663762512,0.12465438509743287,0.6169154228855721,6,0,False,
PSME2,-0.24787167708079016,-0.039629228577214994,0.05336304273700849,0.8258706467661692,6,0,False,
BTG2,-0.2087086488803227,-0.039748307534249024,0.0829370664836732,0.7512437810945274,6,0,False,
MYL12B,-0.16399629910786961,-0.04008913971085365,0.05463537289883001,0.8208955223880597,6,0,False,
PIGR,-0.4246145486831665,-0.04097182308358856,0.07135204279734761,0.6965174129353234,5,0,False,
SH3BGRL3,-0.21318093935648608,-0.04284909880054309,0.056199954156766346,0.8656716417910447,6,0,False,
S100A11,-0.12104809284210205,-0.043635513717096716,0.1299859956520259,0.6218905472636815,6,0,False,
TMSB10,-0.09613355000813772,-0.0443857435532832,0.2047278073870136,0.5174129353233831,6,0,False,
MYL12A,-0.24355090657869982,-0.04607015430487828,0.04500016446887632,0.9353233830845771,6,0,False,
NFKBIA,-0.21171249449253082,-0.04727084260947065,0.08399523623713892,0.6965174129353234,6,0,False,
JPT1,-0.24041782816251123,-0.047376238376704585,0.060995311500407684,0.8109452736318408,6,0,False,
MYL6,-0.157216231028239,-0.05009827712565879,0.07837914003080916,0.7860696517412935,6,0,False,
FOSB,-0.17923478533824277,-0.05225491988859257,0.2624952219890062,0.5870646766169154,6,0,False,
TSPAN8,-0.28247765700022365,-0.053879588855775006,0.0755329780095221,0.8557213930348259,6,0,False,
PPP1R15A,-0.19485529512166977,-0.054386682471371475,0.15293090450075178,0.6567164179104478,6,0,False,
CFL1,-0.20214923222859715,-0.060837775739602765,0.09527478391809444,0.8308457711442786,6,0,False,
PFN1,-0.260644515355428,-0.06097833551511015,0.08185910621274976,0.7960199004975125,6,0,False,
IL32,-0.37570613250136375,-0.06381177854716384,0.060574496785326906,0.9303482587064676,6,0,False,
CLDN7,-0.42241074144840246,-0.06501090011838433,0.06093931154998794,0.9402985074626866,6,0,False,
JUNB,-0.2435067892074585,-0.06609179456840061,0.12171071847246014,0.7164179104477612,6,0,False,
DUSP1,-0.3763056670626005,-0.07511854228485723,0.0765919164592848,0.9402985074626866,6,0,False,
B2M,-0.15141419569651315,-0.07748773193791005,0.11362860140449907,0.8109452736318408,6,0,False,
ISG15,-0.37379280974467594,-0.08319826063071548,0.10659878539022606,0.7860696517412935,6,0,False,
PHGR1,-1.4045771112044654,-0.0839048405501577,0.0667429604482514,0.9850746268656716,6,0,False,
CLDN4,-0.41144337256749475,-0.08391068345384689,0.1021767096018089,0.8159203980099502,6,0,False,
CRIP1,-0.39103958010673523,-0.0890802300104834,0.11752683825129355,0.8208955223880597,6,0,False,
ZFP36,-0.46780061845978105,-0.1040316888669823,0.0900356689173125,0.9154228855721394,6,0,False,
IER2,-0.4113371173540752,-0.11575433031432708,0.138208710780237,0.9154228855721394,6,0,False,
TMSB4X,-0.2461400032043457,-0.11927414129874858,0.20420941709145607,0.7910447761194029,6,0,False,
IFI27,-0.33510932326316833,-0.12024822806539803,0.2964216808140258,0.6965174129353234,6,0,False,
NEAT1,-0.26240048805872584,-0.12387504217647927,0.4210799945101542,0.6517412935323383,6,0,False,
LGALS3,-0.5314610203107197,-0.12561555953438094,0.1073610653243692,0.9701492537313433,6,0,False,
LGALS4,-0.6525223751862844,-0.13418783397108025,0.10993141981117008,0.9800995024875622,6,0,False,
JUN,-0.5097366074721017,-0.19796882422264378,0.2639835822748521,0.8507462686567164,6,0,False,
S100A10,-0.5326180855433147,-0.21435083444908665,0.24691433462809376,0.8955223880597015,6,0,False,
S100A6,-0.4594358205795288,-0.25082372121482605,0.26697434249948204,0.8855721393034826,6,0,False,
FOS,-0.7453668415546417,-0.2917304768798691,0.3458829311661556,0.8955223880597015,6,0,False,
CDX2,,,,,0,0,False,not on the axis
MUC2,,,,,0,0,False,not on the axis
