pair,panel,retained_in_spatial,gene,gene_role,pm_n,primary_n,pm_median,primary_median,log2fc_median,n_pm_above_primary_median,paired_sample38,paired_sample36,paired_log2fc
APP–CD74,cellchat,False,APP,ligand,3,26,0.5038872683779745,0.32848076376486834,0.6157670596221994,3,0.4887255408069358,0.09976071883441046,2.2810401198130346
APP–CD74,cellchat,False,CD74,receptor,3,26,2.411029342027454,2.157286000429691,0.16036140455285847,2,1.5232706371559483,1.325630059114732,0.20035295852526416
CD99–CD99,cellchat,False,CD99,ligand,3,26,1.8899228861396908,0.9482922086668638,0.9941663824690404,2,0.8681672801821755,0.536537143963689,0.6932694164922308
CD99–CD99,cellchat,False,CD99,receptor,3,26,1.8899228861396908,0.9482922086668638,0.9941663824690404,2,0.8681672801821755,0.536537143963689,0.6932694164922308
SEMA4D–PLXNB2,cellchat,False,SEMA4D,ligand,3,26,0.16476747325703175,0.18356785015983684,-0.1549903217888747,1,0.16476747325703175,0.24838024497999925,-0.58918623420777
SEMA4D–PLXNB2,cellchat,False,PLXNB2,receptor,3,26,0.22537614367095604,0.16078327015189253,0.48465950199584734,2,0.2308093988699027,0.09319233993093712,1.299257418152406
MDK–NCL,cellchat,False,MDK,ligand,3,26,0.36604469979494386,0.26215367139013135,0.480050246719449,3,0.3187693554202142,0.09748584185566775,1.699043441703372
MDK–NCL,cellchat,False,NCL,receptor,3,26,1.4056308567534854,1.097415381658239,0.3568200371289991,3,1.5515127017687274,1.6991327537608085,-0.13104233086810696
MDK–SDC1,cellchat,False,MDK,ligand,3,26,0.36604469979494386,0.26215367139013135,0.480050246719449,3,0.3187693554202142,0.09748584185566775,1.699043441703372
MDK–SDC1,cellchat,False,SDC1,receptor,3,26,0.020309814403936755,0.17619153440268348,-3.055719745316145,0,0.03666355724484495,0.16164956316854126,-2.1105257766533962
MDK–LRP1,cellchat,False,MDK,ligand,3,26,0.36604469979494386,0.26215367139013135,0.480050246719449,3,0.3187693554202142,0.09748584185566775,1.699043441703372
MDK–LRP1,cellchat,False,LRP1,receptor,3,26,0.41306327106051377,0.12214723506663436,1.7494669995707828,3,0.41306327106051377,0.055411837019160734,2.8757814126534806
COL4A1–SDC4,cellchat,False,COL4A1,ligand,3,26,0.5582672181658058,0.15114755594736518,1.8780666092168468,3,0.21270819729839915,0.0345230351994999,2.588815486686446
COL4A1–SDC4,cellchat,False,SDC4,receptor,3,26,0.11475547823202571,0.19394805062709647,-0.7520092567131542,1,0.1966382365216712,0.1560445150517537,0.33168853193850234
COL6A2–CD44,cellchat,False,COL6A2,ligand,3,26,0.6413829080799008,0.2188647456033764,1.5468172148997605,3,0.6413829080799008,0.03231547231898696,4.269169255302452
COL6A2–CD44,cellchat,False,CD44,receptor,3,26,0.7452025380399107,0.8648850624376702,-0.2146082671906051,1,0.7236513036550849,0.8249138245951156,-0.188704310554977
COL6A1–SDC1,cellchat,False,COL6A1,ligand,3,26,0.48905939002737236,0.17600750504626553,1.4691460679514718,3,0.48905939002737236,0.02007863071401194,4.539103542819436
COL6A1–SDC1,cellchat,False,SDC1,receptor,3,26,0.020309814403936755,0.17619153440268348,-3.055719745316145,0,0.03666355724484495,0.16164956316854126,-2.1105257766533962
COL6A1–CD44,cellchat,False,COL6A1,ligand,3,26,0.48905939002737236,0.17600750504626553,1.4691460679514718,3,0.48905939002737236,0.02007863071401194,4.539103542819436
COL6A1–CD44,cellchat,False,CD44,receptor,3,26,0.7452025380399107,0.8648850624376702,-0.2146082671906051,1,0.7236513036550849,0.8249138245951156,-0.188704310554977
LAMC1–CD44,cellchat,False,LAMC1,ligand,3,26,0.18574271480932086,0.10277489692823352,0.8475944627956332,3,0.1692964631196027,0.025424652874173576,2.688092047081843
LAMC1–CD44,cellchat,False,CD44,receptor,3,26,0.7452025380399107,0.8648850624376702,-0.2146082671906051,1,0.7236513036550849,0.8249138245951156,-0.188704310554977
LAMA4–CD44,cellchat,False,LAMA4,ligand,3,26,0.42037830378514685,0.1140072714010495,1.8733909543174576,3,0.42037830378514685,0.016541142789679403,4.5863013873549185
LAMA4–CD44,cellchat,False,CD44,receptor,3,26,0.7452025380399107,0.8648850624376702,-0.2146082671906051,1,0.7236513036550849,0.8249138245951156,-0.188704310554977
THBS3–SDC4,cellchat,False,THBS3,ligand,3,26,0.0741443891724861,0.021784896639292284,1.7215875600631065,3,0.0741443891724861,0.012511385297336336,2.4754897869412127
THBS3–SDC4,cellchat,False,SDC4,receptor,3,26,0.11475547823202571,0.19394805062709647,-0.7520092567131542,1,0.1966382365216712,0.1560445150517537,0.33168853193850234
THBS3–SDC1,cellchat,False,THBS3,ligand,3,26,0.0741443891724861,0.021784896639292284,1.7215875600631065,3,0.0741443891724861,0.012511385297336336,2.4754897869412127
THBS3–SDC1,cellchat,False,SDC1,receptor,3,26,0.020309814403936755,0.17619153440268348,-3.055719745316145,0,0.03666355724484495,0.16164956316854126,-2.1105257766533962
JAG2–NOTCH3,cellchat,False,JAG2,ligand,3,26,0.0577830288172299,0.02415114071560011,1.224775862175215,3,0.04171245029204704,0.009871080859744048,1.9741612758873164
JAG2–NOTCH3,cellchat,False,NOTCH3,receptor,3,26,0.09920276314376501,0.03925121302179757,1.3158181256985935,3,0.07186766740423467,0.010763084903484023,2.6310123479550485
FN1–SDC1,cellchat,False,FN1,ligand,3,26,0.5386741002550718,0.0733982197810266,2.85874844624296,3,0.3621557906836019,0.012987248492949705,4.698404489460276
FN1–SDC1,cellchat,False,SDC1,receptor,3,26,0.020309814403936755,0.17619153440268348,-3.055719745316145,0,0.03666355724484495,0.16164956316854126,-2.1105257766533962
COL6A2–SDC4,cellchat,False,COL6A2,ligand,3,26,0.6413829080799008,0.2188647456033764,1.5468172148997605,3,0.6413829080799008,0.03231547231898696,4.269169255302452
COL6A2–SDC4,cellchat,False,SDC4,receptor,3,26,0.11475547823202571,0.19394805062709647,-0.7520092567131542,1,0.1966382365216712,0.1560445150517537,0.33168853193850234
COL6A2–SDC1,cellchat,False,COL6A2,ligand,3,26,0.6413829080799008,0.2188647456033764,1.5468172148997605,3,0.6413829080799008,0.03231547231898696,4.269169255302452
COL6A2–SDC1,cellchat,False,SDC1,receptor,3,26,0.020309814403936755,0.17619153440268348,-3.055719745316145,0,0.03666355724484495,0.16164956316854126,-2.1105257766533962
COL6A1–SDC4,cellchat,False,COL6A1,ligand,3,26,0.48905939002737236,0.17600750504626553,1.4691460679514718,3,0.48905939002737236,0.02007863071401194,4.539103542819436
COL6A1–SDC4,cellchat,False,SDC4,receptor,3,26,0.11475547823202571,0.19394805062709647,-0.7520092567131542,1,0.1966382365216712,0.1560445150517537,0.33168853193850234
MDK–SDC4,cellchat,False,MDK,ligand,3,26,0.36604469979494386,0.26215367139013135,0.480050246719449,3,0.3187693554202142,0.09748584185566775,1.699043441703372
MDK–SDC4,cellchat,False,SDC4,receptor,3,26,0.11475547823202571,0.19394805062709647,-0.7520092567131542,1,0.1966382365216712,0.1560445150517537,0.33168853193850234
COL4A2–SDC4,cellchat,False,COL4A2,ligand,3,26,0.5149936138340281,0.17246972377760766,1.572669323702513,3,0.24100283141517811,0.029040329727625415,3.0100513737125816
COL4A2–SDC4,cellchat,False,SDC4,receptor,3,26,0.11475547823202571,0.19394805062709647,-0.7520092567131542,1,0.1966382365216712,0.1560445150517537,0.33168853193850234
COL4A1–SDC1,cellchat,False,COL4A1,ligand,3,26,0.5582672181658058,0.15114755594736518,1.8780666092168468,3,0.21270819729839915,0.0345230351994999,2.588815486686446
COL4A1–SDC1,cellchat,False,SDC1,receptor,3,26,0.020309814403936755,0.17619153440268348,-3.055719745316145,0,0.03666355724484495,0.16164956316854126,-2.1105257766533962
LAMB2–CD44,cellchat,False,LAMB2,ligand,3,26,0.20115689540546244,0.10500617661990613,0.931327085412274,3,0.1640384519460652,0.023795436354035124,2.734655674515621
LAMB2–CD44,cellchat,False,CD44,receptor,3,26,0.7452025380399107,0.8648850624376702,-0.2146082671906051,1,0.7236513036550849,0.8249138245951156,-0.188704310554977
LAMB1–CD44,cellchat,False,LAMB1,ligand,3,26,0.27680019107675474,0.0964675084233901,1.5110543214935654,3,0.27680019107675474,0.0183940119955483,3.840364405132853
LAMB1–CD44,cellchat,False,CD44,receptor,3,26,0.7452025380399107,0.8648850624376702,-0.2146082671906051,1,0.7236513036550849,0.8249138245951156,-0.188704310554977
CDH1–CDH1,cellchat,False,CDH1,ligand,3,26,0.030020525194723258,0.0987785047535294,-1.685505937565741,1,0.11840781605057812,0.09869454223388631,0.2603108421327991
CDH1–CDH1,cellchat,False,CDH1,receptor,3,26,0.030020525194723258,0.0987785047535294,-1.685505937565741,1,0.11840781605057812,0.09869454223388631,0.2603108421327991
TNXB–SDC4,cellchat,False,TNXB,ligand,3,26,0.27944688244997784,0.043249000932669104,2.6640107585127284,3,0.27944688244997784,0.003543859944598101,5.947665368021829
TNXB–SDC4,cellchat,False,SDC4,receptor,3,26,0.11475547823202571,0.19394805062709647,-0.7520092567131542,1,0.1966382365216712,0.1560445150517537,0.33168853193850234
PDGFA–PDGFRB,cellchat,False,PDGFA,ligand,3,26,0.07671387040993878,0.046109587273851754,0.7221514218983358,3,0.11774004766098148,0.09730762561166921,0.272431363055063
PDGFA–PDGFRB,cellchat,False,PDGFRB,receptor,3,26,0.12216057095333704,0.04491975450991209,1.4233536262193063,3,0.09738624251910434,0.014733276657989482,2.64463743376201
CSF1–CSF1R,cellchat,False,CSF1,ligand,3,26,0.11253131544955228,0.10332895222805444,0.12195071799376804,3,0.11253131544955228,0.026781050535718155,2.0309172316068365
CSF1–CSF1R,cellchat,False,CSF1R,receptor,3,26,0.13021104261072114,0.05594293108700865,1.2043004795084697,3,0.17056158144136377,0.013350614688748342,3.579542080613045
GRN–SORT1,cellchat,False,GRN,ligand,3,26,0.7706549682114138,0.46911488695582115,0.7149425497003464,3,0.7706549682114138,0.20218489200477424,1.925162783038547
GRN–SORT1,cellchat,False,SORT1,receptor,3,26,0.0760353086112344,0.04822458924640858,0.6461406792434314,3,0.0760353086112344,0.02568495283040493,1.5294933857289033
COL9A2–CD44,cellchat,False,COL9A2,ligand,3,26,0.015393544028196985,0.04243379553726265,-1.4056902544074856,0,0.03847539680603021,0.09487163194518008,-1.280150222254238
COL9A2–CD44,cellchat,False,CD44,receptor,3,26,0.7452025380399107,0.8648850624376702,-0.2146082671906051,1,0.7236513036550849,0.8249138245951156,-0.188704310554977
THBS3–CD47,cellchat,False,THBS3,ligand,3,26,0.0741443891724861,0.021784896639292284,1.7215875600631065,3,0.0741443891724861,0.012511385297336336,2.4754897869412127
THBS3–CD47,cellchat,False,CD47,receptor,3,26,0.42935504933818935,0.41008619689654086,0.06608646488360573,3,0.41109975671275567,0.39360800535071283,0.06257338782273977
LAMB2–DAG1,cellchat,False,LAMB2,ligand,3,26,0.20115689540546244,0.10500617661990613,0.931327085412274,3,0.1640384519460652,0.023795436354035124,2.734655674515621
LAMB2–DAG1,cellchat,False,DAG1,receptor,3,26,0.11154640319220638,0.05958708716582059,0.8934376990795866,3,0.13162369783139416,0.04773858055427857,1.444202445847913
LAMB3–DAG1,cellchat,False,LAMB3,ligand,3,26,0.03339253682414655,0.12784315445263206,-1.9054484482348704,0,0.07798817668996806,0.12056177563526455,-0.621981027965892
LAMB3–DAG1,cellchat,False,DAG1,receptor,3,26,0.11154640319220638,0.05958708716582059,0.8934376990795866,3,0.13162369783139416,0.04773858055427857,1.444202445847913
CD46–JAG1,cellchat,False,CD46,ligand,3,26,0.4346949497696982,0.33992736477701563,0.35385398770598603,3,0.47192621807470214,0.39779738227084366,0.2459591842798309
CD46–JAG1,cellchat,False,JAG1,receptor,3,26,0.183763341813945,0.11258196433575288,0.7019447778710312,2,0.183763341813945,0.10425529655785674,0.8117857124971416
ITGB2–ICAM1,cellchat,False,ITGB2,ligand,3,26,0.4833553447122203,0.30318259481965604,0.6711282563423316,3,0.4833553447122203,0.2486079383720719,0.9564020439717987
ITGB2–ICAM1,cellchat,False,ICAM1,receptor,3,26,0.2986693259732515,0.4035358318259044,-0.4328960775101073,1,0.23746352631871315,0.13674919380939574,0.7917247434467729
MPZL1–MPZL1,cellchat,False,MPZL1,ligand,3,26,0.24593906049578065,0.11292243515098552,1.1161031680356284,3,0.24593906049578065,0.08463151548266569,1.5279412949153741
MPZL1–MPZL1,cellchat,False,MPZL1,receptor,3,26,0.24593906049578065,0.11292243515098552,1.1161031680356284,3,0.24593906049578065,0.08463151548266569,1.5279412949153741
PECAM1–PECAM1,cellchat,False,PECAM1,ligand,3,26,0.40173107094031224,0.17512851579826733,1.1931882761008674,3,0.26364016478016855,0.09942718995720132,1.397882116190574
PECAM1–PECAM1,cellchat,False,PECAM1,receptor,3,26,0.40173107094031224,0.17512851579826733,1.1931882761008674,3,0.26364016478016855,0.09942718995720132,1.397882116190574
SEMA4A–PLXNB2,cellchat,False,SEMA4A,ligand,3,26,0.10787182073375254,0.09995452394028276,0.10892502828897312,2,0.15450268325026467,0.1127375612875648,0.4512306986703783
SEMA4A–PLXNB2,cellchat,False,PLXNB2,receptor,3,26,0.22537614367095604,0.16078327015189253,0.48465950199584734,2,0.2308093988699027,0.09319233993093712,1.299257418152406
TGFB1–TGFBR2,prespec,False,TGFB1,ligand,3,26,0.3970156198048961,0.4006218328492608,-0.013012649494921988,1,0.39543343102765277,0.4052237413755041,-0.03519592970549081
TGFB1–TGFBR2,prespec,False,TGFBR2,receptor,3,26,0.49000029670714856,0.27042817421646526,0.8551534162223943,3,0.48729052429117914,0.30985987526052383,0.6514753709674905
COL1A2–SDC1,cellchat,False,COL1A2,ligand,3,26,0.8086798221164958,0.23405731424864962,1.784338951444512,3,0.7575066445198294,0.02977029512675459,4.623551632385588
COL1A2–SDC1,cellchat,False,SDC1,receptor,3,26,0.020309814403936755,0.17619153440268348,-3.055719745316145,0,0.03666355724484495,0.16164956316854126,-2.1105257766533962
FN1–SDC4,cellchat,False,FN1,ligand,3,26,0.5386741002550718,0.0733982197810266,2.85874844624296,3,0.3621557906836019,0.012987248492949705,4.698404489460276
FN1–SDC4,cellchat,False,SDC4,receptor,3,26,0.11475547823202571,0.19394805062709647,-0.7520092567131542,1,0.1966382365216712,0.1560445150517537,0.33168853193850234
COL6A3–SDC4,cellchat,False,COL6A3,ligand,3,26,0.1741840291994078,0.0974855798335312,0.830886849330575,2,0.08942320991915502,0.01279660822762133,2.7123794956098726
COL6A3–SDC4,cellchat,False,SDC4,receptor,3,26,0.11475547823202571,0.19394805062709647,-0.7520092567131542,1,0.1966382365216712,0.1560445150517537,0.33168853193850234
COL4A2–SDC1,cellchat,False,COL4A2,ligand,3,26,0.5149936138340281,0.17246972377760766,1.572669323702513,3,0.24100283141517811,0.029040329727625415,3.0100513737125816
COL4A2–SDC1,cellchat,False,SDC1,receptor,3,26,0.020309814403936755,0.17619153440268348,-3.055719745316145,0,0.03666355724484495,0.16164956316854126,-2.1105257766533962
COL6A3–CD44,cellchat,False,COL6A3,ligand,3,26,0.1741840291994078,0.0974855798335312,0.830886849330575,2,0.08942320991915502,0.01279660822762133,2.7123794956098726
COL6A3–CD44,cellchat,False,CD44,receptor,3,26,0.7452025380399107,0.8648850624376702,-0.2146082671906051,1,0.7236513036550849,0.8249138245951156,-0.188704310554977
COL4A1–CD44,cellchat,False,COL4A1,ligand,3,26,0.5582672181658058,0.15114755594736518,1.8780666092168468,3,0.21270819729839915,0.0345230351994999,2.588815486686446
COL4A1–CD44,cellchat,False,CD44,receptor,3,26,0.7452025380399107,0.8648850624376702,-0.2146082671906051,1,0.7236513036550849,0.8249138245951156,-0.188704310554977
COL4A2–CD44,cellchat,False,COL4A2,ligand,3,26,0.5149936138340281,0.17246972377760766,1.572669323702513,3,0.24100283141517811,0.029040329727625415,3.0100513737125816
COL4A2–CD44,cellchat,False,CD44,receptor,3,26,0.7452025380399107,0.8648850624376702,-0.2146082671906051,1,0.7236513036550849,0.8249138245951156,-0.188704310554977
THBS1–SDC4,cellchat,False,THBS1,ligand,3,26,0.21830843275994818,0.2193529940224268,-0.006855212201565545,1,0.21830843275994818,0.046198266097022996,2.2161555210210393
THBS1–SDC4,cellchat,False,SDC4,receptor,3,26,0.11475547823202571,0.19394805062709647,-0.7520092567131542,1,0.1966382365216712,0.1560445150517537,0.33168853193850234
LAMA5–CD44,cellchat,False,LAMA5,ligand,3,26,0.1304670888961518,0.06073967734387409,1.0904318360145981,3,0.07844711816393213,0.01168199848888918,2.647212778670838
LAMA5–CD44,cellchat,False,CD44,receptor,3,26,0.7452025380399107,0.8648850624376702,-0.2146082671906051,1,0.7236513036550849,0.8249138245951156,-0.188704310554977
LAMB3–CD44,cellchat,False,LAMB3,ligand,3,26,0.03339253682414655,0.12784315445263206,-1.9054484482348704,0,0.07798817668996806,0.12056177563526455,-0.621981027965892
LAMB3–CD44,cellchat,False,CD44,receptor,3,26,0.7452025380399107,0.8648850624376702,-0.2146082671906051,1,0.7236513036550849,0.8249138245951156,-0.188704310554977
SEMA4C–PLXNB2,cellchat,False,SEMA4C,ligand,3,26,0.06304793460282222,0.02645356455528508,1.2221585676519255,3,0.07209987644768757,0.02444544130382643,1.5224617553655315
SEMA4C–PLXNB2,cellchat,False,PLXNB2,receptor,3,26,0.22537614367095604,0.16078327015189253,0.48465950199584734,2,0.2308093988699027,0.09319233993093712,1.299257418152406
IL34–CSF1R,cellchat,False,IL34,ligand,3,26,0.015006910946216727,0.013261172728248295,0.1666022970994976,2,0.006865292067743616,0.002622681547166858,1.118442348449768
IL34–CSF1R,cellchat,False,CSF1R,receptor,3,26,0.13021104261072114,0.05594293108700865,1.2043004795084697,3,0.17056158144136377,0.013350614688748342,3.579542080613045
MDK–SDC2,cellchat,False,MDK,ligand,3,26,0.36604469979494386,0.26215367139013135,0.480050246719449,3,0.3187693554202142,0.09748584185566775,1.699043441703372
MDK–SDC2,cellchat,False,SDC2,receptor,3,26,0.14074661710559805,0.09748275456501544,0.525371284813176,2,0.14074661710559805,0.010630331269464461,3.60735020939593
PTN–SDC1,cellchat,False,PTN,ligand,3,26,0.07000852642603299,0.02955003110284065,1.2168184193490332,2,0.07000852642603299,0.005644883521292725,3.4176764524784673
PTN–SDC1,cellchat,False,SDC1,receptor,3,26,0.020309814403936755,0.17619153440268348,-3.055719745316145,0,0.03666355724484495,0.16164956316854126,-2.1105257766533962
PTN–SDC4,cellchat,False,PTN,ligand,3,26,0.07000852642603299,0.02955003110284065,1.2168184193490332,2,0.07000852642603299,0.005644883521292725,3.4176764524784673
PTN–SDC4,cellchat,False,SDC4,receptor,3,26,0.11475547823202571,0.19394805062709647,-0.7520092567131542,1,0.1966382365216712,0.1560445150517537,0.33168853193850234
PTN–NCL,cellchat,False,PTN,ligand,3,26,0.07000852642603299,0.02955003110284065,1.2168184193490332,2,0.07000852642603299,0.005644883521292725,3.4176764524784673
PTN–NCL,cellchat,False,NCL,receptor,3,26,1.4056308567534854,1.097415381658239,0.3568200371289991,3,1.5515127017687274,1.6991327537608085,-0.13104233086810696
PRSS3–F2R,cellchat,False,PRSS3,ligand,3,26,0.0047769060811991585,0.07418211753299978,-3.702020604829611,0,0.03125511125849188,0.04882940267931447,-0.6274694869000796
PRSS3–F2R,cellchat,False,F2R,receptor,3,26,0.17696723662181327,0.1293530942458307,0.4491868395071583,2,0.12076664284448593,0.15105102499894157,-0.32043657109397
GZMA–F2R,cellchat,False,GZMA,ligand,3,26,0.35483364461575545,0.4182802157509105,-0.23671183038404872,1,0.35483364461575545,0.48705372369288646,-0.455837038593211
GZMA–F2R,cellchat,False,F2R,receptor,3,26,0.17696723662181327,0.1293530942458307,0.4491868395071583,2,0.12076664284448593,0.15105102499894157,-0.32043657109397
LGALS9–CD44,cellchat,False,LGALS9,ligand,3,26,0.2682118237356469,0.22487355204401746,0.25322642148656566,2,0.21587112529064661,0.15421392997046737,0.48257994137777394
LGALS9–CD44,cellchat,False,CD44,receptor,3,26,0.7452025380399107,0.8648850624376702,-0.2146082671906051,1,0.7236513036550849,0.8249138245951156,-0.188704310554977
LAMA2–CD44,cellchat,False,LAMA2,ligand,3,26,0.034660096246359816,0.01628085995518287,1.0451355840243444,2,0.034660096246359816,0.005481561790532955,2.459897206351913
LAMA2–CD44,cellchat,False,CD44,receptor,3,26,0.7452025380399107,0.8648850624376702,-0.2146082671906051,1,0.7236513036550849,0.8249138245951156,-0.188704310554977
COL9A2–SDC1,cellchat,False,COL9A2,ligand,3,26,0.015393544028196985,0.04243379553726265,-1.4056902544074856,0,0.03847539680603021,0.09487163194518008,-1.280150222254238
COL9A2–SDC1,cellchat,False,SDC1,receptor,3,26,0.020309814403936755,0.17619153440268348,-3.055719745316145,0,0.03666355724484495,0.16164956316854126,-2.1105257766533962
TNXB–SDC1,cellchat,False,TNXB,ligand,3,26,0.27944688244997784,0.043249000932669104,2.6640107585127284,3,0.27944688244997784,0.003543859944598101,5.947665368021829
TNXB–SDC1,cellchat,False,SDC1,receptor,3,26,0.020309814403936755,0.17619153440268348,-3.055719745316145,0,0.03666355724484495,0.16164956316854126,-2.1105257766533962
AGRN–DAG1,cellchat,False,AGRN,ligand,3,26,0.17754681099345365,0.08022058839936907,1.1363849823633658,3,0.17754681099345365,0.034801831957452456,2.3181970500257556
AGRN–DAG1,cellchat,False,DAG1,receptor,3,26,0.11154640319220638,0.05958708716582059,0.8934376990795866,3,0.13162369783139416,0.04773858055427857,1.444202445847913
HSPG2–DAG1,cellchat,False,HSPG2,ligand,3,26,0.43577366322135713,0.18448542475674118,1.2355800407030164,3,0.2717029857996028,0.06844067023794655,1.9734777184892645
HSPG2–DAG1,cellchat,False,DAG1,receptor,3,26,0.11154640319220638,0.05958708716582059,0.8934376990795866,3,0.13162369783139416,0.04773858055427857,1.444202445847913
LAMA3–DAG1,cellchat,False,LAMA3,ligand,3,26,0.06463190803185301,0.08172747753805679,-0.33396921796339707,0,0.06463190803185301,0.08818391182525703,-0.4423861058611436
LAMA3–DAG1,cellchat,False,DAG1,receptor,3,26,0.11154640319220638,0.05958708716582059,0.8934376990795866,3,0.13162369783139416,0.04773858055427857,1.444202445847913
LAMA4–DAG1,cellchat,False,LAMA4,ligand,3,26,0.42037830378514685,0.1140072714010495,1.8733909543174576,3,0.42037830378514685,0.016541142789679403,4.5863013873549185
LAMA4–DAG1,cellchat,False,DAG1,receptor,3,26,0.11154640319220638,0.05958708716582059,0.8934376990795866,3,0.13162369783139416,0.04773858055427857,1.444202445847913
LAMC2–DAG1,cellchat,False,LAMC2,ligand,3,26,0.018498447131866495,0.042637535980444036,-1.1622104098799657,1,0.045242604407131196,0.032773631855588264,0.45332532520518437
LAMC2–DAG1,cellchat,False,DAG1,receptor,3,26,0.11154640319220638,0.05958708716582059,0.8934376990795866,3,0.13162369783139416,0.04773858055427857,1.444202445847913
ADGRE5–CD55,cellchat,False,ADGRE5,ligand,3,26,0.5589275628501651,0.5014801714290058,0.15617353288500022,2,0.37869442022702915,0.4578629306175245,-0.2732244648085768
ADGRE5–CD55,cellchat,False,CD55,receptor,3,26,0.6498753009213563,0.7711033891907868,-0.24641287716924665,0,0.6498753009213563,0.7005533773738752,-0.10817170620419465
ICAM1–ITGAL,cellchat,False,ICAM1,ligand,3,26,0.2986693259732515,0.4035358318259044,-0.4328960775101073,1,0.23746352631871315,0.13674919380939574,0.7917247434467729
ICAM1–ITGAL,cellchat,False,ITGAL,receptor,3,26,0.1411489437500387,0.14874054475247794,-0.07506152907435895,1,0.1411489437500387,0.21371939977439164,-0.5950491647677902
JAG1–NOTCH1,cellchat,False,JAG1,ligand,3,26,0.183763341813945,0.11258196433575288,0.7019447778710312,2,0.183763341813945,0.10425529655785674,0.8117857124971416
JAG1–NOTCH1,cellchat,False,NOTCH1,receptor,3,26,0.12737474905012508,0.06306100060095707,1.0028432187532206,3,0.0798818023249242,0.050998072900593786,0.6373569892537715
JAG1–NOTCH3,cellchat,False,JAG1,ligand,3,26,0.183763341813945,0.11258196433575288,0.7019447778710312,2,0.183763341813945,0.10425529655785674,0.8117857124971416
JAG1–NOTCH3,cellchat,False,NOTCH3,receptor,3,26,0.09920276314376501,0.03925121302179757,1.3158181256985935,3,0.07186766740423467,0.010763084903484023,2.6310123479550485
JAG2–NOTCH1,cellchat,False,JAG2,ligand,3,26,0.0577830288172299,0.02415114071560011,1.224775862175215,3,0.04171245029204704,0.009871080859744048,1.9741612758873164
JAG2–NOTCH1,cellchat,False,NOTCH1,receptor,3,26,0.12737474905012508,0.06306100060095707,1.0028432187532206,3,0.0798818023249242,0.050998072900593786,0.6373569892537715
TGFB1–TGFBR1,prespec,False,TGFB1,ligand,3,26,0.3970156198048961,0.4006218328492608,-0.013012649494921988,1,0.39543343102765277,0.4052237413755041,-0.03519592970549081
TGFB1–TGFBR1,prespec,False,TGFBR1,receptor,3,26,0.07918817363535913,0.05783192864470792,0.4467901480176953,2,0.11707348571224571,0.0744487898694618,0.6461153665777011
COL1A2–SDC4,cellchat,False,COL1A2,ligand,3,26,0.8086798221164958,0.23405731424864962,1.784338951444512,3,0.7575066445198294,0.02977029512675459,4.623551632385588
COL1A2–SDC4,cellchat,False,SDC4,receptor,3,26,0.11475547823202571,0.19394805062709647,-0.7520092567131542,1,0.1966382365216712,0.1560445150517537,0.33168853193850234
COL1A1–SDC4,cellchat,False,COL1A1,ligand,3,26,0.9876932412491121,0.22566110059099406,2.12498615187016,3,0.8669735828024114,0.04442029592485162,4.256242123498162
COL1A1–SDC4,cellchat,False,SDC4,receptor,3,26,0.11475547823202571,0.19394805062709647,-0.7520092567131542,1,0.1966382365216712,0.1560445150517537,0.33168853193850234
COL1A1–SDC1,cellchat,False,COL1A1,ligand,3,26,0.9876932412491121,0.22566110059099406,2.12498615187016,3,0.8669735828024114,0.04442029592485162,4.256242123498162
COL1A1–SDC1,cellchat,False,SDC1,receptor,3,26,0.020309814403936755,0.17619153440268348,-3.055719745316145,0,0.03666355724484495,0.16164956316854126,-2.1105257766533962
FN1–CD44,cellchat,False,FN1,ligand,3,26,0.5386741002550718,0.0733982197810266,2.85874844624296,3,0.3621557906836019,0.012987248492949705,4.698404489460276
FN1–CD44,cellchat,False,CD44,receptor,3,26,0.7452025380399107,0.8648850624376702,-0.2146082671906051,1,0.7236513036550849,0.8249138245951156,-0.188704310554977
COL6A3–SDC1,cellchat,False,COL6A3,ligand,3,26,0.1741840291994078,0.0974855798335312,0.830886849330575,2,0.08942320991915502,0.01279660822762133,2.7123794956098726
COL6A3–SDC1,cellchat,False,SDC1,receptor,3,26,0.020309814403936755,0.17619153440268348,-3.055719745316145,0,0.03666355724484495,0.16164956316854126,-2.1105257766533962
THBS1–SDC1,cellchat,False,THBS1,ligand,3,26,0.21830843275994818,0.2193529940224268,-0.006855212201565545,1,0.21830843275994818,0.046198266097022996,2.2161555210210393
THBS1–SDC1,cellchat,False,SDC1,receptor,3,26,0.020309814403936755,0.17619153440268348,-3.055719745316145,0,0.03666355724484495,0.16164956316854126,-2.1105257766533962
THBS2–SDC4,cellchat,False,THBS2,ligand,3,26,0.16441368425194997,0.012502705566666036,3.6147581726083167,3,0.16441368425194997,0.0,7.369934779699832
THBS2–SDC4,cellchat,False,SDC4,receptor,3,26,0.11475547823202571,0.19394805062709647,-0.7520092567131542,1,0.1966382365216712,0.1560445150517537,0.33168853193850234
THBS1–CD47,cellchat,False,THBS1,ligand,3,26,0.21830843275994818,0.2193529940224268,-0.006855212201565545,1,0.21830843275994818,0.046198266097022996,2.2161555210210393
THBS1–CD47,cellchat,False,CD47,receptor,3,26,0.42935504933818935,0.41008619689654086,0.06608646488360573,3,0.41109975671275567,0.39360800535071283,0.06257338782273977
GDF15–TGFBR2,cellchat,False,GDF15,ligand,3,26,0.04054190996374239,0.11348930049434149,-1.462573325405591,0,0.03720674989523575,0.029282589745080488,0.3353389494329316
GDF15–TGFBR2,cellchat,False,TGFBR2,receptor,3,26,0.49000029670714856,0.27042817421646526,0.8551534162223943,3,0.48729052429117914,0.30985987526052383,0.6514753709674905
PDGFB–PDGFRB,cellchat,False,PDGFB,ligand,3,26,0.0848237101513129,0.025363920872029495,1.7028113244769993,3,0.0848237101513129,0.011340137644655097,2.7980177832917614
PDGFB–PDGFRB,cellchat,False,PDGFRB,receptor,3,26,0.12216057095333704,0.04491975450991209,1.4233536262193063,3,0.09738624251910434,0.014733276657989482,2.64463743376201
PDGFC–PDGFRA,cellchat,False,PDGFC,ligand,3,26,0.024663889092315778,0.015856808214097635,0.6064084200708765,2,0.06899387417292735,0.0072015753930414666,3.093255703287532
PDGFC–PDGFRA,cellchat,False,PDGFRA,receptor,3,26,0.09551297158317171,0.06832736015371119,0.4772980305600767,2,0.09551297158317171,0.0006483990011433244,5.871585457575513
IL16–CD4,cellchat,False,IL16,ligand,3,26,0.11392178199596699,0.1599275470509941,-0.4857590341952948,1,0.11392178199596699,0.1736080219575445,-0.6034675729203051
IL16–CD4,cellchat,False,CD4,receptor,3,26,0.13820454592558984,0.11016353171315013,0.32452274982675555,3,0.11127158502326873,0.0443649599220987,1.3073425508722791
TNFSF14–TNFRSF14,cellchat,False,TNFSF14,ligand,3,26,0.1489524374364093,0.08872734793933226,0.7408852976622445,3,0.24789332208500095,0.10548838866109005,1.2248313930496706
TNFSF14–TNFRSF14,cellchat,False,TNFRSF14,receptor,3,26,0.404739648898923,0.35634383951179227,0.1832413727569811,2,0.2373659048391931,0.334604423927945,-0.4935838417835215
SPP1–CD44,prespec,False,SPP1,ligand,3,26,0.12910275944673194,0.04120658187732173,1.6241116598712355,3,0.13411829662996222,0.00274832433481657,5.171833443952115
SPP1–CD44,prespec,False,CD44,receptor,3,26,0.7452025380399107,0.8648850624376702,-0.2146082671906051,1,0.7236513036550849,0.8249138245951156,-0.188704310554977
NAMPT–INSR,cellchat,False,NAMPT,ligand,3,26,0.8435775859674651,0.5937205390603684,0.5060180593402879,2,0.8435775859674651,0.5479384296336058,0.6215856184606959
NAMPT–INSR,cellchat,False,INSR,receptor,3,26,0.07037980382061311,0.07222895702991669,-0.03689831196432714,1,0.09687634429429855,0.1239939216596961,-0.3528258171312127
ANGPTL2–TLR4,cellchat,False,ANGPTL2,ligand,3,26,0.07737076029284316,0.04441561921510992,0.7871269424283927,3,0.06419373977585476,0.003323277616388333,3.9145360503996374
ANGPTL2–TLR4,cellchat,False,TLR4,receptor,3,26,0.09387384665411162,0.019866889836226604,2.184794856313994,3,0.09387384665411162,0.019728980781497308,2.194361259680862
C3–C3AR1,prespec,False,C3,ligand,3,26,0.8757328379991284,0.045412607303491045,4.23954863444111,3,1.2537631899902193,0.013740593166162695,6.411476721360738
C3–C3AR1,prespec,False,C3AR1,receptor,3,26,0.10186061441018461,0.05695237703709254,0.8277509336879945,2,0.12066450119226775,0.03562009001960708,1.7322010426619168
SEMA3C–PLXND1,cellchat,False,SEMA3C,ligand,3,26,0.22168270663414893,0.02441066484904647,3.1314834959795506,3,0.3827014637205596,0.020973293940226404,4.1261612079632135
SEMA3C–PLXND1,cellchat,False,PLXND1,receptor,3,26,0.23122773832944332,0.09548492012568843,1.2671649218806962,3,0.10505806760177086,0.05651761081174144,0.8827787127292994
GAS6–AXL,cellchat,False,GAS6,ligand,3,26,0.4106547699326146,0.15379741539922925,1.4110535595172233,3,0.2846566212062027,0.07369312534833271,1.9352345998065712
GAS6–AXL,cellchat,False,AXL,receptor,3,26,0.09852204178153638,0.037713376274338704,1.362183950357428,3,0.15899049321551284,0.018769221297766633,3.0166582312923285
LGALS9–PTPRC,cellchat,False,LGALS9,ligand,3,26,0.2682118237356469,0.22487355204401746,0.25322642148656566,2,0.21587112529064661,0.15421392997046737,0.48257994137777394
LGALS9–PTPRC,cellchat,False,PTPRC,receptor,3,26,0.9274527013467391,0.8448937645248338,0.13435192885990985,2,0.9274527013467391,1.30945913190118,-0.4971720411731791
RARRES2–CMKLR1,cellchat,False,RARRES2,ligand,3,26,0.7257574657198401,0.1627683598783597,2.1498173321659744,3,0.9728920200260516,0.026079302951859083,5.168499314711052
RARRES2–CMKLR1,cellchat,False,CMKLR1,receptor,3,26,0.031386481799836594,0.013342051344963248,1.1751403665526579,3,0.031386481799836594,0.003092191288527477,2.9844462639439953
LGALS9–HAVCR2,cellchat,False,LGALS9,ligand,3,26,0.2682118237356469,0.22487355204401746,0.25322642148656566,2,0.21587112529064661,0.15421392997046737,0.48257994137777394
LGALS9–HAVCR2,cellchat,False,HAVCR2,receptor,3,26,0.06849391822033464,0.08986435517721911,-0.3868277306969734,1,0.12435091793634988,0.05993805706574635,1.0405571536383578
LAMA3–CD44,cellchat,False,LAMA3,ligand,3,26,0.06463190803185301,0.08172747753805679,-0.33396921796339707,0,0.06463190803185301,0.08818391182525703,-0.4423861058611436
LAMA3–CD44,cellchat,False,CD44,receptor,3,26,0.7452025380399107,0.8648850624376702,-0.2146082671906051,1,0.7236513036550849,0.8249138245951156,-0.188704310554977
LAMC2–CD44,cellchat,False,LAMC2,ligand,3,26,0.018498447131866495,0.042637535980444036,-1.1622104098799657,1,0.045242604407131196,0.032773631855588264,0.45332532520518437
LAMC2–CD44,cellchat,False,CD44,receptor,3,26,0.7452025380399107,0.8648850624376702,-0.2146082671906051,1,0.7236513036550849,0.8249138245951156,-0.188704310554977
TNC–SDC1,cellchat,False,TNC,ligand,3,26,0.03365913708216592,0.02652131201249956,0.3326864870766631,2,0.020274957555451813,0.006058357435147535,1.591751858527037
TNC–SDC1,cellchat,False,SDC1,receptor,3,26,0.020309814403936755,0.17619153440268348,-3.055719745316145,0,0.03666355724484495,0.16164956316854126,-2.1105257766533962
TNC–SDC4,cellchat,False,TNC,ligand,3,26,0.03365913708216592,0.02652131201249956,0.3326864870766631,2,0.020274957555451813,0.006058357435147535,1.591751858527037
TNC–SDC4,cellchat,False,SDC4,receptor,3,26,0.11475547823202571,0.19394805062709647,-0.7520092567131542,1,0.1966382365216712,0.1560445150517537,0.33168853193850234
LAMA2–DAG1,cellchat,False,LAMA2,ligand,3,26,0.034660096246359816,0.01628085995518287,1.0451355840243444,2,0.034660096246359816,0.005481561790532955,2.459897206351913
LAMA2–DAG1,cellchat,False,DAG1,receptor,3,26,0.11154640319220638,0.05958708716582059,0.8934376990795866,3,0.13162369783139416,0.04773858055427857,1.444202445847913
LAMA5–DAG1,cellchat,False,LAMA5,ligand,3,26,0.1304670888961518,0.06073967734387409,1.0904318360145981,3,0.07844711816393213,0.01168199848888918,2.647212778670838
LAMA5–DAG1,cellchat,False,DAG1,receptor,3,26,0.11154640319220638,0.05958708716582059,0.8934376990795866,3,0.13162369783139416,0.04773858055427857,1.444202445847913
LAMB1–DAG1,cellchat,False,LAMB1,ligand,3,26,0.27680019107675474,0.0964675084233901,1.5110543214935654,3,0.27680019107675474,0.0183940119955483,3.840364405132853
LAMB1–DAG1,cellchat,False,DAG1,receptor,3,26,0.11154640319220638,0.05958708716582059,0.8934376990795866,3,0.13162369783139416,0.04773858055427857,1.444202445847913
LAMC1–DAG1,cellchat,False,LAMC1,ligand,3,26,0.18574271480932086,0.10277489692823352,0.8475944627956332,3,0.1692964631196027,0.025424652874173576,2.688092047081843
LAMC1–DAG1,cellchat,False,DAG1,receptor,3,26,0.11154640319220638,0.05958708716582059,0.8934376990795866,3,0.13162369783139416,0.04773858055427857,1.444202445847913
ALCAM–CD6,cellchat,False,ALCAM,ligand,3,26,0.04758600681048546,0.0815721949364003,-0.7651151904629347,1,0.169618289693047,0.09437890587530098,0.8390301686038444
ALCAM–CD6,cellchat,False,CD6,receptor,3,26,0.1337375494235724,0.1878968778550028,-0.4874468913597494,1,0.11639652882467388,0.18215641372656052,-0.6416864703376045
CADM1–CADM1,cellchat,False,CADM1,ligand,3,26,0.047024022072133756,0.04861938090627159,-0.04714749889943744,1,0.07518103438156525,0.04310449311485461,0.7885062400287096
CADM1–CADM1,cellchat,False,CADM1,receptor,3,26,0.047024022072133756,0.04861938090627159,-0.04714749889943744,1,0.07518103438156525,0.04310449311485461,0.7885062400287096
PTPRC–MRC1,cellchat,False,PTPRC,ligand,3,26,0.9274527013467391,0.8448937645248338,0.13435192885990985,2,0.9274527013467391,1.30945913190118,-0.4971720411731791
PTPRC–MRC1,cellchat,False,MRC1,receptor,3,26,0.04776225897421701,0.03447721789198527,0.45887208364885235,3,0.04776225897421701,0.022020826448839043,1.0828253349801498
EFNB1–EPHB2,cellchat,False,EFNB1,ligand,3,26,0.09439431366172717,0.061131438016085976,0.6185798260381723,3,0.07877970988991788,0.03543856263935592,1.130555825722071
EFNB1–EPHB2,cellchat,False,EPHB2,receptor,3,26,0.03463660383192991,0.013491605026811907,1.2981424642454615,3,0.08490691010781756,0.0020111880499840097,4.834369469409967
EFNB2–EPHB2,cellchat,False,EFNB2,ligand,3,26,0.14506492378918825,0.116643549283032,0.3121875533447833,2,0.2223776743302521,0.17900831591174723,0.3114214448368791
EFNB2–EPHB2,cellchat,False,EPHB2,receptor,3,26,0.03463660383192991,0.013491605026811907,1.2981424642454615,3,0.08490691010781756,0.0020111880499840097,4.834369469409967
ICAM1–SPN,cellchat,False,ICAM1,ligand,3,26,0.2986693259732515,0.4035358318259044,-0.4328960775101073,1,0.23746352631871315,0.13674919380939574,0.7917247434467729
ICAM1–SPN,cellchat,False,SPN,receptor,3,26,0.1202268149251597,0.11810211100027129,0.025509868768811575,2,0.1202268149251597,0.16044027621889578,-0.4132916950201023
JAM3–F11R,cellchat,False,JAM3,ligand,3,26,0.07553127984602954,0.031036353862140938,1.2563395659604404,3,0.05716901235874471,0.018828068461446155,1.5527066639119844
JAM3–F11R,cellchat,False,F11R,receptor,3,26,0.12349781279706644,0.10141186110919145,0.2817375822775366,2,0.09946459563178081,0.057382221921580365,0.7830861526199767
HLA-A–CD8A,cellchat,False,HLA-A,ligand,3,26,2.3571449956689663,2.541342287251343,-0.10850585181315629,1,2.2835115904369694,2.3884156543331083,-0.06477207971671728
HLA-A–CD8A,cellchat,False,CD8A,receptor,3,26,0.22244530458628678,0.35275210316662897,-0.6628169965587163,1,0.22244530458628678,0.41330359114148985,-0.8907665968220849
HLA-B–CD8A,cellchat,False,HLA-B,ligand,3,26,2.543433676701545,2.8129342028737954,-0.1452440085281418,1,2.2674317332414753,2.5056373187013246,-0.14405802654761943
HLA-B–CD8A,cellchat,False,CD8A,receptor,3,26,0.22244530458628678,0.35275210316662897,-0.6628169965587163,1,0.22244530458628678,0.41330359114148985,-0.8907665968220849
HLA-C–CD8A,cellchat,False,HLA-C,ligand,3,26,2.228267473604016,2.500101547353329,-0.16599390816724913,1,2.1715754818063986,2.443389860203447,-0.1700681000999715
HLA-C–CD8A,cellchat,False,CD8A,receptor,3,26,0.22244530458628678,0.35275210316662897,-0.6628169965587163,1,0.22244530458628678,0.41330359114148985,-0.8907665968220849
HLA-E–CD8A,cellchat,False,HLA-E,ligand,3,26,2.1160686405561915,1.6203652842518843,0.3848588874636183,3,1.75292740999232,1.9139957476024188,-0.1267521485142537
HLA-E–CD8A,cellchat,False,CD8A,receptor,3,26,0.22244530458628678,0.35275210316662897,-0.6628169965587163,1,0.22244530458628678,0.41330359114148985,-0.8907665968220849
HLA-F–CD8A,cellchat,False,HLA-F,ligand,3,26,0.6049813302561294,0.4691536412725805,0.366141054807048,3,0.6049813302561294,0.8696839061125547,-0.5228757103005015
HLA-F–CD8A,cellchat,False,CD8A,receptor,3,26,0.22244530458628678,0.35275210316662897,-0.6628169965587163,1,0.22244530458628678,0.41330359114148985,-0.8907665968220849
HLA-E–CD8B,cellchat,False,HLA-E,ligand,3,26,2.1160686405561915,1.6203652842518843,0.3848588874636183,3,1.75292740999232,1.9139957476024188,-0.1267521485142537
HLA-E–CD8B,cellchat,False,CD8B,receptor,3,26,0.1233104699135659,0.18671585611480504,-0.5946027069721742,1,0.1233104699135659,0.23724361794895168,-0.9384897569311773
HLA-E–KLRK1,cellchat,False,HLA-E,ligand,3,26,2.1160686405561915,1.6203652842518843,0.3848588874636183,3,1.75292740999232,1.9139957476024188,-0.1267521485142537
HLA-E–KLRK1,cellchat,False,KLRK1,receptor,3,26,0.022929284839604786,0.02238540212406722,0.033169043690089585,2,0.011083808466285539,0.013364922056144864,-0.24947494284512037
HLA-DPA1–CD4,cellchat,False,HLA-DPA1,ligand,3,26,1.052877543045327,0.6299696432420092,0.7400647384166688,3,0.7616764568717169,0.5601263886073855,0.4427454044103309
HLA-DPA1–CD4,cellchat,False,CD4,receptor,3,26,0.13820454592558984,0.11016353171315013,0.32452274982675555,3,0.11127158502326873,0.0443649599220987,1.3073425508722791
HLA-DPB1–CD4,cellchat,False,HLA-DPB1,ligand,3,26,0.9583214370309313,0.6588427162503001,0.5398921191572069,3,0.8848330834279586,0.662036242739009,0.41794714615169737
HLA-DPB1–CD4,cellchat,False,CD4,receptor,3,26,0.13820454592558984,0.11016353171315013,0.32452274982675555,3,0.11127158502326873,0.0443649599220987,1.3073425508722791
HLA-DQA1–CD4,cellchat,False,HLA-DQA1,ligand,3,26,0.4584933488970491,0.4474218563008187,0.035187381333720215,2,0.4453070326867004,0.33732477864536675,0.39962769717630875
HLA-DQA1–CD4,cellchat,False,CD4,receptor,3,26,0.13820454592558984,0.11016353171315013,0.32452274982675555,3,0.11127158502326873,0.0443649599220987,1.3073425508722791
HLA-DMA–CD4,cellchat,False,HLA-DMA,ligand,3,26,0.4431171663296318,0.35533192956594956,0.3177185727001808,3,0.4431171663296318,0.2515462017519565,0.8143929923816019
HLA-DMA–CD4,cellchat,False,CD4,receptor,3,26,0.13820454592558984,0.11016353171315013,0.32452274982675555,3,0.11127158502326873,0.0443649599220987,1.3073425508722791
HLA-DMB–CD4,cellchat,False,HLA-DMB,ligand,3,26,0.19638576880318895,0.11862158365635464,0.7225402550315603,3,0.2635765620564653,0.12327225263851765,1.090181054693283
HLA-DMB–CD4,cellchat,False,CD4,receptor,3,26,0.13820454592558984,0.11016353171315013,0.32452274982675555,3,0.11127158502326873,0.0443649599220987,1.3073425508722791
HLA-DQA2–CD4,cellchat,False,HLA-DQA2,ligand,3,26,0.026072082260902334,0.051259035388001736,-0.9488746378992857,1,0.25747690800765927,0.23402192512196193,0.13724004615185117
HLA-DQA2–CD4,cellchat,False,CD4,receptor,3,26,0.13820454592558984,0.11016353171315013,0.32452274982675555,3,0.11127158502326873,0.0443649599220987,1.3073425508722791
HLA-DOA–CD4,cellchat,False,HLA-DOA,ligand,3,26,0.07193457787756938,0.034608666453050545,1.034374542742876,3,0.07193457787756938,0.024101273954443232,1.5388423638980715
HLA-DOA–CD4,cellchat,False,CD4,receptor,3,26,0.13820454592558984,0.11016353171315013,0.32452274982675555,3,0.11127158502326873,0.0443649599220987,1.3073425508722791
HLA-DQB1–CD4,cellchat,False,HLA-DQB1,ligand,3,26,0.49369139999375955,0.3617064215653519,0.44772653120942046,3,0.46543527910085464,0.30209418939187,0.6219107172041564
HLA-DQB1–CD4,cellchat,False,CD4,receptor,3,26,0.13820454592558984,0.11016353171315013,0.32452274982675555,3,0.11127158502326873,0.0443649599220987,1.3073425508722791
HLA-DRA–CD4,cellchat,False,HLA-DRA,ligand,3,26,1.2140064809870401,0.8116993053659951,0.5801704430886425,3,1.2140064809870401,0.6762277243568301,0.8432510687337913
HLA-DRA–CD4,cellchat,False,CD4,receptor,3,26,0.13820454592558984,0.11016353171315013,0.32452274982675555,3,0.11127158502326873,0.0443649599220987,1.3073425508722791
HLA-DRB1–CD4,cellchat,False,HLA-DRB1,ligand,3,26,1.1698348158467713,0.9340011128814505,0.3244975640808603,3,1.1698348158467713,0.7197116703527021,0.700043439411436
HLA-DRB1–CD4,cellchat,False,CD4,receptor,3,26,0.13820454592558984,0.11016353171315013,0.32452274982675555,3,0.11127158502326873,0.0443649599220987,1.3073425508722791
HLA-DRB5–CD4,cellchat,False,HLA-DRB5,ligand,3,26,0.3386145859090249,0.2526531199937429,0.42104151561996467,2,0.031576490945280394,0.01458689598845928,1.0634975539651297
HLA-DRB5–CD4,cellchat,False,CD4,receptor,3,26,0.13820454592558984,0.11016353171315013,0.32452274982675555,3,0.11127158502326873,0.0443649599220987,1.3073425508722791
NECTIN3–NECTIN2,cellchat,False,NECTIN3,ligand,3,26,0.01902659250826982,0.029196487754711013,-0.5924637852158645,1,0.09118821064903815,0.0620041703394028,0.5491349396646911
NECTIN3–NECTIN2,cellchat,False,NECTIN2,receptor,3,26,0.3352572804982189,0.22456678654041154,0.5760108500978427,3,0.3352572804982189,0.05662994784741543,2.544674885358979
DLL1–NOTCH1,cellchat,False,DLL1,ligand,3,26,0.024155775773396008,0.034918259512221286,-0.5138277619704343,1,0.016040536395403093,0.011495830364243531,0.44752397529483523
DLL1–NOTCH1,cellchat,False,NOTCH1,receptor,3,26,0.12737474905012508,0.06306100060095707,1.0028432187532206,3,0.0798818023249242,0.050998072900593786,0.6373569892537715
DLL1–NOTCH3,cellchat,False,DLL1,ligand,3,26,0.024155775773396008,0.034918259512221286,-0.5138277619704343,1,0.016040536395403093,0.011495830364243531,0.44752397529483523
DLL1–NOTCH3,cellchat,False,NOTCH3,receptor,3,26,0.09920276314376501,0.03925121302179757,1.3158181256985935,3,0.07186766740423467,0.010763084903484023,2.6310123479550485
DLL4–NOTCH1,cellchat,False,DLL4,ligand,3,26,0.06616227322785563,0.0375930374825107,0.7993104653930732,2,0.01881140524170095,0.018992076608502256,-0.013097119293512852
DLL4–NOTCH1,cellchat,False,NOTCH1,receptor,3,26,0.12737474905012508,0.06306100060095707,1.0028432187532206,3,0.0798818023249242,0.050998072900593786,0.6373569892537715
JAG1–NOTCH2,cellchat,False,JAG1,ligand,3,26,0.183763341813945,0.11258196433575288,0.7019447778710312,2,0.183763341813945,0.10425529655785674,0.8117857124971416
JAG1–NOTCH2,cellchat,False,NOTCH2,receptor,3,26,0.16791327287648866,0.07810707971173195,1.0944039767518285,3,0.16791327287648866,0.0458555250093483,1.8499916171155664
SELL–PODXL,cellchat,False,SELL,ligand,3,26,0.10203237006110065,0.0986872564459207,0.04761667134986095,2,0.10203237006110065,0.10735900860615993,-0.07272143380050863
SELL–PODXL,cellchat,False,PODXL,receptor,3,26,0.19590921526806623,0.051227198333466034,1.9146574111152133,3,0.23998203403687834,0.006870257978745698,4.936370856291095
SEMA4A–PLXNB1,cellchat,False,SEMA4A,ligand,3,26,0.10787182073375254,0.09995452394028276,0.10892502828897312,2,0.15450268325026467,0.1127375612875648,0.4512306986703783
SEMA4A–PLXNB1,cellchat,False,PLXNB1,receptor,3,26,0.035696366852393455,0.03837519846369693,-0.10164995998614924,1,0.07882036694493706,0.029276253465425943,1.3985702210367612
SEMA4D–PLXNB1,cellchat,False,SEMA4D,ligand,3,26,0.16476747325703175,0.18356785015983684,-0.1549903217888747,1,0.16476747325703175,0.24838024497999925,-0.58918623420777
SEMA4D–PLXNB1,cellchat,False,PLXNB1,receptor,3,26,0.035696366852393455,0.03837519846369693,-0.10164995998614924,1,0.07882036694493706,0.029276253465425943,1.3985702210367612
TIGIT–NECTIN2,cellchat,False,TIGIT,ligand,3,26,0.06695027123445285,0.159263121201976,-1.2378912643992803,0,0.0650419987910447,0.2208041128091162,-1.747830427117494
TIGIT–NECTIN2,cellchat,False,NECTIN2,receptor,3,26,0.3352572804982189,0.22456678654041154,0.5760108500978427,3,0.3352572804982189,0.05662994784741543,2.544674885358979
COL1A2–CD44,cellchat,False,COL1A2,ligand,3,26,0.8086798221164958,0.23405731424864962,1.784338951444512,3,0.7575066445198294,0.02977029512675459,4.623551632385588
COL1A2–CD44,cellchat,False,CD44,receptor,3,26,0.7452025380399107,0.8648850624376702,-0.2146082671906051,1,0.7236513036550849,0.8249138245951156,-0.188704310554977
COL1A1–CD44,cellchat,False,COL1A1,ligand,3,26,0.9876932412491121,0.22566110059099406,2.12498615187016,3,0.8669735828024114,0.04442029592485162,4.256242123498162
COL1A1–CD44,cellchat,False,CD44,receptor,3,26,0.7452025380399107,0.8648850624376702,-0.2146082671906051,1,0.7236513036550849,0.8249138245951156,-0.188704310554977
THBS2–SDC1,cellchat,False,THBS2,ligand,3,26,0.16441368425194997,0.012502705566666036,3.6147581726083167,3,0.16441368425194997,0.0,7.369934779699832
THBS2–SDC1,cellchat,False,SDC1,receptor,3,26,0.020309814403936755,0.17619153440268348,-3.055719745316145,0,0.03666355724484495,0.16164956316854126,-2.1105257766533962
WNT5A–FZD1,cellchat,False,WNT5A,ligand,3,26,0.013738116766959692,0.019605309300450305,-0.48346393068462157,1,0.05742366387236485,0.002761983868961848,3.9569872676377367
WNT5A–FZD1,cellchat,False,FZD1,receptor,3,26,0.05241911294046075,0.020103924882819816,1.339844684679572,3,0.05793401670848592,0.011004173904579482,2.295564473367173
WNT5A–FZD2,cellchat,False,WNT5A,ligand,3,26,0.013738116766959692,0.019605309300450305,-0.48346393068462157,1,0.05742366387236485,0.002761983868961848,3.9569872676377367
WNT5A–FZD2,cellchat,False,FZD2,receptor,3,26,0.009711883576579847,0.005730734965057972,0.6703762315913036,2,0.03366604216871406,0.007355592843018316,2.052709034454537
WNT5A–FZD4,cellchat,False,WNT5A,ligand,3,26,0.013738116766959692,0.019605309300450305,-0.48346393068462157,1,0.05742366387236485,0.002761983868961848,3.9569872676377367
WNT5A–FZD4,cellchat,False,FZD4,receptor,3,26,0.11844966812396591,0.03274477106049742,1.823666974457591,3,0.07420110199110175,0.0040388433104125284,3.8995893036172324
WNT5A–FZD5,cellchat,False,WNT5A,ligand,3,26,0.013738116766959692,0.019605309300450305,-0.48346393068462157,1,0.05742366387236485,0.002761983868961848,3.9569872676377367
WNT5A–FZD5,cellchat,False,FZD5,receptor,3,26,0.018450241369236276,0.031497311763190705,-0.7405323221604788,0,0.0218128590972865,0.046777672051696625,-1.066489292231652
WNT5A–FZD6,cellchat,False,WNT5A,ligand,3,26,0.013738116766959692,0.019605309300450305,-0.48346393068462157,1,0.05742366387236485,0.002761983868961848,3.9569872676377367
WNT5A–FZD6,cellchat,False,FZD6,receptor,3,26,0.07262013008316304,0.025131384180509052,1.4943167525972627,3,0.07262013008316304,0.0212429277182145,1.7267536040645444
WNT5A–FZD7,cellchat,False,WNT5A,ligand,3,26,0.013738116766959692,0.019605309300450305,-0.48346393068462157,1,0.05742366387236485,0.002761983868961848,3.9569872676377367
WNT5A–FZD7,cellchat,False,FZD7,receptor,3,26,0.05398268513799911,0.01456922269894129,1.8202804451611652,3,0.0539841469232798,0.022075642893477427,1.2526448772165668
WNT5A–FZD8,cellchat,False,WNT5A,ligand,3,26,0.013738116766959692,0.019605309300450305,-0.48346393068462157,1,0.05742366387236485,0.002761983868961848,3.9569872676377367
WNT5A–FZD8,cellchat,False,FZD8,receptor,3,26,0.014232553133401988,0.007880962130471292,0.7783698863176457,3,0.02488150354198547,0.018703219520688836,0.39349004429905227
WNT5A–MCAM,cellchat,False,WNT5A,ligand,3,26,0.013738116766959692,0.019605309300450305,-0.48346393068462157,1,0.05742366387236485,0.002761983868961848,3.9569872676377367
WNT5A–MCAM,cellchat,False,MCAM,receptor,3,26,0.2084026744005346,0.08608985779835449,1.265703245718603,3,0.16379364758875808,0.05605143048662943,1.5303256653737063
WNT5B–FZD1,cellchat,False,WNT5B,ligand,3,26,0.009517807010483102,0.014742382820730551,-0.5818199982141381,0,0.010231535056965963,0.019897803086748395,-0.895796164894995
WNT5B–FZD1,cellchat,False,FZD1,receptor,3,26,0.05241911294046075,0.020103924882819816,1.339844684679572,3,0.05793401670848592,0.011004173904579482,2.295564473367173
WNT5B–FZD2,cellchat,False,WNT5B,ligand,3,26,0.009517807010483102,0.014742382820730551,-0.5818199982141381,0,0.010231535056965963,0.019897803086748395,-0.895796164894995
WNT5B–FZD2,cellchat,False,FZD2,receptor,3,26,0.009711883576579847,0.005730734965057972,0.6703762315913036,2,0.03366604216871406,0.007355592843018316,2.052709034454537
WNT5B–FZD4,cellchat,False,WNT5B,ligand,3,26,0.009517807010483102,0.014742382820730551,-0.5818199982141381,0,0.010231535056965963,0.019897803086748395,-0.895796164894995
WNT5B–FZD4,cellchat,False,FZD4,receptor,3,26,0.11844966812396591,0.03274477106049742,1.823666974457591,3,0.07420110199110175,0.0040388433104125284,3.8995893036172324
WNT5B–FZD5,cellchat,False,WNT5B,ligand,3,26,0.009517807010483102,0.014742382820730551,-0.5818199982141381,0,0.010231535056965963,0.019897803086748395,-0.895796164894995
WNT5B–FZD5,cellchat,False,FZD5,receptor,3,26,0.018450241369236276,0.031497311763190705,-0.7405323221604788,0,0.0218128590972865,0.046777672051696625,-1.066489292231652
WNT5B–FZD6,cellchat,False,WNT5B,ligand,3,26,0.009517807010483102,0.014742382820730551,-0.5818199982141381,0,0.010231535056965963,0.019897803086748395,-0.895796164894995
WNT5B–FZD6,cellchat,False,FZD6,receptor,3,26,0.07262013008316304,0.025131384180509052,1.4943167525972627,3,0.07262013008316304,0.0212429277182145,1.7267536040645444
WNT5B–FZD7,cellchat,False,WNT5B,ligand,3,26,0.009517807010483102,0.014742382820730551,-0.5818199982141381,0,0.010231535056965963,0.019897803086748395,-0.895796164894995
WNT5B–FZD7,cellchat,False,FZD7,receptor,3,26,0.05398268513799911,0.01456922269894129,1.8202804451611652,3,0.0539841469232798,0.022075642893477427,1.2526448772165668
WNT5B–FZD8,cellchat,False,WNT5B,ligand,3,26,0.009517807010483102,0.014742382820730551,-0.5818199982141381,0,0.010231535056965963,0.019897803086748395,-0.895796164894995
WNT5B–FZD8,cellchat,False,FZD8,receptor,3,26,0.014232553133401988,0.007880962130471292,0.7783698863176457,3,0.02488150354198547,0.018703219520688836,0.39349004429905227
TGFA–EGFR,cellchat,False,TGFA,ligand,3,26,0.011442655804749282,0.02039297328459619,-0.7818425559065829,0,0.005605416343996063,0.010285788902824451,-0.7727858662600506
TGFA–EGFR,cellchat,False,EGFR,receptor,3,26,0.11233439609826468,0.032944518920411836,1.73933523026685,3,0.12849917950572476,0.015082894963904685,3.0093439332122394
HBEGF–EGFR,cellchat,False,HBEGF,ligand,3,26,0.310954860521659,0.22095823672558892,0.49104904089090284,2,0.33278567308301155,0.13523634908498705,1.292810353204676
HBEGF–EGFR,cellchat,False,EGFR,receptor,3,26,0.11233439609826468,0.032944518920411836,1.73933523026685,3,0.12849917950572476,0.015082894963904685,3.0093439332122394
FGF2–FGFR1,cellchat,False,FGF2,ligand,3,26,0.028983026446590284,0.005535974358888062,2.1976717855360284,2,0.039332861273049635,0.0044270047548186356,2.8937276785049995
FGF2–FGFR1,cellchat,False,FGFR1,receptor,3,26,0.24862125999498744,0.04138910578589827,2.557975374704731,3,0.2877830141458001,0.03169945827734207,3.142647246896112
FGF2–FGFR2,cellchat,False,FGF2,ligand,3,26,0.028983026446590284,0.005535974358888062,2.1976717855360284,2,0.039332861273049635,0.0044270047548186356,2.8937276785049995
FGF2–FGFR2,cellchat,False,FGFR2,receptor,3,26,0.014401390914198117,0.01692987379163797,-0.21930468515399051,1,0.029793638515410767,0.016774180149020778,0.7928493277492934
FGF7–FGFR1,cellchat,False,FGF7,ligand,3,26,0.12216438083958332,0.018220654048211604,2.679855754023351,3,0.12216438083958332,0.002383323981363402,5.185999944693775
FGF7–FGFR1,cellchat,False,FGFR1,receptor,3,26,0.24862125999498744,0.04138910578589827,2.557975374704731,3,0.2877830141458001,0.03169945827734207,3.142647246896112
FGF7–FGFR2,cellchat,False,FGF7,ligand,3,26,0.12216438083958332,0.018220654048211604,2.679855754023351,3,0.12216438083958332,0.002383323981363402,5.185999944693775
FGF7–FGFR2,cellchat,False,FGFR2,receptor,3,26,0.014401390914198117,0.01692987379163797,-0.21930468515399051,1,0.029793638515410767,0.016774180149020778,0.7928493277492934
PDGFA–PDGFRA,cellchat,False,PDGFA,ligand,3,26,0.07671387040993878,0.046109587273851754,0.7221514218983358,3,0.11774004766098148,0.09730762561166921,0.272431363055063
PDGFA–PDGFRA,cellchat,False,PDGFRA,receptor,3,26,0.09551297158317171,0.06832736015371119,0.4772980305600767,2,0.09551297158317171,0.0006483990011433244,5.871585457575513
PDGFB–PDGFRA,cellchat,False,PDGFB,ligand,3,26,0.0848237101513129,0.025363920872029495,1.7028113244769993,3,0.0848237101513129,0.011340137644655097,2.7980177832917614
PDGFB–PDGFRA,cellchat,False,PDGFRA,receptor,3,26,0.09551297158317171,0.06832736015371119,0.4772980305600767,2,0.09551297158317171,0.0006483990011433244,5.871585457575513
PDGFD–PDGFRB,cellchat,False,PDGFD,ligand,3,26,0.09572571737574759,0.043893906341502885,1.1073798890429156,3,0.09572571737574759,0.020238101339030895,2.187244726908947
PDGFD–PDGFRB,cellchat,False,PDGFRB,receptor,3,26,0.12216057095333704,0.04491975450991209,1.4233536262193063,3,0.09738624251910434,0.014733276657989482,2.64463743376201
VEGFA–FLT1,cellchat,False,VEGFA,ligand,3,26,0.09180573381134866,0.15696945226202696,-0.7673597534469814,1,0.2531754976753324,0.242462976601125,0.06212256389397639
VEGFA–FLT1,cellchat,False,FLT1,receptor,3,26,0.10663160840918312,0.06580484981938031,0.6880770728372041,3,0.10286759883015364,0.01595094885058313,2.615307742859237
VEGFA–KDR,cellchat,False,VEGFA,ligand,3,26,0.09180573381134866,0.15696945226202696,-0.7673597534469814,1,0.2531754976753324,0.242462976601125,0.06212256389397639
VEGFA–KDR,cellchat,False,KDR,receptor,3,26,0.1673957585105322,0.03313304160451333,2.3026149165774585,3,0.23610989423595935,0.006484704913862281,4.9854666164892825
VEGFB–FLT1,cellchat,False,VEGFB,ligand,3,26,0.05905733307754729,0.04125469218360618,0.5072288568571126,3,0.3588026295768147,0.18439679886433685,0.9565893963755006
VEGFB–FLT1,cellchat,False,FLT1,receptor,3,26,0.10663160840918312,0.06580484981938031,0.6880770728372041,3,0.10286759883015364,0.01595094885058313,2.615307742859237
VEGFC–FLT4,cellchat,False,VEGFC,ligand,3,26,0.027430557834276087,0.0070219253521834335,1.8254219599597725,3,0.030794268278340402,0.00013398669734035435,4.809291085237758
VEGFC–FLT4,cellchat,False,FLT4,receptor,3,26,0.07490093728868404,0.010765951317220492,2.6894997292801546,3,0.01557464930911311,0.000898434425581983,3.1260962733821276
PGF–FLT1,cellchat,False,PGF,ligand,3,26,0.1262643898002254,0.046225673306994904,1.430185520530878,3,0.13928756989533417,0.020542191229787524,2.7031502748106395
PGF–FLT1,cellchat,False,FLT1,receptor,3,26,0.10663160840918312,0.06580484981938031,0.6880770728372041,3,0.10286759883015364,0.01595094885058313,2.615307742859237
IGF1–IGF1R,cellchat,False,IGF1,ligand,3,26,0.2392656717003792,0.036477904649016575,2.68051833531241,3,0.2392656717003792,0.06254040336461801,1.9188843824341306
IGF1–IGF1R,cellchat,False,IGF1R,receptor,3,26,0.06124521575657507,0.03176660454488742,0.9257367734758034,3,0.08332573212000269,0.039981137088426405,1.0410129240152264
CCL5–CCR1,cellchat,False,CCL5,ligand,3,26,0.8093350452320629,0.8512067573076907,-0.07268495561510514,1,0.8093350452320629,1.3503126032309363,-0.7377710158196376
CCL5–CCR1,cellchat,False,CCR1,receptor,3,26,0.04462978239989784,0.027133235336423728,0.69770030099135,3,0.05686676579391025,0.025414126062296857,1.1314253356483601
CCL3–CCR1,cellchat,False,CCL3,ligand,3,26,0.26670739511546776,0.32016347734335604,-0.2626508467898496,1,0.42196029511115957,0.20986506787783735,1.0042021218461024
CCL3–CCR1,cellchat,False,CCR1,receptor,3,26,0.04462978239989784,0.027133235336423728,0.69770030099135,3,0.05686676579391025,0.025414126062296857,1.1314253356483601
CCL3L1–CCR1,cellchat,False,CCL3L1,ligand,3,26,0.12397880192653052,0.139892879376942,-0.1729152854418917,1,0.2216627033341628,0.07699656916793556,1.5133773519348215
CCL3L1–CCR1,cellchat,False,CCR1,receptor,3,26,0.04462978239989784,0.027133235336423728,0.69770030099135,3,0.05686676579391025,0.025414126062296857,1.1314253356483601
CCL14–CCR1,cellchat,False,CCL14,ligand,3,26,0.28241279861663643,0.01877166177544662,3.841398872874723,3,0.060128289843570756,0.0021613628773610527,4.273221656332246
CCL14–CCR1,cellchat,False,CCR1,receptor,3,26,0.04462978239989784,0.027133235336423728,0.69770030099135,3,0.05686676579391025,0.025414126062296857,1.1314253356483601
CCL15–CCR1,cellchat,False,CCL15,ligand,3,26,0.0022548035478827107,0.004136074013621198,-0.6580955242161476,1,0.010443494658161462,0.002654956899307463,1.6466013965691315
CCL15–CCR1,cellchat,False,CCR1,receptor,3,26,0.04462978239989784,0.027133235336423728,0.69770030099135,3,0.05686676579391025,0.025414126062296857,1.1314253356483601
CCL2–CCR2,prespec,False,CCL2,ligand,3,26,0.18275755742345923,0.1356151368984534,0.4276862426205329,3,0.1458694321312626,0.002986711686323209,5.203191074118235
CCL2–CCR2,prespec,False,CCR2,receptor,3,26,0.01887188883324256,0.012439454777048586,0.5642543971553793,3,0.018692045896722256,0.009792619441825958,0.8675679480319195
CCL4–CCR5,cellchat,False,CCL4,ligand,3,26,0.8183460910633485,0.9567335898762339,-0.22515142753354675,1,0.8183460910633485,0.9690274396259572,-0.24355258436153035
CCL4–CCR5,cellchat,False,CCR5,receptor,3,26,0.05428452534700166,0.0372937615043392,0.5297663335801134,2,0.06924937185809221,0.05745074902781655,0.2652638128317833
CCL5–CCR5,cellchat,False,CCL5,ligand,3,26,0.8093350452320629,0.8512067573076907,-0.07268495561510514,1,0.8093350452320629,1.3503126032309363,-0.7377710158196376
CCL5–CCR5,cellchat,False,CCR5,receptor,3,26,0.05428452534700166,0.0372937615043392,0.5297663335801134,2,0.06924937185809221,0.05745074902781655,0.2652638128317833
CCL3–CCR5,cellchat,False,CCL3,ligand,3,26,0.26670739511546776,0.32016347734335604,-0.2626508467898496,1,0.42196029511115957,0.20986506787783735,1.0042021218461024
CCL3–CCR5,cellchat,False,CCR5,receptor,3,26,0.05428452534700166,0.0372937615043392,0.5297663335801134,2,0.06924937185809221,0.05745074902781655,0.2652638128317833
CCL20–CCR6,cellchat,False,CCL20,ligand,3,26,0.09030870239397903,0.2239676735136471,-1.300893438461058,0,0.15522279055103877,0.11374880039843949,0.4451258647373994
CCL20–CCR6,cellchat,False,CCR6,receptor,3,26,0.06987707999834965,0.10353760775810995,-0.5606309761870258,0,0.06987707999834965,0.09018328503307863,-0.363450216873896
CCL19–CCR7,cellchat,False,CCL19,ligand,3,26,0.010741451845170318,0.006875278874718374,0.576207893139095,2,0.010741451845170318,0.0050749879432762995,0.9506573599303997
CCL19–CCR7,cellchat,False,CCR7,receptor,3,26,0.08351644429169215,0.1353731022958766,-0.6902551430717805,1,0.08351644429169215,0.12988569556878715,-0.6310034567406191
CCL21–CCR7,cellchat,False,CCL21,ligand,3,26,0.007562982062480076,0.0016770899054396288,1.6774477131357368,3,0.0037111735956826663,0.0,2.236086492909311
CCL21–CCR7,cellchat,False,CCR7,receptor,3,26,0.08351644429169215,0.1353731022958766,-0.6902551430717805,1,0.08351644429169215,0.12988569556878715,-0.6310034567406191
CCL2–ACKR1,cellchat,False,CCL2,ligand,3,26,0.18275755742345923,0.1356151368984534,0.4276862426205329,3,0.1458694321312626,0.002986711686323209,5.203191074118235
CCL2–ACKR1,cellchat,False,ACKR1,receptor,3,26,0.1639019032594029,0.01968143752360993,2.995199677146399,3,0.1639019032594029,0.0009392172229697042,6.409989822760219
CCL5–ACKR1,cellchat,False,CCL5,ligand,3,26,0.8093350452320629,0.8512067573076907,-0.07268495561510514,1,0.8093350452320629,1.3503126032309363,-0.7377710158196376
CCL5–ACKR1,cellchat,False,ACKR1,receptor,3,26,0.1639019032594029,0.01968143752360993,2.995199677146399,3,0.1639019032594029,0.0009392172229697042,6.409989822760219
CCL14–ACKR1,cellchat,False,CCL14,ligand,3,26,0.28241279861663643,0.01877166177544662,3.841398872874723,3,0.060128289843570756,0.0021613628773610527,4.273221656332246
CCL14–ACKR1,cellchat,False,ACKR1,receptor,3,26,0.1639019032594029,0.01968143752360993,2.995199677146399,3,0.1639019032594029,0.0009392172229697042,6.409989822760219
CCL18–ACKR1,cellchat,False,CCL18,ligand,3,26,0.009684131193776941,0.027464294553362942,-1.4136837485522076,0,0.009684131193776941,0.005508169572243465,0.715145850046493
CCL18–ACKR1,cellchat,False,ACKR1,receptor,3,26,0.1639019032594029,0.01968143752360993,2.995199677146399,3,0.1639019032594029,0.0009392172229697042,6.409989822760219
CXCL1–ACKR1,cellchat,False,CXCL1,ligand,3,26,0.24058043935846027,0.1335446824387289,0.844418272144773,2,0.24058043935846027,0.06479262433642898,1.8765058799128682
CXCL1–ACKR1,cellchat,False,ACKR1,receptor,3,26,0.1639019032594029,0.01968143752360993,2.995199677146399,3,0.1639019032594029,0.0009392172229697042,6.409989822760219
CXCL2–ACKR1,cellchat,False,CXCL2,ligand,3,26,0.37486375675063893,0.3370707071760108,0.15288479156600965,2,0.37486375675063893,0.11052654869113769,1.7528226260196418
CXCL2–ACKR1,cellchat,False,ACKR1,receptor,3,26,0.1639019032594029,0.01968143752360993,2.995199677146399,3,0.1639019032594029,0.0009392172229697042,6.409989822760219
CXCL3–ACKR1,cellchat,False,CXCL3,ligand,3,26,0.2356426142764729,0.360311608688791,-0.6105337126845772,0,0.2356426142764729,0.13733808015449211,0.7745115555508726
CXCL3–ACKR1,cellchat,False,ACKR1,receptor,3,26,0.1639019032594029,0.01968143752360993,2.995199677146399,3,0.1639019032594029,0.0009392172229697042,6.409989822760219
CXCL8–ACKR1,cellchat,False,CXCL8,ligand,3,26,0.3060082661953824,0.3293284721291908,-0.10562382507990295,1,0.44440752441809217,0.20820291611123823,1.0902229685903837
CXCL8–ACKR1,cellchat,False,ACKR1,receptor,3,26,0.1639019032594029,0.01968143752360993,2.995199677146399,3,0.1639019032594029,0.0009392172229697042,6.409989822760219
CXCL10–ACKR1,cellchat,False,CXCL10,ligand,3,26,0.021316773187940143,0.035475611257485454,-0.7088037139546816,0,0.021316773187940143,0.010077128406045166,1.0105445101336799
CXCL10–ACKR1,cellchat,False,ACKR1,receptor,3,26,0.1639019032594029,0.01968143752360993,2.995199677146399,3,0.1639019032594029,0.0009392172229697042,6.409989822760219
CCL11–ACKR1,cellchat,False,CCL11,ligand,3,26,0.0011119303526706658,0.04406139918904425,-4.4152579476587315,0,0.0,0.0,0.0
CCL11–ACKR1,cellchat,False,ACKR1,receptor,3,26,0.1639019032594029,0.01968143752360993,2.995199677146399,3,0.1639019032594029,0.0009392172229697042,6.409989822760219
CXCL9–CXCR3,cellchat,False,CXCL9,ligand,3,26,0.0064745504419217925,0.018567487008070732,-1.3883997710925957,0,0.0064745504419217925,0.01339988627394114,-0.945998701832465
CXCL9–CXCR3,cellchat,False,CXCR3,receptor,3,26,0.07001029955156586,0.09262123029173669,-0.39880743115723183,1,0.051521252352227404,0.0468952936068084,0.1330174195985791
CXCL10–CXCR3,cellchat,False,CXCL10,ligand,3,26,0.021316773187940143,0.035475611257485454,-0.7088037139546816,0,0.021316773187940143,0.010077128406045166,1.0105445101336799
CXCL10–CXCR3,cellchat,False,CXCR3,receptor,3,26,0.07001029955156586,0.09262123029173669,-0.39880743115723183,1,0.051521252352227404,0.0468952936068084,0.1330174195985791
CXCL13–CXCR3,cellchat,False,CXCL13,ligand,3,26,0.0,0.01690789984784951,-4.162524249813107,0,0.0,0.0049008313866312336,-2.5609182346218904
CXCL13–CXCR3,cellchat,False,CXCR3,receptor,3,26,0.07001029955156586,0.09262123029173669,-0.39880743115723183,1,0.051521252352227404,0.0468952936068084,0.1330174195985791
CXCL12–CXCR4,cellchat,False,CXCL12,ligand,3,26,0.22262197150317378,0.05696565601576295,1.9477916658262635,3,0.22262197150317378,0.004951680815125788,5.231620976166642
CXCL12–CXCR4,cellchat,False,CXCR4,receptor,3,26,1.1528270392550564,1.0416677549216296,0.1461474599167661,2,1.1528270392550564,1.7769565088096995,-0.6237930567383935
CXCL12–ACKR3,cellchat,False,CXCL12,ligand,3,26,0.22262197150317378,0.05696565601576295,1.9477916658262635,3,0.22262197150317378,0.004951680815125788,5.231620976166642
CXCL12–ACKR3,cellchat,False,ACKR3,receptor,3,26,0.10633158719116545,0.03778890425115243,1.4683587902553963,3,0.10633158719116545,0.009276216295669982,3.3846936501889324
CXCL16–CXCR6,cellchat,False,CXCL16,ligand,3,26,0.18958088062844872,0.20421577524507445,-0.1067382442559703,1,0.24628698150420578,0.05266461098809803,2.2041433658750123
CXCL16–CXCR6,cellchat,False,CXCR6,receptor,3,26,0.07424699733529247,0.11776912507481868,-0.6584539268098459,0,0.07424699733529247,0.1244408470656838,-0.7373012880329275
MIF–ACKR3,cellchat,False,MIF,ligand,3,26,1.849361475644175,1.6380245741281017,0.17496964949022042,2,0.44109141232008814,0.2774665642992341,0.666840597607266
MIF–ACKR3,cellchat,False,ACKR3,receptor,3,26,0.10633158719116545,0.03778890425115243,1.4683587902553963,3,0.10633158719116545,0.009276216295669982,3.3846936501889324
TNFSF14–LTBR,cellchat,False,TNFSF14,ligand,3,26,0.1489524374364093,0.08872734793933226,0.7408852976622445,3,0.24789332208500095,0.10548838866109005,1.2248313930496706
TNFSF14–LTBR,cellchat,False,LTBR,receptor,3,26,0.21189375772864122,0.1347659643713009,0.6490117982461902,3,0.18485211502266438,0.07325637526237384,1.3235683077989693
TNFSF15–TNFRSF25,cellchat,False,TNFSF15,ligand,3,26,0.008816018860014634,0.03347392932373158,-1.8122958198021453,0,0.025366953558703102,0.007697913500861949,1.5999896250046837
TNFSF15–TNFRSF25,cellchat,False,TNFRSF25,receptor,3,26,0.07329491466169671,0.0924798903715344,-0.33139257764882646,1,0.07003122723059492,0.06679361833929018,0.06730393786384328
TNFSF12–TNFRSF12A,cellchat,False,TNFSF12,ligand,3,26,0.09922137878101259,0.052783132825665144,0.897964592048108,3,0.16572444255483898,0.0889546804518337,0.8901953716996184
TNFSF12–TNFRSF12A,cellchat,False,TNFRSF12A,receptor,3,26,0.27750454282048337,0.18825484861279446,0.5573705984480529,2,0.3303429024544473,0.0739805951061569,2.1437358352619302
ANGPTL2–LILRB3,cellchat,False,ANGPTL2,ligand,3,26,0.07737076029284316,0.04441561921510992,0.7871269424283927,3,0.06419373977585476,0.003323277616388333,3.9145360503996374
ANGPTL2–LILRB3,cellchat,False,LILRB3,receptor,3,26,0.061464353899355666,0.02244042610653084,1.4140343360930285,3,0.09688300497585459,0.020481640664482163,2.1879542087118877
PTN–SDC2,cellchat,False,PTN,ligand,3,26,0.07000852642603299,0.02955003110284065,1.2168184193490332,2,0.07000852642603299,0.005644883521292725,3.4176764524784673
PTN–SDC2,cellchat,False,SDC2,receptor,3,26,0.14074661710559805,0.09748275456501544,0.525371284813176,2,0.14074661710559805,0.010630331269464461,3.60735020939593
PTN–SDC3,cellchat,False,PTN,ligand,3,26,0.07000852642603299,0.02955003110284065,1.2168184193490332,2,0.07000852642603299,0.005644883521292725,3.4176764524784673
PTN–SDC3,cellchat,False,SDC3,receptor,3,26,0.05029547884124572,0.03038343174481123,0.7088285548941073,3,0.05029547884124572,0.00659422017270805,2.755857941495894
EDN1–EDNRA,cellchat,False,EDN1,ligand,3,26,0.10846509092438603,0.06595833037811691,0.7091353995448022,2,0.10846509092438603,0.03621291111272696,1.5565956990931393
EDN1–EDNRA,cellchat,False,EDNRA,receptor,3,26,0.062228824425932604,0.027682260532351687,1.1404236651210737,3,0.05180815905627394,0.0049203463843594895,3.1570073566937085
EDN1–EDNRB,cellchat,False,EDN1,ligand,3,26,0.10846509092438603,0.06595833037811691,0.7091353995448022,2,0.10846509092438603,0.03621291111272696,1.5565956990931393
EDN1–EDNRB,cellchat,False,EDNRB,receptor,3,26,0.04412296733955114,0.04565265113292784,-0.0480971233380764,1,0.013953716776046041,0.003055940435559143,1.8823957431345222
PRSS3–F2RL1,cellchat,False,PRSS3,ligand,3,26,0.0047769060811991585,0.07418211753299978,-3.702020604829611,0,0.03125511125849188,0.04882940267931447,-0.6274694869000796
PRSS3–F2RL1,cellchat,False,F2RL1,receptor,3,26,0.015092346060658499,0.04355495167494673,-1.4692111084297708,0,0.01831868335065591,0.023540533607764938,-0.34516984740624346
GZMA–F2RL1,cellchat,False,GZMA,ligand,3,26,0.35483364461575545,0.4182802157509105,-0.23671183038404872,1,0.35483364461575545,0.48705372369288646,-0.455837038593211
GZMA–F2RL1,cellchat,False,F2RL1,receptor,3,26,0.015092346060658499,0.04355495167494673,-1.4692111084297708,0,0.01831868335065591,0.023540533607764938,-0.34516984740624346
PRSS3–F2RL2,cellchat,False,PRSS3,ligand,3,26,0.0047769060811991585,0.07418211753299978,-3.702020604829611,0,0.03125511125849188,0.04882940267931447,-0.6274694869000796
PRSS3–F2RL2,cellchat,False,F2RL2,receptor,3,26,0.0024792874116204592,0.012495253146892468,-1.9555882745208804,0,0.0009507994766755687,0.00385742544248486,-1.316126361322538
GZMA–F2RL2,cellchat,False,GZMA,ligand,3,26,0.35483364461575545,0.4182802157509105,-0.23671183038404872,1,0.35483364461575545,0.48705372369288646,-0.455837038593211
GZMA–F2RL2,cellchat,False,F2RL2,receptor,3,26,0.0024792874116204592,0.012495253146892468,-1.9555882745208804,0,0.0009507994766755687,0.00385742544248486,-1.316126361322538
PRSS3–PARD3,cellchat,False,PRSS3,ligand,3,26,0.0047769060811991585,0.07418211753299978,-3.702020604829611,0,0.03125511125849188,0.04882940267931447,-0.6274694869000796
PRSS3–PARD3,cellchat,False,PARD3,receptor,3,26,0.049649325856871165,0.025196774704043908,0.9511538659778093,2,0.08190325035358681,0.03883559148520326,1.0573706695367546
GZMA–PARD3,cellchat,False,GZMA,ligand,3,26,0.35483364461575545,0.4182802157509105,-0.23671183038404872,1,0.35483364461575545,0.48705372369288646,-0.455837038593211
GZMA–PARD3,cellchat,False,PARD3,receptor,3,26,0.049649325856871165,0.025196774704043908,0.9511538659778093,2,0.08190325035358681,0.03883559148520326,1.0573706695367546
KITLG–KIT,cellchat,False,KITLG,ligand,3,26,0.10672613944528186,0.04598750036111841,1.1970194317927334,2,0.10992915927350952,0.02787365076451927,1.9418132102365304
KITLG–KIT,cellchat,False,KIT,receptor,3,26,0.01258647221079959,0.03441256630024428,-1.3820904952412827,0,0.007360123227294973,0.035850237402151555,-2.140077800956226
HGF–MET,cellchat,False,HGF,ligand,3,26,0.054338949104356535,0.020019247582151047,1.396584220564667,2,0.054338949104356535,0.005526284176206213,3.0839615335247355
HGF–MET,cellchat,False,MET,receptor,3,26,0.12060200374059743,0.0387762636318994,1.6121873328595837,2,0.13862368325221536,0.04954687703790336,1.4658498098914778
ADM–CALCRL,cellchat,False,ADM,ligand,3,26,0.15143769363341406,0.1551739418183879,-0.034934069124070384,1,0.12003742837385797,0.08548314717893046,0.48496231095273484
ADM–CALCRL,cellchat,False,CALCRL,receptor,3,26,0.22905096195331293,0.07260862733016471,1.6440067160683254,3,0.0966011418219535,0.010693875407905989,3.0611449004177493
ANXA1–FPR1,cellchat,False,ANXA1,ligand,3,26,1.6958655099602256,1.071451022723947,0.6619604609478075,3,1.6267922592823645,0.8158958006844715,0.9946926210037833
ANXA1–FPR1,cellchat,False,FPR1,receptor,3,26,0.08705656937800488,0.04248529451092925,1.0179030339554063,3,0.15242247430881264,0.03063983147604048,2.2776960128669272
GAS6–MERTK,cellchat,False,GAS6,ligand,3,26,0.4106547699326146,0.15379741539922925,1.4110535595172233,3,0.2846566212062027,0.07369312534833271,1.9352345998065712
GAS6–MERTK,cellchat,False,MERTK,receptor,3,26,0.04206668170675408,0.030359238928521593,0.45768162156455017,3,0.04206668170675408,0.01885886606093191,1.1167889205376083
GAS6–TYRO3,cellchat,False,GAS6,ligand,3,26,0.4106547699326146,0.15379741539922925,1.4110535595172233,3,0.2846566212062027,0.07369312534833271,1.9352345998065712
GAS6–TYRO3,cellchat,False,TYRO3,receptor,3,26,0.02504965188771192,0.009040546093808784,1.3754263553467398,3,0.03275422454535885,0.011868650925396605,1.391207257754922
PROS1–AXL,cellchat,False,PROS1,ligand,3,26,0.22406210538359317,0.04709390545827537,2.226397174929758,3,0.22406210538359317,0.006434447250194177,4.919953872468841
PROS1–AXL,cellchat,False,AXL,receptor,3,26,0.09852204178153638,0.037713376274338704,1.362183950357428,3,0.15899049321551284,0.018769221297766633,3.0166582312923285
PROS1–TYRO3,cellchat,False,PROS1,ligand,3,26,0.22406210538359317,0.04709390545827537,2.226397174929758,3,0.22406210538359317,0.006434447250194177,4.919953872468841
PROS1–TYRO3,cellchat,False,TYRO3,receptor,3,26,0.02504965188771192,0.009040546093808784,1.3754263553467398,3,0.03275422454535885,0.011868650925396605,1.391207257754922
COL4A5–CD44,cellchat,False,COL4A5,ligand,3,26,0.034174771501301,0.02581822004947442,0.39132756421542175,3,0.03486485625168474,0.003694155150391436,2.9336334169164435
COL4A5–CD44,cellchat,False,CD44,receptor,3,26,0.7452025380399107,0.8648850624376702,-0.2146082671906051,1,0.7236513036550849,0.8249138245951156,-0.188704310554977
COL4A5–SDC1,cellchat,False,COL4A5,ligand,3,26,0.034174771501301,0.02581822004947442,0.39132756421542175,3,0.03486485625168474,0.003694155150391436,2.9336334169164435
COL4A5–SDC1,cellchat,False,SDC1,receptor,3,26,0.020309814403936755,0.17619153440268348,-3.055719745316145,0,0.03666355724484495,0.16164956316854126,-2.1105257766533962
THBS4–SDC1,cellchat,False,THBS4,ligand,3,26,0.007146963241474828,0.001487229819489055,1.7117225804478926,3,0.007146963241474828,0.0,3.026262398866676
THBS4–SDC1,cellchat,False,SDC1,receptor,3,26,0.020309814403936755,0.17619153440268348,-3.055719745316145,0,0.03666355724484495,0.16164956316854126,-2.1105257766533962
COMP–SDC1,cellchat,False,COMP,ligand,3,26,0.003086689966024239,0.002668361270133455,0.1557970719876518,3,0.003086689966024239,0.0012167772429979476,0.8824689928419645
COMP–SDC1,cellchat,False,SDC1,receptor,3,26,0.020309814403936755,0.17619153440268348,-3.055719745316145,0,0.03666355724484495,0.16164956316854126,-2.1105257766533962
COL4A5–SDC4,cellchat,False,COL4A5,ligand,3,26,0.034174771501301,0.02581822004947442,0.39132756421542175,3,0.03486485625168474,0.003694155150391436,2.9336334169164435
COL4A5–SDC4,cellchat,False,SDC4,receptor,3,26,0.11475547823202571,0.19394805062709647,-0.7520092567131542,1,0.1966382365216712,0.1560445150517537,0.33168853193850234
COL9A2–SDC4,cellchat,False,COL9A2,ligand,3,26,0.015393544028196985,0.04243379553726265,-1.4056902544074856,0,0.03847539680603021,0.09487163194518008,-1.280150222254238
COL9A2–SDC4,cellchat,False,SDC4,receptor,3,26,0.11475547823202571,0.19394805062709647,-0.7520092567131542,1,0.1966382365216712,0.1560445150517537,0.33168853193850234
THBS4–SDC4,cellchat,False,THBS4,ligand,3,26,0.007146963241474828,0.001487229819489055,1.7117225804478926,3,0.007146963241474828,0.0,3.026262398866676
THBS4–SDC4,cellchat,False,SDC4,receptor,3,26,0.11475547823202571,0.19394805062709647,-0.7520092567131542,1,0.1966382365216712,0.1560445150517537,0.33168853193850234
COMP–SDC4,cellchat,False,COMP,ligand,3,26,0.003086689966024239,0.002668361270133455,0.1557970719876518,3,0.003086689966024239,0.0012167772429979476,0.8824689928419645
COMP–SDC4,cellchat,False,SDC4,receptor,3,26,0.11475547823202571,0.19394805062709647,-0.7520092567131542,1,0.1966382365216712,0.1560445150517537,0.33168853193850234
THBS1–CD36,cellchat,False,THBS1,ligand,3,26,0.21830843275994818,0.2193529940224268,-0.006855212201565545,1,0.21830843275994818,0.046198266097022996,2.2161555210210393
THBS1–CD36,cellchat,False,CD36,receptor,3,26,0.12940364247352013,0.061928929389170495,1.0511888642821285,3,0.08509443067857753,0.02139199903495267,1.9429365849851064
THBS2–CD36,cellchat,False,THBS2,ligand,3,26,0.16441368425194997,0.012502705566666036,3.6147581726083167,3,0.16441368425194997,0.0,7.369934779699832
THBS2–CD36,cellchat,False,CD36,receptor,3,26,0.12940364247352013,0.061928929389170495,1.0511888642821285,3,0.08509443067857753,0.02139199903495267,1.9429365849851064
THBS3–CD36,cellchat,False,THBS3,ligand,3,26,0.0741443891724861,0.021784896639292284,1.7215875600631065,3,0.0741443891724861,0.012511385297336336,2.4754897869412127
THBS3–CD36,cellchat,False,CD36,receptor,3,26,0.12940364247352013,0.061928929389170495,1.0511888642821285,3,0.08509443067857753,0.02139199903495267,1.9429365849851064
THBS4–CD36,cellchat,False,THBS4,ligand,3,26,0.007146963241474828,0.001487229819489055,1.7117225804478926,3,0.007146963241474828,0.0,3.026262398866676
THBS4–CD36,cellchat,False,CD36,receptor,3,26,0.12940364247352013,0.061928929389170495,1.0511888642821285,3,0.08509443067857753,0.02139199903495267,1.9429365849851064
COMP–CD36,cellchat,False,COMP,ligand,3,26,0.003086689966024239,0.002668361270133455,0.1557970719876518,3,0.003086689966024239,0.0012167772429979476,0.8824689928419645
COMP–CD36,cellchat,False,CD36,receptor,3,26,0.12940364247352013,0.061928929389170495,1.0511888642821285,3,0.08509443067857753,0.02139199903495267,1.9429365849851064
THBS2–CD47,cellchat,False,THBS2,ligand,3,26,0.16441368425194997,0.012502705566666036,3.6147581726083167,3,0.16441368425194997,0.0,7.369934779699832
THBS2–CD47,cellchat,False,CD47,receptor,3,26,0.42935504933818935,0.41008619689654086,0.06608646488360573,3,0.41109975671275567,0.39360800535071283,0.06257338782273977
THBS4–CD47,cellchat,False,THBS4,ligand,3,26,0.007146963241474828,0.001487229819489055,1.7117225804478926,3,0.007146963241474828,0.0,3.026262398866676
THBS4–CD47,cellchat,False,CD47,receptor,3,26,0.42935504933818935,0.41008619689654086,0.06608646488360573,3,0.41109975671275567,0.39360800535071283,0.06257338782273977
COMP–CD47,cellchat,False,COMP,ligand,3,26,0.003086689966024239,0.002668361270133455,0.1557970719876518,3,0.003086689966024239,0.0012167772429979476,0.8824689928419645
COMP–CD47,cellchat,False,CD47,receptor,3,26,0.42935504933818935,0.41008619689654086,0.06608646488360573,3,0.41109975671275567,0.39360800535071283,0.06257338782273977
CD34–SELP,cellchat,False,CD34,ligand,3,26,0.22729705147149928,0.053800772740081645,2.0586440850841514,3,0.15687906144917318,0.005796615826475507,4.537859459806382
CD34–SELP,cellchat,False,SELP,receptor,3,26,0.04189578563357667,0.011929292223710804,1.7301926135706434,3,0.04189578563357667,0.0017011616425196849,3.9891840336714552
ENTPD1–ADORA2A,cellchat,False,ENTPD1,ligand,3,26,0.16614713903193715,0.13703754696301196,0.2760579200526299,2,0.1247170809255624,0.13480946421420542,-0.11140334167978744
ENTPD1–ADORA2A,cellchat,False,ADORA2A,receptor,3,26,0.03463117988656535,0.03202803409058279,0.10944915805112462,2,0.0012854774695381056,0.0023992274251219046,-0.5727112917578767
CD6–ALCAM,cellchat,False,CD6,ligand,3,26,0.1337375494235724,0.1878968778550028,-0.4874468913597494,1,0.11639652882467388,0.18215641372656052,-0.6416864703376045
CD6–ALCAM,cellchat,False,ALCAM,receptor,3,26,0.04758600681048546,0.0815721949364003,-0.7651151904629347,1,0.169618289693047,0.09437890587530098,0.8390301686038444
CD86–CTLA4,cellchat,False,CD86,ligand,3,26,0.05936315960498453,0.06325684833051881,-0.09018189803473141,1,0.10033803823980707,0.036037080481967444,1.4521335206975996
CD86–CTLA4,cellchat,False,CTLA4,receptor,3,26,0.01728750289071232,0.09388095069751634,-2.3752603732034143,0,0.01728750289071232,0.07671004026239965,-2.087242916787993
CD99–PILRA,cellchat,False,CD99,ligand,3,26,1.8899228861396908,0.9482922086668638,0.9941663824690404,2,0.8681672801821755,0.536537143963689,0.6932694164922308
CD99–PILRA,cellchat,False,PILRA,receptor,3,26,0.08066873729158218,0.03985871746876882,0.9991400024439671,3,0.08460903459270398,0.020854569458913886,1.969828099929511
CD99–CD99L2,cellchat,False,CD99,ligand,3,26,1.8899228861396908,0.9482922086668638,0.9941663824690404,2,0.8681672801821755,0.536537143963689,0.6932694164922308
CD99–CD99L2,cellchat,False,CD99L2,receptor,3,26,0.06935843312315645,0.04086723017723165,0.7489018780296499,3,0.06617625719172918,0.0322691659220306,1.0137657188296154
CDH5–CDH5,cellchat,False,CDH5,ligand,3,26,0.18893559171646607,0.03908546013145789,2.2443593352634617,3,0.05490636952260264,0.005230352887939512,3.16562687641786
CDH5–CDH5,cellchat,False,CDH5,receptor,3,26,0.18893559171646607,0.03908546013145789,2.2443593352634617,3,0.05490636952260264,0.005230352887939512,3.16562687641786
CD209–CEACAM1,cellchat,False,CD209,ligand,3,26,0.0016008621638839192,0.011570876618802845,-2.2730234094151966,1,0.0015612744678911363,0.00679337997903592,-1.6053872976331047
CD209–CEACAM1,cellchat,False,CEACAM1,receptor,3,26,0.018384424624907497,0.029596693951841876,-0.6584778614268206,0,0.017209084891047794,0.022235125214893015,-0.35164899900827273
CD8A–CEACAM5,cellchat,False,CD8A,ligand,3,26,0.22244530458628678,0.35275210316662897,-0.6628169965587163,1,0.22244530458628678,0.41330359114148985,-0.8907665968220849
CD8A–CEACAM5,cellchat,False,CEACAM5,receptor,3,26,0.002437922328330249,0.06730358775856313,-4.31235250440412,0,0.04550244474051948,0.04210930481786155,0.10930726625836107
CEACAM1–CEACAM5,cellchat,False,CEACAM1,ligand,3,26,0.018384424624907497,0.029596693951841876,-0.6584778614268206,0,0.017209084891047794,0.022235125214893015,-0.35164899900827273
CEACAM1–CEACAM5,cellchat,False,CEACAM5,receptor,3,26,0.002437922328330249,0.06730358775856313,-4.31235250440412,0,0.04550244474051948,0.04210930481786155,0.10930726625836107
CLDN11–CLDN11,cellchat,False,CLDN11,ligand,3,26,0.03165165874865724,0.004029774656410792,2.698590613427336,3,0.03165165874865724,0.004370984747095276,2.603897754959103
CLDN11–CLDN11,cellchat,False,CLDN11,receptor,3,26,0.03165165874865724,0.004029774656410792,2.698590613427336,3,0.03165165874865724,0.004370984747095276,2.603897754959103
CLEC2D–KLRB1,cellchat,False,CLEC2D,ligand,3,26,0.14091827445663388,0.18821727143439293,-0.41498340792001803,1,0.14091827445663388,0.3142447201144077,-1.1514118341895783
CLEC2D–KLRB1,cellchat,False,KLRB1,receptor,3,26,0.24695459773604098,0.3031223412834805,-0.29457582581117825,1,0.20825526411190845,0.3645493677440977,-0.8048023402276159
CLEC2B–KLRB1,cellchat,False,CLEC2B,ligand,3,26,0.6384269904404647,0.560394416724641,0.18776492628861885,2,0.4985926007793729,0.4856001452181204,0.03801535923051683
CLEC2B–KLRB1,cellchat,False,KLRB1,receptor,3,26,0.24695459773604098,0.3031223412834805,-0.29457582581117825,1,0.20825526411190845,0.3645493677440977,-0.8048023402276159
DSC2–DSG2,cellchat,False,DSC2,ligand,3,26,0.05962815226058317,0.07441326383215965,-0.31483043515140907,1,0.34251975103993787,0.07570282144512436,2.1630414986692332
DSC2–DSG2,cellchat,False,DSG2,receptor,3,26,0.08151297299819213,0.08010175879201858,0.024887761691794564,2,0.33536133775259436,0.07882216741008806,2.0751505300305975
EFNA1–EPHA1,cellchat,False,EFNA1,ligand,3,26,0.17598059059915408,0.10028606251692523,0.8051554835720187,3,0.14898289440051055,0.04709944212448235,1.6407059039669245
EFNA1–EPHA1,cellchat,False,EPHA1,receptor,3,26,0.027846696942913363,0.024824079566562407,0.1596892054074629,2,0.027846696942913363,0.04072565369290764,-0.5325285174462188
EFNA1–EPHA2,cellchat,False,EFNA1,ligand,3,26,0.17598059059915408,0.10028606251692523,0.8051554835720187,3,0.14898289440051055,0.04709944212448235,1.6407059039669245
EFNA1–EPHA2,cellchat,False,EPHA2,receptor,3,26,0.057357866584027854,0.09284295945847461,-0.685321368389508,0,0.05497873941364579,0.040252668531176095,0.4403915525142586
EFNA1–EPHA3,cellchat,False,EFNA1,ligand,3,26,0.17598059059915408,0.10028606251692523,0.8051554835720187,3,0.14898289440051055,0.04709944212448235,1.6407059039669245
EFNA1–EPHA3,cellchat,False,EPHA3,receptor,3,26,0.013328543461966947,0.00816347638722642,0.644925034246399,3,0.010496946371035045,0.004433313885413441,1.0813464274408167
EFNA2–EPHA1,cellchat,False,EFNA2,ligand,3,26,0.0005822750821872363,0.0003308006513383944,0.24970596005266807,2,0.0,0.0003948592765809526,-0.48011957996158894
EFNA2–EPHA1,cellchat,False,EPHA1,receptor,3,26,0.027846696942913363,0.024824079566562407,0.1596892054074629,2,0.027846696942913363,0.04072565369290764,-0.5325285174462188
EFNA2–EPHA2,cellchat,False,EFNA2,ligand,3,26,0.0005822750821872363,0.0003308006513383944,0.24970596005266807,2,0.0,0.0003948592765809526,-0.48011957996158894
EFNA2–EPHA2,cellchat,False,EPHA2,receptor,3,26,0.057357866584027854,0.09284295945847461,-0.685321368389508,0,0.05497873941364579,0.040252668531176095,0.4403915525142586
EFNA4–EPHA1,cellchat,False,EFNA4,ligand,3,26,0.04034958554316404,0.023570472001921985,0.7509472966665589,3,0.056582782756807254,0.0258142225850459,1.1026390841105334
EFNA4–EPHA1,cellchat,False,EPHA1,receptor,3,26,0.027846696942913363,0.024824079566562407,0.1596892054074629,2,0.027846696942913363,0.04072565369290764,-0.5325285174462188
EFNA4–EPHA2,cellchat,False,EFNA4,ligand,3,26,0.04034958554316404,0.023570472001921985,0.7509472966665589,3,0.056582782756807254,0.0258142225850459,1.1026390841105334
EFNA4–EPHA2,cellchat,False,EPHA2,receptor,3,26,0.057357866584027854,0.09284295945847461,-0.685321368389508,0,0.05497873941364579,0.040252668531176095,0.4403915525142586
EFNA4–EPHA3,cellchat,False,EFNA4,ligand,3,26,0.04034958554316404,0.023570472001921985,0.7509472966665589,3,0.056582782756807254,0.0258142225850459,1.1026390841105334
EFNA4–EPHA3,cellchat,False,EPHA3,receptor,3,26,0.013328543461966947,0.00816347638722642,0.644925034246399,3,0.010496946371035045,0.004433313885413441,1.0813464274408167
EFNA5–EPHA1,cellchat,False,EFNA5,ligand,3,26,0.02254081775422012,0.008056308679233185,1.3781693995993634,3,0.13894887577191473,0.016754335615170073,2.9786566181909055
EFNA5–EPHA1,cellchat,False,EPHA1,receptor,3,26,0.027846696942913363,0.024824079566562407,0.1596892054074629,2,0.027846696942913363,0.04072565369290764,-0.5325285174462188
EFNA5–EPHA2,cellchat,False,EFNA5,ligand,3,26,0.02254081775422012,0.008056308679233185,1.3781693995993634,3,0.13894887577191473,0.016754335615170073,2.9786566181909055
EFNA5–EPHA2,cellchat,False,EPHA2,receptor,3,26,0.057357866584027854,0.09284295945847461,-0.685321368389508,0,0.05497873941364579,0.040252668531176095,0.4403915525142586
EFNA5–EPHA3,cellchat,False,EFNA5,ligand,3,26,0.02254081775422012,0.008056308679233185,1.3781693995993634,3,0.13894887577191473,0.016754335615170073,2.9786566181909055
EFNA5–EPHA3,cellchat,False,EPHA3,receptor,3,26,0.013328543461966947,0.00816347638722642,0.644925034246399,3,0.010496946371035045,0.004433313885413441,1.0813464274408167
EFNA5–EPHB2,cellchat,False,EFNA5,ligand,3,26,0.02254081775422012,0.008056308679233185,1.3781693995993634,3,0.13894887577191473,0.016754335615170073,2.9786566181909055
EFNA5–EPHB2,cellchat,False,EPHB2,receptor,3,26,0.03463660383192991,0.013491605026811907,1.2981424642454615,3,0.08490691010781756,0.0020111880499840097,4.834369469409967
EFNB1–EPHB3,cellchat,False,EFNB1,ligand,3,26,0.09439431366172717,0.061131438016085976,0.6185798260381723,3,0.07877970988991788,0.03543856263935592,1.130555825722071
EFNB1–EPHB3,cellchat,False,EPHB3,receptor,3,26,0.0292909279123002,0.02619644574721084,0.15546765270861937,2,0.07398571406610813,0.0060634451993294355,3.4081718305697914
EFNB1–EPHB4,cellchat,False,EFNB1,ligand,3,26,0.09439431366172717,0.061131438016085976,0.6185798260381723,3,0.07877970988991788,0.03543856263935592,1.130555825722071
EFNB1–EPHB4,cellchat,False,EPHB4,receptor,3,26,0.0937905201082958,0.02954878461377707,1.6336278006236833,3,0.05327889946025744,0.012200957691336764,2.0397488727425723
EFNB2–EPHB3,cellchat,False,EFNB2,ligand,3,26,0.14506492378918825,0.116643549283032,0.3121875533447833,2,0.2223776743302521,0.17900831591174723,0.3114214448368791
EFNB2–EPHB3,cellchat,False,EPHB3,receptor,3,26,0.0292909279123002,0.02619644574721084,0.15546765270861937,2,0.07398571406610813,0.0060634451993294355,3.4081718305697914
EFNB2–EPHB4,cellchat,False,EFNB2,ligand,3,26,0.14506492378918825,0.116643549283032,0.3121875533447833,2,0.2223776743302521,0.17900831591174723,0.3114214448368791
EFNB2–EPHB4,cellchat,False,EPHB4,receptor,3,26,0.0937905201082958,0.02954878461377707,1.6336278006236833,3,0.05327889946025744,0.012200957691336764,2.0397488727425723
ESAM–ESAM,cellchat,False,ESAM,ligand,3,26,0.318102969357855,0.08495221406457432,1.8924153253935874,3,0.10392586366232927,0.015433031006427787,2.6746998290991217
ESAM–ESAM,cellchat,False,ESAM,receptor,3,26,0.318102969357855,0.08495221406457432,1.8924153253935874,3,0.10392586366232927,0.015433031006427787,2.6746998290991217
ICOSLG–CTLA4,cellchat,False,ICOSLG,ligand,3,26,0.014852740705181501,0.023951499093152327,-0.6543942130608165,1,0.05654101015358432,0.029910238937698657,0.8965057419969399
ICOSLG–CTLA4,cellchat,False,CTLA4,receptor,3,26,0.01728750289071232,0.09388095069751634,-2.3752603732034143,0,0.01728750289071232,0.07671004026239965,-2.087242916787993
ITGB2–ICAM2,cellchat,False,ITGB2,ligand,3,26,0.4833553447122203,0.30318259481965604,0.6711282563423316,3,0.4833553447122203,0.2486079383720719,0.9564020439717987
ITGB2–ICAM2,cellchat,False,ICAM2,receptor,3,26,0.2791408165356375,0.20551673502179635,0.43989350474811256,2,0.1623780872086313,0.19652152957893826,-0.2737954160763665
JAM2–JAM3,cellchat,False,JAM2,ligand,3,26,0.07617475137517603,0.02924460548196097,1.3514510881442525,3,0.0669676671678778,0.003488396431995148,3.9205765955919385
JAM2–JAM3,cellchat,False,JAM3,receptor,3,26,0.07553127984602954,0.031036353862140938,1.2563395659604404,3,0.05716901235874471,0.018828068461446155,1.5527066639119844
F11R–F11R,cellchat,False,F11R,ligand,3,26,0.12349781279706644,0.10141186110919145,0.2817375822775366,2,0.09946459563178081,0.057382221921580365,0.7830861526199767
F11R–F11R,cellchat,False,F11R,receptor,3,26,0.12349781279706644,0.10141186110919145,0.2817375822775366,2,0.09946459563178081,0.057382221921580365,0.7830861526199767
F11R–JAM2,cellchat,False,F11R,ligand,3,26,0.12349781279706644,0.10141186110919145,0.2817375822775366,2,0.09946459563178081,0.057382221921580365,0.7830861526199767
F11R–JAM2,cellchat,False,JAM2,receptor,3,26,0.07617475137517603,0.02924460548196097,1.3514510881442525,3,0.0669676671678778,0.003488396431995148,3.9205765955919385
F11R–JAM3,cellchat,False,F11R,ligand,3,26,0.12349781279706644,0.10141186110919145,0.2817375822775366,2,0.09946459563178081,0.057382221921580365,0.7830861526199767
F11R–JAM3,cellchat,False,JAM3,receptor,3,26,0.07553127984602954,0.031036353862140938,1.2563395659604404,3,0.05716901235874471,0.018828068461446155,1.5527066639119844
JAM2–F11R,cellchat,False,JAM2,ligand,3,26,0.07617475137517603,0.02924460548196097,1.3514510881442525,3,0.0669676671678778,0.003488396431995148,3.9205765955919385
JAM2–F11R,cellchat,False,F11R,receptor,3,26,0.12349781279706644,0.10141186110919145,0.2817375822775366,2,0.09946459563178081,0.057382221921580365,0.7830861526199767
JAM2–JAM2,cellchat,False,JAM2,ligand,3,26,0.07617475137517603,0.02924460548196097,1.3514510881442525,3,0.0669676671678778,0.003488396431995148,3.9205765955919385
JAM2–JAM2,cellchat,False,JAM2,receptor,3,26,0.07617475137517603,0.02924460548196097,1.3514510881442525,3,0.0669676671678778,0.003488396431995148,3.9205765955919385
JAM3–JAM2,cellchat,False,JAM3,ligand,3,26,0.07553127984602954,0.031036353862140938,1.2563395659604404,3,0.05716901235874471,0.018828068461446155,1.5527066639119844
JAM3–JAM2,cellchat,False,JAM2,receptor,3,26,0.07617475137517603,0.02924460548196097,1.3514510881442525,3,0.0669676671678778,0.003488396431995148,3.9205765955919385
JAM3–JAM3,cellchat,False,JAM3,ligand,3,26,0.07553127984602954,0.031036353862140938,1.2563395659604404,3,0.05716901235874471,0.018828068461446155,1.5527066639119844
JAM3–JAM3,cellchat,False,JAM3,receptor,3,26,0.07553127984602954,0.031036353862140938,1.2563395659604404,3,0.05716901235874471,0.018828068461446155,1.5527066639119844
HLA-A–CD8B,cellchat,False,HLA-A,ligand,3,26,2.3571449956689663,2.541342287251343,-0.10850585181315629,1,2.2835115904369694,2.3884156543331083,-0.06477207971671728
HLA-A–CD8B,cellchat,False,CD8B,receptor,3,26,0.1233104699135659,0.18671585611480504,-0.5946027069721742,1,0.1233104699135659,0.23724361794895168,-0.9384897569311773
HLA-B–CD8B,cellchat,False,HLA-B,ligand,3,26,2.543433676701545,2.8129342028737954,-0.1452440085281418,1,2.2674317332414753,2.5056373187013246,-0.14405802654761943
HLA-B–CD8B,cellchat,False,CD8B,receptor,3,26,0.1233104699135659,0.18671585611480504,-0.5946027069721742,1,0.1233104699135659,0.23724361794895168,-0.9384897569311773
HLA-C–CD8B,cellchat,False,HLA-C,ligand,3,26,2.228267473604016,2.500101547353329,-0.16599390816724913,1,2.1715754818063986,2.443389860203447,-0.1700681000999715
HLA-C–CD8B,cellchat,False,CD8B,receptor,3,26,0.1233104699135659,0.18671585611480504,-0.5946027069721742,1,0.1233104699135659,0.23724361794895168,-0.9384897569311773
HLA-F–CD8B,cellchat,False,HLA-F,ligand,3,26,0.6049813302561294,0.4691536412725805,0.366141054807048,3,0.6049813302561294,0.8696839061125547,-0.5228757103005015
HLA-F–CD8B,cellchat,False,CD8B,receptor,3,26,0.1233104699135659,0.18671585611480504,-0.5946027069721742,1,0.1233104699135659,0.23724361794895168,-0.9384897569311773
NECTIN3–NECTIN1,cellchat,False,NECTIN3,ligand,3,26,0.01902659250826982,0.029196487754711013,-0.5924637852158645,1,0.09118821064903815,0.0620041703394028,0.5491349396646911
NECTIN3–NECTIN1,cellchat,False,NECTIN1,receptor,3,26,0.027484887649884614,0.019851790036355094,0.45002547779989605,2,0.030837078111253215,0.015761673372077564,0.9255417516258184
NECTIN3–PVR,cellchat,False,NECTIN3,ligand,3,26,0.01902659250826982,0.029196487754711013,-0.5924637852158645,1,0.09118821064903815,0.0620041703394028,0.5491349396646911
NECTIN3–PVR,cellchat,False,PVR,receptor,3,26,0.051724189274788064,0.03391817912783513,0.594486677305168,3,0.051724189274788064,0.018934126486685052,1.403224618437222
NECTIN3–TIGIT,cellchat,False,NECTIN3,ligand,3,26,0.01902659250826982,0.029196487754711013,-0.5924637852158645,1,0.09118821064903815,0.0620041703394028,0.5491349396646911
NECTIN3–TIGIT,cellchat,False,TIGIT,receptor,3,26,0.06695027123445285,0.159263121201976,-1.2378912643992803,0,0.0650419987910447,0.2208041128091162,-1.747830427117494
NECTIN2–TIGIT,cellchat,False,NECTIN2,ligand,3,26,0.3352572804982189,0.22456678654041154,0.5760108500978427,3,0.3352572804982189,0.05662994784741543,2.544674885358979
NECTIN2–TIGIT,cellchat,False,TIGIT,receptor,3,26,0.06695027123445285,0.159263121201976,-1.2378912643992803,0,0.0650419987910447,0.2208041128091162,-1.747830427117494
NECTIN1–NECTIN3,cellchat,False,NECTIN1,ligand,3,26,0.027484887649884614,0.019851790036355094,0.45002547779989605,2,0.030837078111253215,0.015761673372077564,0.9255417516258184
NECTIN1–NECTIN3,cellchat,False,NECTIN3,receptor,3,26,0.01902659250826982,0.029196487754711013,-0.5924637852158645,1,0.09118821064903815,0.0620041703394028,0.5491349396646911
NEGR1–NEGR1,cellchat,False,NEGR1,ligand,3,26,0.031245632204256916,0.01485188074916724,1.02444973581472,2,0.031245632204256916,0.0,5.0110318500274955
NEGR1–NEGR1,cellchat,False,NEGR1,receptor,3,26,0.031245632204256916,0.01485188074916724,1.02444973581472,2,0.031245632204256916,0.0,5.0110318500274955
DLL1–NOTCH4,cellchat,False,DLL1,ligand,3,26,0.024155775773396008,0.034918259512221286,-0.5138277619704343,1,0.016040536395403093,0.011495830364243531,0.44752397529483523
DLL1–NOTCH4,cellchat,False,NOTCH4,receptor,3,26,0.11487381634949169,0.03116521305977099,1.8489814516786187,3,0.04132981903166752,0.009880489868435732,1.9599308088658653
DLL4–NOTCH2,cellchat,False,DLL4,ligand,3,26,0.06616227322785563,0.0375930374825107,0.7993104653930732,2,0.01881140524170095,0.018992076608502256,-0.013097119293512852
DLL4–NOTCH2,cellchat,False,NOTCH2,receptor,3,26,0.16791327287648866,0.07810707971173195,1.0944039767518285,3,0.16791327287648866,0.0458555250093483,1.8499916171155664
DLL4–NOTCH3,cellchat,False,DLL4,ligand,3,26,0.06616227322785563,0.0375930374825107,0.7993104653930732,2,0.01881140524170095,0.018992076608502256,-0.013097119293512852
DLL4–NOTCH3,cellchat,False,NOTCH3,receptor,3,26,0.09920276314376501,0.03925121302179757,1.3158181256985935,3,0.07186766740423467,0.010763084903484023,2.6310123479550485
DLL4–NOTCH4,cellchat,False,DLL4,ligand,3,26,0.06616227322785563,0.0375930374825107,0.7993104653930732,2,0.01881140524170095,0.018992076608502256,-0.013097119293512852
DLL4–NOTCH4,cellchat,False,NOTCH4,receptor,3,26,0.11487381634949169,0.03116521305977099,1.8489814516786187,3,0.04132981903166752,0.009880489868435732,1.9599308088658653
JAG1–NOTCH4,cellchat,False,JAG1,ligand,3,26,0.183763341813945,0.11258196433575288,0.7019447778710312,2,0.183763341813945,0.10425529655785674,0.8117857124971416
JAG1–NOTCH4,cellchat,False,NOTCH4,receptor,3,26,0.11487381634949169,0.03116521305977099,1.8489814516786187,3,0.04132981903166752,0.009880489868435732,1.9599308088658653
JAG2–NOTCH2,cellchat,False,JAG2,ligand,3,26,0.0577830288172299,0.02415114071560011,1.224775862175215,3,0.04171245029204704,0.009871080859744048,1.9741612758873164
JAG2–NOTCH2,cellchat,False,NOTCH2,receptor,3,26,0.16791327287648866,0.07810707971173195,1.0944039767518285,3,0.16791327287648866,0.0458555250093483,1.8499916171155664
JAG2–NOTCH4,cellchat,False,JAG2,ligand,3,26,0.0577830288172299,0.02415114071560011,1.224775862175215,3,0.04171245029204704,0.009871080859744048,1.9741612758873164
JAG2–NOTCH4,cellchat,False,NOTCH4,receptor,3,26,0.11487381634949169,0.03116521305977099,1.8489814516786187,3,0.04132981903166752,0.009880489868435732,1.9599308088658653
DLL1–NOTCH2,cellchat,False,DLL1,ligand,3,26,0.024155775773396008,0.034918259512221286,-0.5138277619704343,1,0.016040536395403093,0.011495830364243531,0.44752397529483523
DLL1–NOTCH2,cellchat,False,NOTCH2,receptor,3,26,0.16791327287648866,0.07810707971173195,1.0944039767518285,3,0.16791327287648866,0.0458555250093483,1.8499916171155664
OCLN–OCLN,cellchat,False,OCLN,ligand,3,26,0.012241723370346383,0.052243071858298004,-2.007502913150073,0,0.040618347524694745,0.06277989529921649,-0.6158820459189991
OCLN–OCLN,cellchat,False,OCLN,receptor,3,26,0.012241723370346383,0.052243071858298004,-2.007502913150073,0,0.040618347524694745,0.06277989529921649,-0.6158820459189991
PTPRM–PTPRM,cellchat,False,PTPRM,ligand,3,26,0.1338099341095014,0.04137838715347446,1.6695262248211669,3,0.04632612487586408,0.01818737896059884,1.302479147597817
PTPRM–PTPRM,cellchat,False,PTPRM,receptor,3,26,0.1338099341095014,0.04137838715347446,1.6695262248211669,3,0.04632612487586408,0.01818737896059884,1.302479147597817
PVR–TIGIT,cellchat,False,PVR,ligand,3,26,0.051724189274788064,0.03391817912783513,0.594486677305168,3,0.051724189274788064,0.018934126486685052,1.403224618437222
PVR–TIGIT,cellchat,False,TIGIT,receptor,3,26,0.06695027123445285,0.159263121201976,-1.2378912643992803,0,0.0650419987910447,0.2208041128091162,-1.747830427117494
SELL–CD34,cellchat,False,SELL,ligand,3,26,0.10203237006110065,0.0986872564459207,0.04761667134986095,2,0.10203237006110065,0.10735900860615993,-0.07272143380050863
SELL–CD34,cellchat,False,CD34,receptor,3,26,0.22729705147149928,0.053800772740081645,2.0586440850841514,3,0.15687906144917318,0.005796615826475507,4.537859459806382
SELPLG–SELL,cellchat,False,SELPLG,ligand,3,26,0.1483103107365597,0.14319324858991317,0.05031017895599233,2,0.12712405542533203,0.0988313679973816,0.3599762677387216
SELPLG–SELL,cellchat,False,SELL,receptor,3,26,0.10203237006110065,0.0986872564459207,0.04761667134986095,2,0.10203237006110065,0.10735900860615993,-0.07272143380050863
SELPLG–SELP,cellchat,False,SELPLG,ligand,3,26,0.1483103107365597,0.14319324858991317,0.05031017895599233,2,0.12712405542533203,0.0988313679973816,0.3599762677387216
SELPLG–SELP,cellchat,False,SELP,receptor,3,26,0.04189578563357667,0.011929292223710804,1.7301926135706434,3,0.04189578563357667,0.0017011616425196849,3.9891840336714552
SEMA4G–PLXNB2,cellchat,False,SEMA4G,ligand,3,26,0.0075186029406041355,0.017585692211801444,-1.1255036698872671,0,0.009595545544367255,0.016291009391413796,-0.7065642199297839
SEMA4G–PLXNB2,cellchat,False,PLXNB2,receptor,3,26,0.22537614367095604,0.16078327015189253,0.48465950199584734,2,0.2308093988699027,0.09319233993093712,1.299257418152406
SEMA4D–CD72,cellchat,False,SEMA4D,ligand,3,26,0.16476747325703175,0.18356785015983684,-0.1549903217888747,1,0.16476747325703175,0.24838024497999925,-0.58918623420777
SEMA4D–CD72,cellchat,False,CD72,receptor,3,26,0.0482614312401994,0.04331533850279472,0.1526524111065566,3,0.0482614312401994,0.034029628343791536,0.49188286290343974
SEMA5A–PLXNA1,cellchat,False,SEMA5A,ligand,3,26,0.08074519675292682,0.021138120466171573,1.8846012200901274,3,0.08074519675292682,0.006907233456229812,3.369889037037657
SEMA5A–PLXNA1,cellchat,False,PLXNA1,receptor,3,26,0.043416476835682484,0.025798598345169482,0.7289374162880133,3,0.05012537206464878,0.020236394843271863,1.2675005667871146
SEMA5A–PLXNA3,cellchat,False,SEMA5A,ligand,3,26,0.08074519675292682,0.021138120466171573,1.8846012200901274,3,0.08074519675292682,0.006907233456229812,3.369889037037657
SEMA5A–PLXNA3,cellchat,False,PLXNA3,receptor,3,26,0.05014441244852882,0.05588291836980305,-0.1534188506561464,1,0.06699741981322663,0.09129926643543455,-0.4408391780307586
SEMA6B–PLXNA2,cellchat,False,SEMA6B,ligand,3,26,0.07293674377120037,0.03963943096807464,0.8634113058843885,3,0.07293674377120037,0.008566880039020865,2.950171094266947
SEMA6B–PLXNA2,cellchat,False,PLXNA2,receptor,3,26,0.06615991416874376,0.056307097889098955,0.22888654846659984,2,0.06615991416874376,0.05472976544525435,0.2691523050610274
SEMA7A–PLXNC1,cellchat,False,SEMA7A,ligand,3,26,0.02459551754083893,0.0433358667853319,-0.7925831032270327,0,0.00942777583404372,0.038510061073034035,-1.921788601680236
SEMA7A–PLXNC1,cellchat,False,PLXNC1,receptor,3,26,0.042341909985970184,0.04659266876017967,-0.1349766245894106,1,0.09622698208719124,0.07522803039275394,0.3510351412854758
SIGLEC1–SPN,cellchat,False,SIGLEC1,ligand,3,26,0.03416484429677225,0.009606969806826744,1.729121262537179,3,0.03416484429677225,0.001669173662724962,3.719668750557912
SIGLEC1–SPN,cellchat,False,SPN,receptor,3,26,0.1202268149251597,0.11810211100027129,0.025509868768811575,2,0.1202268149251597,0.16044027621889578,-0.4132916950201023
TIGIT–PVR,cellchat,False,TIGIT,ligand,3,26,0.06695027123445285,0.159263121201976,-1.2378912643992803,0,0.0650419987910447,0.2208041128091162,-1.747830427117494
TIGIT–PVR,cellchat,False,PVR,receptor,3,26,0.051724189274788064,0.03391817912783513,0.594486677305168,3,0.051724189274788064,0.018934126486685052,1.403224618437222
